<?xml version="1.0"?>
<COLLADA xmlns="http://www.collada.org/2005/11/COLLADASchema" version="1.4.1">
	<asset>
		<contributor>
			<author>Assimp</author>
			<authoring_tool>Assimp Exporter</authoring_tool>
		</contributor>
		<created>2022-04-07T14:18:16</created>
		<modified>2022-04-07T14:18:16</modified>
		<unit name="meter" meter="1.000000" />
		<up_axis>Y_UP</up_axis>
	</asset>
	<library_effects>
		<effect id="Banjo_Mat1-fx" name="Banjo_Mat1">
			<profile_COMMON>
				<technique sid="standard">
					<phong>
						<diffuse>
							<color sid="diffuse">0.500000   0.500000   0.500000   1.000000</color>
						</diffuse>
					</phong>
				</technique>
			</profile_COMMON>
		</effect>
	</library_effects>
	<library_materials>
		<material id="Banjo_Mat1" name="Banjo_Mat1">
			<instance_effect url="#Banjo_Mat1-fx"/>
		</material>
	</library_materials>
	<library_geometries>
		<geometry id="meshId0" name="meshId0_name" >
			<mesh>
				<source id="meshId0-positions" name="meshId0-positions">
					<float_array id="meshId0-positions-array" count="7767"> 
						-70.277878 -59.712044 115.181839 -70.150604 -60.163849 115.795448 -69.128448 -53.183258 120.723389 -69.255722 -52.731445 120.109795 -69.255722 -52.731445 120.109795 -69.128448 -53.183258 120.723389 -68.371994 -53.183258 120.566483 -68.499268 -52.731445 119.952881 -69.521423 -59.712044 115.024933 -69.394150 -60.163849 115.638542 -70.150604 -60.163849 115.795448 -70.277878 -59.712044 115.181839 -69.394150 -60.163849 115.638542 -68.371994 -53.183258 120.566483 -69.521423 -59.712044 115.024933 -68.499268 -52.731445 119.952881 -72.953949 -42.251404 106.578423 -72.728088 -42.464329 106.374802 -72.604378 -42.903496 106.971230 -72.830231 -42.690567 107.174858 -72.740158 -42.097893 106.316620 -72.864754 -41.642281 107.008438 -72.650963 -41.488766 106.746635 -72.529953 -42.844086 107.330032 -72.440765 -42.234955 107.760040 -72.741043 -42.081444 107.604858 -72.576538 -41.429356 107.105438 -72.452827 -41.868523 107.701866 -70.613014 -39.884113 108.272820 -70.553268 -40.182644 108.569824 -70.702110 -40.163933 108.851242 -70.626900 -39.879398 108.298218 -70.544174 -40.146832 107.985260 -70.150101 -39.419456 107.518608 -70.197449 -39.797726 107.421555 -70.446236 -40.373604 108.256775 -69.772964 -40.647110 108.501511 -69.769989 -40.499096 108.855621 -69.384293 -40.380531 108.721153 -69.386551 -40.378574 108.746277 -69.833534 -40.515213 109.171310 -69.424370 -40.599327 108.396698 -69.078018 -40.252762 107.831200 -68.921371 -39.915874 107.966934 -69.779846 -39.406319 107.309708 -70.144112 -39.395931 107.511467 -69.678246 -39.130371 107.177437 -69.853645 -39.782623 107.293678 -68.996559 -39.722771 107.595505 -69.179955 -40.053307 107.540405 -68.921371 -39.915874 107.966934 -68.810036 -39.484100 107.495781 -68.903526 -39.893467 107.960686 -70.884468 -39.807343 108.889610 -70.778961 -40.009014 109.178360 -70.699135 -37.982986 110.870316 -70.858139 -37.747906 110.565063 -69.907051 -38.826256 107.297134 -69.881821 -40.371468 109.505707 -69.536308 -40.352013 109.381523 -69.210098 -38.413727 111.166382 -69.639755 -38.427734 111.242088 -68.903526 -39.893467 107.960686 -68.558891 -39.370926 107.789040 
						-68.558891 -39.370926 107.789040 -68.660995 -39.146065 107.516655 -68.146118 -36.928493 108.808548 -67.959717 -37.158653 109.129189 -69.558136 -38.783607 107.189316 -69.607758 -36.492832 108.527863 -69.182625 -36.509731 108.430359 -70.565025 -37.668793 110.850647 -69.274849 -36.373779 108.748611 -70.699135 -37.982986 110.870316 -69.639755 -38.427734 111.242088 -69.480644 -38.106892 111.246307 -69.210098 -38.413727 111.166382 -67.959717 -37.158653 109.129189 -68.224731 -36.812572 109.152359 -68.146118 -36.928493 108.808548 -69.182625 -36.509731 108.430359 -67.959717 -37.158653 109.129189 -69.078018 -40.252762 107.831200 -71.014435 -41.489758 106.406456 -71.102699 -42.097790 105.977058 -72.740158 -42.097893 106.316620 -72.650963 -41.488766 106.746635 -72.576538 -41.429356 107.105438 -70.948853 -41.426723 106.764091 -72.452827 -41.868523 107.701866 -70.824684 -41.870529 107.367004 -72.440765 -42.234955 107.760040 -70.803337 -42.235062 107.420334 -72.529953 -42.844086 107.330032 -70.893135 -42.843094 106.991249 -72.529953 -42.844086 107.330032 -70.975212 -42.906128 106.637032 -70.893135 -42.843094 106.991249 -71.101082 -42.462318 106.034477 -69.366386 -41.312210 106.650398 -70.036537 -41.042587 106.405190 -69.262688 -41.515591 106.939041 -69.609406 -41.862793 107.504822 -69.262688 -41.515591 106.939041 -69.958878 -41.905846 107.611923 -70.628716 -41.634109 107.368210 -70.729408 -41.410236 107.094025 -70.382423 -41.061131 106.529587 -66.938927 -60.412582 128.535492 -66.713066 -60.625504 128.331863 -66.589355 -61.064671 128.928284 -66.815216 -60.851749 129.131927 -66.725136 -60.259064 128.273682 -66.849731 -59.803455 128.965500 -66.635941 -59.649944 128.703690 -66.514931 -61.005257 129.287094 -66.425743 -60.396137 129.717102 -66.726021 -60.242619 129.561951 -66.561516 -59.590530 129.062500 -66.437805 -60.029694 129.658936 -63.426788 -56.418961 130.204391 -63.846947 -56.394283 130.143097 -63.982796 -56.118645 130.057861 -63.436886 -56.392227 130.197815 -63.427006 -56.800217 130.099060 -62.736202 -56.900448 130.743179 -62.909851 -57.159393 130.503311 -63.792824 -56.770317 130.103180 
						-64.339851 -57.026012 130.575806 -64.482918 -56.690033 130.693939 -64.424423 -56.882889 131.068481 -64.439590 -56.862732 131.070511 -64.690422 -56.444511 130.668884 -64.338203 -57.221012 130.886871 -63.821423 -57.582722 131.289307 -63.733841 -57.364376 131.607285 -62.693146 -57.198730 131.043304 -62.717312 -56.895119 130.759155 -62.447601 -57.184422 131.251785 -62.912994 -57.387062 130.791290 -63.329117 -57.494480 131.594147 -63.459606 -57.639938 131.265915 -63.733841 -57.364376 131.607285 -63.155582 -57.512741 131.861069 -63.719769 -57.363983 131.633011 -63.716553 -55.817986 130.082428 -64.079506 -55.764954 130.107544 -63.897903 -53.459419 131.382462 -63.485664 -53.483566 131.325928 -62.258427 -56.834606 131.220062 -64.807922 -56.103691 130.738464 -64.811165 -56.327011 131.030518 -64.823753 -54.105820 132.484909 -64.759209 -53.879318 132.117416 -63.719769 -57.363983 131.633011 -63.353039 -57.343632 132.168152 -63.353039 -57.343632 132.168152 -62.986687 -57.373482 132.159409 -62.530983 -55.432861 133.855881 -62.958424 -55.406349 133.940262 -62.258266 -57.034744 131.528488 -61.620335 -54.784096 132.781265 -61.689411 -55.041504 133.126953 -63.712994 -53.356331 131.651291 -61.788300 -54.698257 133.152954 -63.897903 -53.459419 131.382462 -64.759209 -53.879318 132.117416 -64.593430 -53.765762 132.413895 -64.823753 -54.105820 132.484909 -62.958424 -55.406349 133.940262 -62.664711 -55.087914 133.886688 -62.530983 -55.432861 133.855881 -61.689411 -55.041504 133.126953 -62.958424 -55.406349 133.940262 -63.821423 -57.582722 131.289307 -64.999413 -59.650932 128.363525 -65.087685 -60.258965 127.934128 -66.725136 -60.259064 128.273682 -66.635941 -59.649944 128.703690 -66.561516 -59.590530 129.062500 -64.933830 -59.587898 128.721161 -66.437805 -60.029694 129.658936 -64.809662 -60.031708 129.324066 -66.425743 -60.396137 129.717102 -64.788322 -60.396236 129.377411 -66.514931 -61.005257 129.287094 -64.878120 -61.004269 128.948318 -66.514931 -61.005257 129.287094 -64.960190 -61.067299 128.594101 -64.878120 -61.004269 128.948318 -65.086060 -60.623493 127.991547 -63.642456 -58.898895 130.375244 
						-63.098621 -58.646988 129.903320 -64.005959 -58.846130 130.397949 -64.523254 -58.484417 129.994919 -64.005959 -58.846130 130.397949 -64.523026 -58.284794 129.685715 -63.978886 -58.030766 129.215286 -63.612381 -58.063042 129.207047 -63.094807 -58.422855 129.611420 -90.332703 5.313978 19.032124 -90.281982 4.927759 19.276585 -82.082581 4.927759 17.575871 -82.133270 5.313978 17.331409 -90.572815 5.058073 19.110203 -90.461868 5.450571 18.409336 -90.734085 5.228586 18.332722 -90.281982 4.927759 19.276585 -90.607452 4.264040 18.943226 -90.309723 4.291719 19.142857 -90.540314 5.200891 18.031162 -82.262451 5.450571 16.708622 -82.340897 5.200891 16.330448 -90.540314 5.200891 18.031162 -90.568054 4.564871 17.897465 -90.768707 4.434565 18.165760 -90.309723 4.291719 19.142857 -90.388184 4.042070 18.764652 -82.188751 4.042070 17.063923 -82.110321 4.291719 17.442127 -90.388184 4.042070 18.764652 -90.517349 4.178659 18.141895 -90.517349 4.178659 18.141895 -90.568054 4.564871 17.897465 -82.368622 4.564871 16.196751 -82.317932 4.178659 16.441166 -90.309723 4.291719 19.142857 -82.110321 4.291719 17.442127 -90.482941 -3.499590 18.307743 -90.412567 -3.801956 18.647022 -82.213165 -3.801956 16.946297 -82.283539 -3.499590 16.607018 -90.708954 -3.737940 18.453876 -90.614777 -3.543749 17.672215 -90.873520 -3.793058 17.660496 -90.412567 -3.801956 18.647022 -90.697754 -4.548197 18.507847 -90.403610 -4.450993 18.690250 -90.676178 -3.890280 17.376163 -82.415344 -3.543749 15.971500 -82.476761 -3.890280 15.675434 -90.676178 -3.890280 17.376163 -90.667206 -4.539293 17.419422 -90.862320 -4.603317 17.714481 -90.403610 -4.450993 18.690250 -90.465027 -4.797510 18.394169 -82.265610 -4.797510 16.693455 -82.204193 -4.450993 16.989536 -90.465027 -4.797510 18.394169 -90.596832 -4.841661 17.758671 -90.596832 -4.841661 17.758671 -90.667206 -4.539293 17.419422 -82.467789 -4.539293 15.718708 -82.397415 -4.841661 16.057957 -90.403610 -4.450993 18.690250 -82.204193 -4.450993 16.989536 
						-90.069519 -12.056912 20.300953 -89.982422 -12.222974 20.720860 -81.783005 -12.222974 19.020130 -81.870102 -12.056912 18.600224 -90.280197 -12.247819 20.520985 -90.190369 -12.319783 19.718281 -90.431076 -12.575986 19.793583 -89.982422 -12.222974 20.720860 -90.213547 -12.990701 20.842289 -89.929031 -12.818028 20.978260 -90.224091 -12.748658 19.555698 -81.990967 -12.319783 18.017551 -82.024689 -12.748658 17.854969 -90.224091 -12.748658 19.555698 -90.170700 -13.343694 19.813114 -90.364426 -13.318852 20.114902 -89.929031 -12.818028 20.978260 -89.962769 -13.246903 20.815632 -81.763351 -13.246903 19.114902 -81.729614 -12.818028 19.277531 -89.962769 -13.246903 20.815632 -90.083618 -13.509763 20.232990 -90.083618 -13.509763 20.232990 -90.170700 -13.343694 19.813114 -81.971283 -13.343694 18.112385 -81.884201 -13.509763 18.532261 -89.929031 -12.818028 20.978260 -81.729614 -12.818028 19.277531 -89.111237 -19.550606 24.920933 -89.018204 -19.590538 25.369526 -80.818787 -19.590538 23.668797 -80.911835 -19.550606 23.220200 -89.312500 -19.685814 25.186375 -89.212433 -19.968941 24.433109 -89.438812 -20.208069 24.577366 -89.018204 -19.590538 25.369526 -89.206436 -20.307774 25.697712 -88.933228 -20.088726 25.779148 -89.220535 -20.427113 24.394032 -81.013016 -19.968941 22.732380 -81.021118 -20.427113 22.693302 -89.220535 -20.427113 24.394032 -89.135559 -20.925266 24.803654 -89.332748 -20.830002 25.088734 -88.933228 -20.088726 25.779148 -88.941345 -20.546898 25.740025 -80.741928 -20.546898 24.039310 -80.733826 -20.088726 24.078419 -88.941345 -20.546898 25.740025 -89.042526 -20.965210 25.252213 -89.042526 -20.965210 25.252213 -89.135559 -20.925266 24.803654 -80.936157 -20.925266 23.102924 -80.843109 -20.965210 23.551502 -88.933228 -20.088726 25.779148 -80.733826 -20.088726 24.078419 -87.732788 -25.131432 31.566696 -87.642258 -25.018066 32.003086 -79.442841 -25.018066 30.302368 -79.533371 -25.131432 29.865967 -87.927475 -25.186852 31.863789 -87.800293 -25.690647 31.241215 -88.011749 -25.884972 31.457462 -87.642258 -25.018066 32.003086 
						-87.785690 -25.601837 32.547352 -87.528687 -25.350456 32.550644 -87.777267 -26.136345 31.352238 -79.600876 -25.690647 29.540485 -79.577850 -26.136345 29.651524 -87.777267 -26.136345 31.352238 -87.663696 -26.468700 31.899799 -87.869965 -26.299934 32.141026 -87.528687 -25.350456 32.550644 -87.505676 -25.796169 32.661640 -79.306244 -25.796169 30.960911 -79.329269 -25.350456 30.849918 -87.505676 -25.796169 32.661640 -87.573181 -26.355362 32.336170 -87.573181 -26.355362 32.336170 -87.663696 -26.468700 31.899799 -79.464264 -26.468700 30.199070 -79.373764 -26.355362 30.635441 -87.528687 -25.350456 32.550644 -79.329269 -25.350456 30.849918 -86.043854 -28.282349 39.709278 -85.964722 -28.038010 40.090759 -77.765305 -28.038010 38.390030 -77.844437 -28.282349 38.008560 -86.237549 -28.258171 40.011189 -86.073364 -28.916466 39.567020 -86.274384 -29.049805 39.833576 -85.964722 -28.038010 40.090759 -86.076767 -28.439568 40.786304 -85.835938 -28.183292 40.711658 -86.023727 -29.306068 39.806290 -77.873932 -28.916466 37.866291 -77.824310 -29.306068 38.105576 -86.023727 -29.306068 39.806290 -85.894943 -29.451313 40.427174 -86.113602 -29.231171 40.608692 -85.835938 -28.183292 40.711658 -85.786316 -28.572922 40.950901 -77.586899 -28.572922 39.250187 -77.636520 -28.183292 39.010929 -85.786316 -28.572922 40.950901 -85.815811 -29.207008 40.808659 -85.815811 -29.207008 40.808659 -85.894943 -29.451313 40.427174 -77.695526 -29.451313 38.726444 -77.616394 -29.207008 39.107929 -85.835938 -28.183292 40.711658 -77.636520 -28.183292 39.010929 -84.267273 -28.691189 48.274414 -84.211090 -28.323818 48.545288 -76.011673 -28.323818 46.844559 -76.067856 -28.691189 46.573685 -84.466156 -28.577084 48.551300 -84.248840 -29.335369 48.363297 -84.443146 -29.381283 48.662262 -84.211090 -28.323818 48.545288 -84.302826 -28.463776 49.338745 -84.080261 -28.233040 49.176041 -84.174225 -29.612007 48.723038 -76.049423 -29.335369 46.662567 -75.974792 -29.612007 47.022324 -84.174225 -29.612007 48.723038 -84.043396 -29.521202 49.353760 -84.279816 -29.267956 49.449692 
						-84.080261 -28.233040 49.176041 -84.005646 -28.509701 49.535767 -75.806229 -28.509701 47.835037 -75.880844 -28.233040 47.475311 -84.005646 -28.509701 49.535767 -83.987213 -29.153858 49.624634 -83.987213 -29.153858 49.624634 -84.043396 -29.521202 49.353760 -75.843979 -29.521202 47.653046 -75.787796 -29.153858 47.923904 -84.080261 -28.233040 49.176041 -75.880844 -28.233040 47.475311 -82.542755 -26.243477 56.588547 -82.510040 -25.812744 56.746307 -74.310623 -25.812744 55.045582 -74.343338 -26.243477 54.887825 -82.750137 -26.068634 56.824482 -82.487976 -26.835491 56.852627 -82.681747 -26.807701 57.154156 -82.510040 -25.812744 56.746307 -82.600037 -25.731960 57.548141 -82.389801 -25.543049 57.325970 -82.400497 -26.996597 57.274406 -74.288559 -26.835491 55.151909 -74.201080 -26.996597 55.573681 -82.400497 -26.996597 57.274406 -82.280273 -26.726875 57.854034 -82.531647 -26.471008 57.877815 -82.389801 -25.543049 57.325970 -82.302322 -25.704185 57.747742 -74.102905 -25.704185 56.047020 -74.190384 -25.543049 55.625252 -82.302322 -25.704185 57.747742 -82.247543 -26.296173 58.011799 -82.247543 -26.296173 58.011799 -82.280273 -26.726875 57.854034 -74.080856 -26.726875 56.153313 -74.048126 -26.296173 56.311081 -82.389801 -25.543049 57.325970 -74.190384 -25.543049 55.625252 -66.646019 -70.030884 129.947662 -66.522301 -70.470062 130.544098 -66.235329 -70.265610 130.635117 -66.359047 -69.826431 130.038681 -66.432228 -69.877380 129.685867 -66.517868 -70.462265 129.272964 -66.731659 -70.615784 129.534760 -66.607948 -71.054947 130.131195 -66.307671 -71.208458 130.286377 -66.222023 -70.623566 130.699280 -66.504562 -70.820236 129.337128 -66.380852 -71.259399 129.933548 -65.196800 -73.863319 127.341827 -65.213211 -73.885971 127.349274 -65.261009 -74.299927 127.816559 -65.091736 -74.057922 127.704666 -65.048317 -73.533035 127.462921 -64.751366 -73.167786 126.881317 -64.799881 -73.373764 126.566048 -64.280121 -74.342941 127.940063 -64.222878 -73.974396 127.948074 -64.920914 -73.730698 127.744720 -64.361176 -74.618774 128.079041 -63.928127 -74.333725 127.718689 
						-63.923641 -74.310425 127.711090 -63.526722 -73.820877 126.935303 -63.590900 -73.575409 127.220657 -63.888210 -73.943100 127.800537 -64.428574 -73.240021 126.408524 -64.384064 -73.213684 126.093430 -64.798981 -73.374939 126.541168 -64.412102 -73.105103 126.755936 -63.714462 -73.351517 126.957367 -63.616966 -73.525040 126.643921 -63.526722 -73.820877 126.935303 -63.514126 -73.824265 126.909454 -63.483879 -73.530167 126.357559 -65.522964 -74.412125 127.544281 -66.095650 -76.552765 126.280121 -65.909592 -76.787918 126.569611 -65.395279 -74.634018 127.808136 -64.684891 -73.378487 125.906265 -64.465691 -74.960464 128.077744 -64.806946 -77.154968 126.897812 -64.388008 -77.152451 126.775391 -64.126045 -74.902695 127.949432 -63.287979 -73.869049 126.311417 -63.514126 -73.824265 126.909454 -63.287979 -73.869049 126.311417 -63.315899 -75.830139 124.679932 -63.526257 -75.575424 124.394684 -63.418919 -73.669418 126.031815 -64.348503 -73.342972 125.762207 -64.600250 -75.198257 124.083191 -65.023529 -75.230469 124.184662 -64.744392 -75.516449 124.091675 -65.850624 -76.880829 126.253822 -64.727036 -77.275406 126.579697 -64.806946 -77.154968 126.897812 -65.909592 -76.787918 126.569611 -63.654453 -75.913239 124.427658 -63.315899 -75.830139 124.679932 -64.388008 -77.152451 126.775391 -64.600250 -75.198257 124.083191 -63.526257 -75.575424 124.394684 -63.315899 -75.830139 124.679932 -63.590900 -73.575409 127.220657 -64.881058 -70.461319 128.934158 -66.517868 -70.462265 129.272964 -66.432228 -69.877380 129.685867 -64.794800 -69.877472 129.346161 -64.876877 -70.817596 128.995773 -66.504562 -70.820236 129.337128 -64.752708 -71.261398 129.598694 -66.380852 -71.259399 129.933548 -64.670219 -71.208359 129.946808 -66.307671 -71.208458 130.286377 -66.222023 -70.623566 130.699280 -64.585495 -70.624527 130.359116 -66.222023 -70.623566 130.699280 -64.585495 -70.624527 130.359116 -64.606163 -70.268234 130.300919 -64.732033 -69.824432 129.698364 -64.233467 -71.896408 127.610054 -63.539394 -72.141220 127.810684 -63.413059 -72.362251 128.076385 -63.710594 -72.729965 128.657013 -63.413059 -72.362251 128.076385 
						-64.047379 -72.764603 128.801285 -64.741753 -72.521835 128.599213 -64.870964 -72.320465 128.319611 -64.573700 -71.954590 127.737701 -80.753914 -22.301903 59.662987 -80.111923 -19.615149 62.758148 -83.812592 -1.380304 44.916676 -81.475128 -24.446804 56.185905 -82.256882 -25.994293 52.416962 -83.078926 -26.904274 48.453766 -83.919975 -27.153217 44.398960 -84.758240 -26.734640 40.357559 -85.572014 -25.659416 36.434246 -86.340218 -23.955364 32.730610 -87.042961 -21.666622 29.342590 -87.662041 -18.852505 26.357937 -88.181419 -15.585851 23.853924 -88.587646 -11.951260 21.895458 -88.870201 -8.042904 20.533215 -89.021767 -3.961990 19.802494 -89.038414 0.185783 19.722214 -88.919724 4.293013 20.294456 -88.668755 8.253300 21.504402 -88.292015 11.964054 23.320713 -87.799263 15.329224 25.696354 -87.203262 18.261623 28.569775 -86.519432 20.685307 31.866589 -85.765503 22.537514 35.501392 -84.960999 23.770237 39.380032 -84.126747 24.351593 43.402073 -83.284363 24.266506 47.463356 -82.455650 23.517170 51.458672 -81.662086 22.123001 55.284554 -80.924225 20.120117 58.841911 -80.261162 17.560375 62.038624 -79.690086 14.510082 64.791878 -79.225777 11.048244 67.030373 -78.880264 7.264503 68.696144 -78.662498 3.256870 69.746025 -78.578110 -0.870863 70.152855 -78.629303 -5.011789 69.906067 -78.814735 -9.058664 69.012070 -79.129608 -12.906679 67.494026 -79.565765 -16.456154 65.391228 -78.154831 -18.562744 61.278751 -78.759720 -21.094221 58.362473 -81.641632 -1.381720 44.468384 -79.439255 -23.115162 55.086342 -80.175835 -24.573215 51.535210 -80.950371 -25.430611 47.801064 -81.742813 -25.665169 43.980579 -82.532631 -25.270784 40.172741 -83.299377 -24.257698 36.476154 -84.023186 -22.652128 32.986568 -84.685318 -20.495644 29.794342 -85.268616 -17.844170 26.982178 -85.757980 -14.766298 24.622879 -86.140724 -11.341761 22.777603 -86.406952 -7.659267 21.494072 -86.549759 -3.814205 20.805595 -86.565445 0.093864 20.729950 -86.453613 3.963724 21.269115 -86.217148 7.695137 22.409138 -85.862183 11.191437 24.120487 
						-85.397903 14.362129 26.358829 -84.836349 17.125069 29.066193 -84.192039 19.408688 32.172478 -83.481682 21.153843 35.597218 -82.723671 22.315327 39.251713 -81.937630 22.863087 43.041306 -81.143929 22.782917 46.867882 -80.363113 22.076885 50.632301 -79.615410 20.763298 54.237076 -78.920189 18.876160 57.588844 -78.295448 16.464344 60.600822 -77.757370 13.590336 63.194954 -77.319893 10.328564 65.304085 -76.994354 6.763493 66.873581 -76.789169 2.987465 67.862801 -76.709663 -0.901718 68.246109 -76.757889 -4.803331 68.013588 -76.932610 -8.616333 67.171249 -77.229286 -12.241960 65.740936 -77.640236 -15.586302 63.759666 -80.545837 -19.615149 62.848152 -80.915863 -19.929577 63.245781 -80.360291 -16.716106 65.924263 -79.999687 -16.456154 65.481232 -81.187836 -22.301903 59.752991 -81.568932 -22.662659 60.097252 -81.909050 -24.446804 56.275909 -82.302582 -24.844547 56.560219 -80.945717 -23.959810 60.920280 -81.432297 -23.599068 60.755974 -82.198288 -25.877131 57.063011 -81.724152 -26.274876 57.167343 -80.252792 -21.059929 64.260986 -80.750435 -20.745495 64.043327 -79.663307 -17.650282 67.102982 -80.170364 -17.390324 66.839912 -82.690804 -25.994293 52.506966 -83.097816 -26.418718 52.726280 -83.028587 -27.520710 53.060036 -82.567924 -27.945137 53.099380 -83.512848 -26.904274 48.543770 -83.934036 -27.344391 48.694748 -83.901672 -28.487206 48.850754 -83.455193 -28.927319 48.821754 -84.353897 -27.153217 44.488964 -84.789581 -27.597633 44.570026 -84.794945 -28.751614 44.544155 -84.362961 -29.196018 44.445251 -85.192162 -26.734640 40.447563 -85.642303 -27.171837 40.458935 -85.685265 -28.307035 40.251816 -85.267738 -28.744230 40.083214 -86.005936 -25.659416 36.524250 -86.470108 -26.078072 36.467968 -86.549568 -27.165054 36.084881 -86.146072 -27.583704 35.848637 -86.774139 -23.955364 32.820614 -87.251556 -24.344629 32.700470 -87.365471 -25.355183 32.151287 -86.975220 -25.744457 31.851177 -87.476883 -21.666622 29.432590 -87.966415 -22.016439 29.254036 -88.111847 -22.924326 28.552902 -87.733719 -23.274132 28.194370 
						-88.095963 -18.852505 26.447941 -88.596169 -19.153786 26.217915 -88.769363 -19.935461 25.382908 -88.401909 -20.236748 24.972923 -88.615341 -15.585851 23.943928 -89.124504 -15.830812 23.670742 -89.320992 -16.465965 22.723427 -88.962494 -16.710918 22.270256 -89.021561 -11.951260 21.985462 -89.537735 -12.133534 21.678486 -89.752441 -12.605711 20.643353 -89.400948 -12.787978 20.156395 -89.304123 -8.042904 20.623215 -89.825165 -8.157791 20.292751 -90.052544 -8.454678 19.196514 -89.705925 -8.569561 18.686069 -89.455688 -3.961990 19.892498 -89.979340 -4.006514 19.549435 -90.213524 -4.120352 18.420418 -89.869514 -4.164867 17.897388 -89.472336 0.185783 19.812218 -89.996284 0.212790 19.467762 -90.231209 0.284966 18.335152 -89.887482 0.311972 17.810741 -89.353645 4.293013 20.384460 -89.875542 4.390829 20.049873 -90.105141 4.647226 18.942932 -89.759369 4.745052 18.428379 -89.102676 8.253300 21.594406 -89.620247 8.419411 21.280670 -89.838593 8.853413 20.228008 -89.488495 9.019527 19.734310 -88.725937 11.964054 23.410717 -89.237015 12.194153 23.128307 -89.438461 12.794609 22.157093 -89.081871 13.024696 21.694721 -88.233185 15.329224 25.786358 -88.735764 15.617352 25.544918 -88.915115 16.368729 24.680241 -88.550018 16.656849 24.258839 -88.735764 15.617352 25.544918 -88.233185 15.329224 25.786358 -87.637177 18.261623 28.659779 -88.129486 18.600323 28.467880 -88.550018 16.656849 24.258839 -88.915115 16.368729 24.680241 -88.282097 19.483196 27.732094 -87.906731 19.821884 27.360233 -86.953354 20.685307 31.956589 -87.433868 21.065788 31.821548 -87.555817 22.057369 31.233612 -87.168655 22.437855 30.918602 -86.199425 22.537514 35.591396 -86.666939 22.949932 35.519020 -86.755074 24.024578 35.094101 -86.354912 24.436996 34.841774 -85.394920 23.770237 39.470036 -85.848557 24.203915 39.464565 -85.900612 25.333862 39.213600 -85.486580 25.767536 39.028137 -84.560669 24.351593 43.492073 -84.999916 24.795288 43.555958 -85.014557 25.951305 43.485382 -84.586143 26.395020 43.369278 
						-83.718277 24.266506 47.553352 -84.143005 24.708740 47.687256 -84.119858 25.860924 47.798851 -83.676918 26.303169 47.752769 -82.889572 23.517170 51.548676 -83.300003 23.946472 51.751492 -83.239700 25.065071 52.042244 -82.782463 25.494381 52.065063 -82.096008 22.123001 55.374557 -82.492760 22.528275 55.643326 -82.396858 23.584343 56.105675 -81.925941 23.989628 56.194489 -81.358147 20.120117 58.931915 -81.742172 20.490849 59.262032 -81.613174 21.457088 59.883934 -81.129532 21.827839 60.034073 -80.695084 17.560375 62.128628 -81.067680 17.886978 62.513847 -80.908943 18.738411 63.279129 -80.413872 19.065006 63.484390 -80.124008 14.510082 64.881882 -80.486755 14.784084 65.314583 -80.302406 15.498707 66.203346 -79.797485 15.772709 66.456078 -79.659698 11.048244 67.120377 -80.014435 11.262558 67.591682 -79.809265 11.821911 68.580833 -79.296341 12.036224 68.872169 -79.314186 7.264503 68.786140 -79.662964 7.413563 69.286171 -79.442299 7.803234 70.350029 -78.923416 7.952297 70.670090 -79.096420 3.256870 69.836029 -79.441444 3.336832 70.354149 -79.211014 3.546747 71.465111 -78.688370 3.626711 71.803268 -79.012032 -0.870863 70.242851 -79.355606 -0.862083 70.767998 -79.121384 -0.837294 71.897209 -78.597298 -0.828512 72.242378 -79.063225 -5.011789 69.996071 -79.407677 -5.074413 70.516960 -79.175751 -5.235346 71.635101 -78.652542 -5.297953 71.976013 -79.248657 -9.058664 69.102074 -79.596306 -9.191069 69.607544 -79.372704 -9.533499 70.685585 -78.852684 -9.665896 71.011086 -79.563530 -12.906679 67.584030 -79.916611 -13.105438 68.063316 -79.707123 -13.620459 69.073280 -79.192543 -13.819201 69.372597 -73.665779 -21.565470 63.410191 -73.168144 -21.879883 63.627865 -72.554070 -18.328011 66.588409 -73.061119 -18.068054 66.325348 -74.376549 -24.540007 59.983482 -73.889984 -24.900778 60.147766 -75.175018 -26.914669 56.133930 -74.700890 -27.312408 56.238281 -71.156044 -24.540007 59.315491 -71.537125 -24.900778 59.659737 -72.348030 -27.312408 55.750252 -71.954514 -26.914669 55.465935 
						-70.445274 -21.565470 62.742195 -70.815285 -21.879883 63.139835 -69.840614 -18.068054 65.657356 -70.201210 -18.328011 66.100380 -76.040512 -28.627922 51.961262 -75.579865 -29.052349 52.000610 -73.227005 -29.052349 51.512581 -72.820007 -28.627922 51.293266 -76.950615 -29.635391 47.573517 -76.504143 -30.075516 47.544518 -74.151283 -30.075516 47.056488 -73.730110 -29.635391 46.905525 -77.881760 -29.911003 43.084351 -77.449783 -30.355415 42.985443 -75.096931 -30.355415 42.497414 -74.661255 -29.911003 42.416355 -78.809822 -29.447582 38.610035 -78.392303 -29.884779 38.441441 -76.039444 -29.884779 37.953415 -75.589317 -29.447582 37.942043 -79.710762 -28.257183 34.266453 -79.307281 -28.675837 34.030197 -76.954422 -28.675837 33.542175 -76.490257 -28.257183 33.598454 -80.561256 -26.370588 30.166088 -80.171021 -26.759853 29.865974 -77.818161 -26.759853 29.377945 -77.340752 -26.370588 29.498093 -81.339279 -23.836664 26.415138 -80.961159 -24.186470 26.056606 -78.608299 -24.186470 25.568581 -78.118774 -23.836664 25.747143 -82.024673 -20.721096 23.110764 -81.657227 -21.022377 22.700768 -79.304367 -21.022377 22.212738 -78.804169 -20.721096 22.442768 -82.599693 -17.104513 20.338520 -82.241196 -17.349464 19.885361 -79.888336 -17.349464 19.397331 -79.379189 -17.104513 19.670525 -83.049431 -13.080595 18.170254 -82.697945 -13.262868 17.683308 -80.345085 -13.262868 17.195278 -79.828926 -13.080595 17.502254 -83.362251 -8.753572 16.662090 -83.015640 -8.868452 16.151649 -80.662781 -8.868452 15.663620 -80.141747 -8.753572 15.994099 -83.530052 -4.235495 15.853092 -83.186058 -4.280020 15.330059 -80.833199 -4.280020 14.842030 -80.309555 -4.235495 15.185093 -83.548492 0.356581 15.764214 -83.204773 0.383583 15.239799 -80.851921 0.383583 14.751770 -80.327988 0.356581 15.096218 -83.417084 4.903778 16.397762 -83.071320 5.001602 15.883209 -80.718460 5.001602 15.395180 -80.196579 4.903778 15.729763 -83.139229 9.288284 17.737320 -82.789146 9.454388 17.243610 -80.436287 9.454388 16.755581 -79.918724 9.288284 17.069324 
						-82.722137 13.396557 19.748173 -82.365555 13.626667 19.285816 -80.012695 13.626667 18.797787 -79.501633 13.396557 19.080173 -82.176598 17.122211 22.378292 -81.811516 17.410336 21.956894 -79.458664 17.410336 21.468868 -78.956093 17.122211 21.710300 -81.811516 17.410336 21.956894 -82.176598 17.122211 22.378292 -81.516747 20.368717 25.559544 -81.141388 20.707417 25.187679 -78.956093 17.122211 21.710300 -79.458664 17.410336 21.468868 -78.788536 20.707417 24.699650 -78.296242 20.368717 24.891552 -80.759674 23.052032 29.209507 -80.372520 23.432510 28.894501 -78.019669 23.432510 28.406467 -77.539169 23.052032 28.541515 -79.924980 25.102646 33.233669 -79.524834 25.515057 32.981350 -77.171974 25.515057 32.493320 -76.704475 25.102646 32.565674 -79.034294 26.467430 37.527802 -78.620277 26.901112 37.342346 -76.267418 26.901112 36.854317 -75.813789 26.467430 36.859806 -78.110680 27.111057 41.980686 -77.682274 27.554768 41.864586 -75.329414 27.554768 41.376556 -74.890175 27.111057 41.312695 -77.178055 27.016853 46.477020 -76.735123 27.459087 46.430946 -74.382263 27.459087 45.942917 -73.957550 27.016853 45.809021 -76.260574 26.187252 50.900314 -75.803345 26.616570 50.923157 -73.450493 26.616570 50.435127 -73.040070 26.187252 50.232323 -75.382004 24.643742 55.136024 -74.911095 25.049015 55.224831 -72.558243 25.049015 54.736801 -72.161499 24.643742 54.468033 -74.565094 22.426304 59.074455 -74.081467 22.797043 59.224594 -71.728607 22.797043 58.736565 -71.344589 22.426304 58.406464 -73.831009 19.592361 62.613605 -73.335945 19.918980 62.818863 -70.983086 19.918980 62.330837 -70.610504 19.592361 61.945610 -73.198753 16.215313 65.661781 -72.693848 16.489315 65.914513 -70.340988 16.489315 65.426491 -69.978249 16.215313 64.993790 -72.684708 12.382648 68.140076 -72.171791 12.596947 68.431404 -69.818939 12.596947 67.943375 -69.464203 12.382648 67.472084 -72.302185 8.193588 69.984276 -71.783310 8.342648 70.304329 -69.430450 8.342648 69.816307 -69.081680 8.193588 69.316284 
						-72.061089 3.756651 71.146629 -71.538460 3.836615 71.484787 -69.185608 3.836615 70.996758 -68.840584 3.756651 70.478630 -71.967667 -0.813259 71.597038 -71.443588 -0.804468 71.942207 -69.090729 -0.804468 71.454170 -68.747162 -0.813259 70.929047 -72.024338 -5.397753 71.323814 -71.501137 -5.460377 71.664734 -69.148285 -5.460377 71.176704 -68.803833 -5.397753 70.655823 -72.229637 -9.878136 70.334053 -71.709633 -10.010540 70.659554 -69.356773 -10.010540 70.171524 -69.009132 -9.878136 69.666054 -72.578239 -14.138355 68.653389 -72.063667 -14.337112 68.952705 -69.710808 -14.337112 68.464684 -69.357735 -14.138355 67.985390 -80.111923 -19.615149 62.758148 -80.753914 -22.301903 59.662987 -81.475128 -24.446804 56.185905 -82.256882 -25.994293 52.416962 -83.078926 -26.904274 48.453766 -83.919975 -27.153217 44.398960 -84.758240 -26.734640 40.357559 -85.572014 -25.659416 36.434246 -86.340218 -23.955364 32.730610 -87.042961 -21.666622 29.342590 -87.662041 -18.852505 26.357937 -88.181419 -15.585851 23.853924 -88.587646 -11.951260 21.895458 -88.870201 -8.042904 20.533215 -89.021767 -3.961990 19.802494 -89.038414 0.185783 19.722214 -88.919724 4.293013 20.294456 -88.668755 8.253300 21.504402 -88.292015 11.964054 23.320713 -87.799263 15.329224 25.696354 -87.799263 15.329224 25.696354 -87.203262 18.261623 28.569775 -86.519432 20.685307 31.866589 -85.765503 22.537514 35.501392 -84.960999 23.770237 39.380032 -84.126747 24.351593 43.402073 -83.284363 24.266506 47.463356 -82.455650 23.517170 51.458672 -81.662086 22.123001 55.284554 -80.924225 20.120117 58.841911 -80.261162 17.560375 62.038624 -79.690086 14.510082 64.791878 -79.225777 11.048244 67.030373 -78.880264 7.264503 68.696144 -78.662498 3.256870 69.746025 -78.578110 -0.870863 70.152855 -78.629303 -5.011789 69.906067 -78.814735 -9.058664 69.012070 -79.129608 -12.906679 67.494026 -79.565765 -16.456154 65.391228 -73.768288 -21.059929 62.915974 -74.461220 -23.959810 59.575264 -71.240715 -23.959810 58.907272 -70.547783 -21.059929 62.247978 
						-75.239647 -26.274876 55.822334 -72.019150 -26.274876 55.154335 -76.083427 -27.945137 51.754364 -72.862923 -27.945137 51.086372 -76.970688 -28.927319 47.476746 -73.750183 -28.927319 46.808746 -77.878464 -29.196018 43.100239 -74.657959 -29.196018 42.432240 -78.783234 -28.744230 38.738201 -75.562729 -28.744230 38.070210 -79.661568 -27.583704 34.503628 -76.441063 -27.583704 33.835625 -80.490723 -25.744457 30.506161 -77.270218 -25.744457 29.838169 -81.249214 -23.274132 26.849354 -78.028709 -23.274132 26.181362 -81.917404 -20.236748 23.627911 -78.696899 -20.236748 22.959915 -82.477989 -16.710918 20.925243 -79.257484 -16.710918 20.257248 -82.916451 -12.787978 18.811382 -79.695946 -12.787978 18.143387 -83.221420 -8.569561 17.341053 -80.000916 -8.569561 16.673061 -83.385010 -4.164867 16.552372 -80.164505 -4.164867 15.884380 -83.402985 0.311972 16.465729 -80.182480 0.311972 15.797733 -83.274872 4.745052 17.083363 -80.054367 4.745052 16.415371 -83.003998 9.019527 18.389301 -79.783493 9.019527 17.721302 -82.597366 13.024696 20.349709 -79.376862 13.024696 19.681713 -82.065521 16.656849 22.913830 -78.845016 16.656849 22.245831 -82.065521 16.656849 22.913830 -81.422234 19.821884 26.015221 -78.201729 19.821884 25.347225 -78.845016 16.656849 22.245831 -80.684158 22.437855 29.573589 -77.463654 22.437855 28.905594 -79.870415 24.436996 33.496758 -76.649910 24.436996 32.828766 -79.002075 25.767536 37.683121 -75.781570 25.767536 37.015133 -78.101639 26.395020 42.024265 -74.881134 26.395020 41.356266 -77.192421 26.303169 46.407753 -73.971916 26.303169 45.739761 -76.297966 25.494381 50.720047 -73.077461 25.494381 50.052055 -75.441437 23.989628 54.849476 -72.220932 23.989628 54.181480 -74.645035 21.827839 58.689064 -71.424530 21.827839 58.021065 -73.929375 19.065006 62.139374 -70.708870 19.065006 61.471378 -73.312988 15.772709 65.111061 -70.092484 15.772709 64.443062 -72.811844 12.036224 67.527153 -69.591339 12.036224 66.859154 -72.438919 7.952297 69.325081 -69.218414 7.952297 68.657082 
						-72.203873 3.626711 70.458260 -68.983368 3.626711 69.790260 -72.112793 -0.828512 70.897362 -68.892288 -0.828512 70.229362 -72.168045 -5.297953 70.631004 -68.947540 -5.297953 69.963005 -72.368187 -9.665896 69.666077 -69.147682 -9.665896 68.998085 -72.708038 -13.819201 68.027580 -69.487534 -13.819201 67.359589 -73.178802 -17.650282 65.757973 -69.958298 -17.650282 65.089973 -78.257965 -20.950230 63.735359 -78.332047 -20.950226 63.750732 -79.021133 -23.834021 60.428558 -78.947044 -23.834021 60.413193 -77.671768 -17.559645 66.561485 -77.745857 -17.559645 66.576851 -79.795227 -26.136190 56.696510 -79.721130 -26.136158 56.681213 -80.634285 -27.797119 52.651291 -80.560211 -27.797127 52.635902 -80.634285 -27.797119 52.651291 -81.516617 -28.773840 48.397453 -81.442543 -28.773849 48.382065 -81.516617 -28.773840 48.397453 -82.419334 -29.041039 44.045330 -82.345245 -29.041039 44.029972 -83.319054 -28.591768 39.707634 -83.244972 -28.591772 39.692272 -84.192505 -27.437691 35.496613 -84.118416 -27.437706 35.481289 -85.017036 -25.608688 31.521420 -84.942955 -25.608688 31.506050 -85.771301 -23.152151 27.885017 -85.697220 -23.152143 27.869640 -86.435768 -20.131702 24.681515 -86.361687 -20.131699 24.666153 -86.993233 -16.625484 21.993896 -86.919144 -16.625523 21.978542 -87.429245 -12.724454 19.891838 -87.355156 -12.724467 19.876476 -87.732521 -8.529514 18.429688 -87.658440 -8.529503 18.414314 -87.895203 -4.149294 17.645378 -87.821114 -4.149302 17.630024 -87.913071 0.302538 17.559227 -87.838989 0.302595 17.543854 -87.785667 4.710943 18.173450 -87.711594 4.710897 18.158051 -87.785667 4.710943 18.173450 -87.516304 8.961605 19.472103 -87.442215 8.961670 19.456749 -87.111946 12.944447 21.421555 -87.037865 12.944431 21.406178 -86.583061 16.556385 23.971401 -86.508972 16.556400 23.956043 -86.508972 16.556400 23.956043 -86.583061 16.556385 23.971401 -85.943367 19.703690 27.055439 -85.869286 19.703728 27.040096 -85.943367 19.703690 27.055439 -85.209373 22.305210 30.594143 -85.135307 22.305149 30.578701 
						-85.209373 22.305210 30.594143 -84.400185 24.293175 34.495373 -84.326088 24.293194 34.480045 -84.400185 24.293175 34.495373 -83.536705 25.616287 38.658325 -83.462608 25.616291 38.643024 -82.641266 26.240284 42.975361 -82.567184 26.240284 42.959991 -81.737106 26.148941 47.334457 -81.663025 26.148941 47.319061 -80.847633 25.344662 51.622711 -80.773552 25.344666 51.607346 -79.995880 23.848282 55.729134 -79.921806 23.848286 55.713753 -79.203918 21.698544 59.547325 -79.129829 21.698544 59.531960 -78.492241 18.951111 62.978416 -78.418159 18.951111 62.963051 -77.879288 15.677155 65.933540 -77.805206 15.677166 65.918167 -77.380936 11.961472 68.336182 -77.306847 11.961468 68.320824 -77.010086 7.900330 70.124077 -76.936005 7.900307 70.108727 -76.776352 3.598854 71.250938 -76.702271 3.598801 71.235588 -76.685783 -0.831573 71.687599 -76.611702 -0.831573 71.672234 -76.740723 -5.276070 71.422737 -76.666641 -5.276104 71.407364 -76.939751 -9.619728 70.463173 -76.865669 -9.619728 70.447807 -77.277718 -13.749939 68.833794 -77.203636 -13.749907 68.818428 -78.767715 -23.959810 60.468517 -79.546150 -26.274876 56.715584 -75.239647 -26.274876 55.822334 -74.461220 -23.959810 59.575264 -80.389923 -27.945137 52.647621 -76.083427 -27.945137 51.754364 -81.277184 -28.927319 48.369995 -76.970688 -28.927319 47.476746 -82.184959 -29.196018 43.993488 -77.878464 -29.196018 43.100239 -83.089729 -28.744230 39.631454 -78.783234 -28.744230 38.738201 -83.968063 -27.583704 35.396873 -79.661568 -27.583704 34.503628 -84.797218 -25.744457 31.399414 -80.490723 -25.744457 30.506161 -85.555710 -23.274132 27.742607 -81.249214 -23.274132 26.849354 -86.223900 -20.236748 24.521160 -81.917404 -20.236748 23.627911 -86.784485 -16.710918 21.818493 -82.477989 -16.710918 20.925243 -87.222946 -12.787978 19.704636 -82.916451 -12.787978 18.811382 -87.527916 -8.569561 18.234306 -83.221420 -8.569561 17.341053 -87.691505 -4.164867 17.445625 -83.385010 -4.164867 16.552372 -87.709480 0.311972 17.358982 -83.402985 0.311972 16.465729 
						-87.581367 4.745052 17.976616 -83.274872 4.745052 17.083363 -87.310493 9.019527 19.282551 -83.003998 9.019527 18.389301 -86.903862 13.024696 21.242962 -82.597366 13.024696 20.349709 -86.372017 16.656849 23.807079 -82.065521 16.656849 22.913830 -86.372017 16.656849 23.807079 -85.728729 19.821884 26.908474 -81.422234 19.821884 26.015221 -82.065521 16.656849 22.913830 -84.990654 22.437855 30.466839 -80.684158 22.437855 29.573589 -84.176910 24.436996 34.390015 -79.870415 24.436996 33.496758 -83.308578 25.767536 38.576378 -79.002075 25.767536 37.683121 -82.408134 26.395020 42.917515 -78.101639 26.395020 42.024265 -81.498917 26.303169 47.301003 -77.192421 26.303169 46.407753 -80.604462 25.494381 51.613304 -76.297966 25.494381 50.720047 -79.747932 23.989628 55.742729 -75.441437 23.989628 54.849476 -78.951530 21.827839 59.582314 -74.645035 21.827839 58.689064 -78.235870 19.065006 63.032627 -73.929375 19.065006 62.139374 -77.619484 15.772709 66.004311 -73.312988 15.772709 65.111061 -77.118340 12.036224 68.420403 -72.811844 12.036224 67.527153 -76.745415 7.952297 70.218330 -72.438919 7.952297 69.325081 -76.510368 3.626711 71.351509 -72.203873 3.626711 70.458260 -76.419289 -0.828512 71.790611 -72.112793 -0.828512 70.897362 -76.474541 -5.297953 71.524254 -72.168045 -5.297953 70.631004 -76.674683 -9.665896 70.559326 -72.368187 -9.665896 69.666077 -77.014542 -13.819201 68.920837 -72.708038 -13.819201 68.027580 -77.485298 -17.650282 66.651222 -73.178802 -17.650282 65.757973 -78.074783 -21.059929 63.809227 -73.768288 -21.059929 62.915974 -79.163666 -23.959810 60.550644 -78.470734 -21.059929 63.891354 -79.942093 -26.274876 56.797714 -80.785873 -27.945137 52.729744 -81.673134 -28.927319 48.452126 -82.580910 -29.196018 44.075619 -83.485680 -28.744230 39.713581 -84.364014 -27.583704 35.479004 -85.193169 -25.744457 31.481541 -85.951660 -23.274132 27.824734 -86.619850 -20.236748 24.603291 -87.180435 -16.710918 21.900623 -87.618896 -12.787978 19.786762 -87.923866 -8.569561 18.316433 
						-88.087456 -4.164867 17.527752 -88.105431 0.311972 17.441109 -87.977318 4.745052 18.058743 -87.706436 9.019527 19.364681 -87.299812 13.024696 21.325089 -86.767967 16.656849 23.889210 -86.124672 19.821884 26.990601 -86.767967 16.656849 23.889210 -85.386597 22.437855 30.548969 -84.572861 24.436996 34.472137 -83.704521 25.767536 38.658504 -82.804085 26.395020 42.999645 -81.894867 26.303169 47.383133 -81.000412 25.494381 51.695427 -80.143883 23.989628 55.824860 -79.347481 21.827839 59.664444 -78.631813 19.065006 63.114754 -78.015427 15.772709 66.086441 -77.514282 12.036224 68.502533 -77.141357 7.952297 70.300453 -76.906319 3.626711 71.433632 -76.815239 -0.828512 71.872742 -76.870483 -5.297953 71.606377 -77.070633 -9.665896 70.641457 -77.410484 -13.819201 69.002968 -77.881248 -17.650282 66.733345 -79.021133 -23.834021 60.428558 -78.332047 -20.950226 63.750732 -78.257965 -20.950230 63.735359 -78.947044 -23.834021 60.413193 -77.671768 -17.559645 66.561485 -77.745857 -17.559645 66.576851 -79.795227 -26.136190 56.696510 -79.721130 -26.136158 56.681213 -80.560211 -27.797127 52.635902 -82.419334 -29.041039 44.045330 -82.345245 -29.041039 44.029972 -83.319054 -28.591768 39.707634 -83.244972 -28.591772 39.692272 -84.192505 -27.437691 35.496613 -84.118416 -27.437706 35.481289 -85.017036 -25.608688 31.521420 -84.942955 -25.608688 31.506050 -85.771301 -23.152151 27.885017 -85.697220 -23.152143 27.869640 -86.435768 -20.131702 24.681515 -86.361687 -20.131699 24.666153 -86.993233 -16.625484 21.993896 -86.919144 -16.625523 21.978542 -87.429245 -12.724454 19.891838 -87.355156 -12.724467 19.876476 -87.732521 -8.529514 18.429688 -87.658440 -8.529503 18.414314 -87.895203 -4.149294 17.645378 -87.821114 -4.149302 17.630024 -87.913071 0.302538 17.559227 -87.838989 0.302595 17.543854 -87.711594 4.710897 18.158051 -85.135307 22.305149 30.578701 -83.536705 25.616287 38.658325 -83.462608 25.616291 38.643024 -82.641266 26.240284 42.975361 -82.567184 26.240284 42.959991 -81.737106 26.148941 47.334457 
						-81.663025 26.148941 47.319061 -80.847633 25.344662 51.622711 -80.773552 25.344666 51.607346 -79.995880 23.848282 55.729134 -79.921806 23.848286 55.713753 -79.203918 21.698544 59.547325 -79.129829 21.698544 59.531960 -78.492241 18.951111 62.978416 -78.418159 18.951111 62.963051 -77.879288 15.677155 65.933540 -77.805206 15.677166 65.918167 -77.380936 11.961472 68.336182 -77.306847 11.961468 68.320824 -77.010086 7.900330 70.124077 -76.936005 7.900307 70.108727 -76.776352 3.598854 71.250938 -76.702271 3.598801 71.235588 -76.685783 -0.831573 71.687599 -76.611702 -0.831573 71.672234 -76.740723 -5.276070 71.422737 -76.666641 -5.276104 71.407364 -76.939751 -9.619728 70.463173 -76.865669 -9.619728 70.447807 -77.277718 -13.749939 68.833794 -77.203636 -13.749907 68.818428 -71.491714 -22.239826 57.697151 -70.851669 -19.561224 60.782898 -72.210747 -24.378216 54.230618 -72.990128 -25.921001 50.473106 -73.809669 -26.828228 46.521950 -74.648170 -27.076412 42.479446 -75.483887 -26.659111 38.450314 -76.295197 -25.587145 34.538895 -77.061066 -23.888264 30.846504 -77.761681 -21.606474 27.468769 -78.378876 -18.800898 24.493176 -78.896675 -15.544154 21.996765 -79.301666 -11.920589 20.044243 -79.583366 -8.024103 18.686127 -79.734474 -3.955572 17.957630 -79.751076 0.179617 17.877594 -79.632744 4.274378 18.448097 -79.382538 8.222637 19.654373 -79.006943 11.922131 21.465168 -78.515678 15.277084 23.833599 -77.921486 18.200592 26.698307 -78.515678 15.277084 23.833599 -77.239738 20.616928 29.985111 -76.488098 22.463512 33.608868 -75.686028 23.692497 37.475754 -74.854309 24.272076 41.485596 -74.014481 24.187256 45.534538 -73.188286 23.440193 49.517738 -72.397133 22.050259 53.332008 -71.661507 20.053459 56.878555 -71.000458 17.501484 60.065571 -70.431114 14.460453 62.810471 -69.968216 11.009117 65.042183 -69.623749 7.236855 66.702888 -69.406647 3.241385 67.749596 -69.322517 -0.873821 68.155174 -69.373550 -5.002182 67.909142 -69.558418 -9.036776 67.017860 -69.872337 -12.873108 65.504417 
						-70.307175 -16.411816 63.407997 -72.431938 -18.562744 60.091713 -73.036835 -21.094221 57.175430 -78.759720 -21.094221 58.362473 -78.154831 -18.562744 61.278751 -73.716370 -23.115162 53.899300 -79.439255 -23.115162 55.086342 -74.452942 -24.573215 50.348167 -80.175835 -24.573215 51.535210 -75.227478 -25.430611 46.614021 -80.950371 -25.430611 47.801064 -76.019920 -25.665169 42.793541 -81.742813 -25.665169 43.980579 -76.809738 -25.270784 38.985695 -82.532631 -25.270784 40.172741 -77.576485 -24.257698 35.289116 -83.299377 -24.257698 36.476154 -78.300293 -22.652128 31.799526 -84.023186 -22.652128 32.986568 -78.962425 -20.495644 28.607300 -84.685318 -20.495644 29.794342 -79.545723 -17.844170 25.795139 -85.268616 -17.844170 26.982178 -80.035088 -14.766298 23.435841 -85.757980 -14.766298 24.622879 -80.417831 -11.341761 21.590561 -86.140724 -11.341761 22.777603 -80.684059 -7.659267 20.307034 -86.406952 -7.659267 21.494072 -80.826866 -3.814205 19.618557 -86.549759 -3.814205 20.805595 -80.842560 0.093864 19.542912 -86.565445 0.093864 20.729950 -80.730721 3.963724 20.082073 -86.453613 3.963724 21.269115 -80.494263 7.695137 21.222095 -86.217148 7.695137 22.409138 -80.139290 11.191437 22.933445 -85.862183 11.191437 24.120487 -79.675018 14.362129 25.171791 -85.397903 14.362129 26.358829 -79.675018 14.362129 25.171791 -79.113457 17.125069 27.879154 -84.836349 17.125069 29.066193 -85.397903 14.362129 26.358829 -78.469154 19.408688 30.985435 -84.192039 19.408688 32.172478 -77.758797 21.153843 34.410172 -83.481682 21.153843 35.597218 -77.000778 22.315327 38.064671 -82.723671 22.315327 39.251713 -76.214745 22.863087 41.854267 -81.937630 22.863087 43.041306 -75.421036 22.782917 45.680840 -81.143929 22.782917 46.867882 -74.640221 22.076885 49.445259 -80.363113 22.076885 50.632301 -73.892517 20.763298 53.050034 -79.615410 20.763298 54.237076 -73.197296 18.876160 56.401802 -78.920189 18.876160 57.588844 -72.572556 16.464344 59.413780 -78.295448 16.464344 60.600822 -72.034477 13.590336 62.007915 
						-77.757370 13.590336 63.194954 -71.597008 10.328564 64.117043 -77.319893 10.328564 65.304085 -71.271461 6.763493 65.686539 -76.994354 6.763493 66.873581 -71.066277 2.987465 66.675758 -76.789169 2.987465 67.862801 -70.986771 -0.901718 67.059074 -76.709663 -0.901718 68.246109 -71.035004 -4.803331 66.826546 -76.757889 -4.803331 68.013588 -71.209717 -8.616333 65.984215 -76.932610 -8.616333 67.171249 -71.506393 -12.241960 64.553902 -77.229286 -12.241960 65.740936 -71.917351 -15.586302 62.572624 -77.640236 -15.586302 63.759666 -71.398453 -18.855190 60.175800 -70.875107 -15.828092 62.698936 -72.013641 -21.429760 57.209877 -72.704742 -23.485106 53.877983 -73.453857 -24.967972 50.266396 -74.241577 -25.839966 46.468689 -75.047508 -26.078516 42.583179 -75.850777 -25.677418 38.710522 -76.630569 -24.647083 34.951012 -77.366699 -23.014181 31.402023 -78.040100 -20.821007 28.155464 -78.633324 -18.124393 25.295444 -79.131020 -14.994125 22.895977 -79.520287 -11.511294 21.019283 -79.791039 -7.766132 19.713932 -79.936279 -3.855616 19.013721 -79.952232 0.118977 18.936787 -79.838493 4.054710 19.485134 -79.598007 7.849628 20.644566 -79.237000 11.405453 22.385036 -78.764824 14.630112 24.661480 -78.764824 14.630112 24.661480 -78.193703 17.440079 27.414936 -77.538429 19.762569 30.574093 -76.815979 21.537434 34.057117 -76.045067 22.718693 37.773823 -75.245644 23.275761 41.627941 -74.438431 23.194241 45.519619 -73.644325 22.476192 49.348129 -72.883896 21.140236 53.014267 -72.176842 19.220982 56.423080 -71.541466 16.768124 59.486313 -70.994232 13.845188 62.124611 -70.549309 10.527897 64.269646 -70.218224 6.902138 65.865860 -70.009552 3.061836 66.871918 -69.928688 -0.893541 67.261749 -69.977737 -4.861574 67.025276 -70.155434 -8.739477 66.168594 -70.457153 -12.426826 64.713951 -64.007980 -73.256699 131.886185 -61.985310 -72.734711 130.706482 -60.873253 -64.859665 136.249466 -63.032310 -65.390732 137.475693 -61.391922 -71.123657 128.934250 -60.302040 -63.680527 134.188736 -72.824295 -18.347254 68.634766 
						-73.481110 -16.446609 69.982018 -73.618446 -17.479580 71.473740 -72.970131 -19.444128 70.218773 -75.597778 -15.484252 70.674667 -75.714615 -16.362936 71.943588 -76.615723 -22.436129 65.766991 -74.279121 -21.896463 66.134697 -74.416458 -22.929434 67.626419 -76.732567 -23.314814 67.035912 -73.091324 -20.170906 67.347359 -73.237167 -21.267780 68.931374 -74.032364 -24.689228 73.915939 -75.218903 -26.414503 72.703430 -75.063942 -25.241430 71.035736 -73.884651 -23.579777 72.340691 -77.553238 -26.955204 72.334885 -77.380051 -25.626810 70.445229 -76.531487 -19.977333 77.260910 -74.417336 -20.940353 76.567902 -74.265930 -19.791576 74.883057 -76.362106 -18.674932 75.352905 -73.761665 -22.840527 75.221031 -73.617615 -21.756124 73.628090 -73.363640 -15.889608 65.265305 -72.988609 -17.220936 67.073387 -73.255646 -19.044588 65.785980 -73.630676 -17.713259 63.977898 -73.872635 -25.846302 75.455269 -73.592880 -23.935760 76.804016 -75.729416 -14.581970 69.423859 -73.635857 -15.385909 68.511604 -74.004715 -14.076507 66.733299 -76.083366 -13.325495 67.717438 -74.433868 -20.835764 64.664284 -74.802727 -19.526361 62.885979 -76.747368 -21.533846 64.516190 -77.101311 -20.277372 62.809765 -75.050797 -27.637005 74.333900 -77.363701 -28.334023 74.186485 -74.240196 -22.101200 78.241898 -76.333488 -21.298342 79.153320 -62.628174 -72.890945 127.788879 -62.696449 -73.839912 129.454285 -64.507927 -74.387482 129.905746 -65.065353 -73.593712 127.674118 -61.007057 -61.819866 135.604507 -63.224442 -61.021572 136.549408 -62.953499 -62.995571 137.969711 -61.166046 -63.118427 137.015274 -72.122932 -50.758659 103.089043 -72.186371 -50.521011 102.783180 -71.464294 -50.521019 102.633408 -71.400856 -50.758659 102.939262 -72.361694 -50.533501 103.304405 -72.122932 -50.758659 103.089043 -71.772560 -52.066124 104.778259 -72.011330 -51.840904 104.993553 -72.425148 -50.295761 102.998474 -71.191322 -42.544456 108.946915 -71.221794 -42.077400 108.800026 -72.186371 -50.521011 102.783180 -78.310829 -28.162041 74.622749 -78.076767 -28.372925 74.388084 -70.921432 -41.843903 108.891502 
						-70.878777 -42.169083 109.100914 -70.153320 -42.171165 108.950836 -70.197060 -41.843040 108.739967 -70.921432 -41.843903 108.891502 -77.045723 -21.335829 79.355560 -77.346352 -21.575039 79.272652 -70.878777 -42.169083 109.100914 -71.076790 -45.464836 109.499115 -70.756454 -45.210678 109.666473 -71.709129 -52.303833 105.084068 -71.772560 -52.066124 104.778259 -71.050491 -52.066124 104.628487 -70.987213 -52.303833 104.934326 -71.947876 -52.078674 105.299469 -71.709129 -52.303833 105.084068 -68.533493 -64.222244 120.348892 -68.779106 -63.981148 120.576569 -71.022087 -45.760891 109.762840 -70.756454 -45.210678 109.666473 -70.716736 -45.539223 109.877853 -69.992134 -45.540039 109.728790 -70.035828 -45.212296 109.517303 -70.716736 -45.539223 109.877853 -67.724709 -56.756859 125.659973 -67.404121 -56.509811 125.793709 -68.139931 -64.583145 120.444290 -68.533493 -64.222244 120.348892 -67.835831 -64.220764 120.202209 -67.681953 -64.562790 120.350037 -68.590492 -64.153366 120.850067 -68.139931 -64.583145 120.444290 -67.119560 -66.443130 120.164551 -67.538910 -65.866089 120.630493 -67.536819 -56.999043 125.905289 -67.404121 -56.509811 125.793709 -66.965179 -56.559643 126.108383 -66.511185 -56.566753 125.994736 -66.706429 -56.508457 125.646942 -66.965179 -56.559643 126.108383 -66.144569 -56.411392 127.312576 -65.577019 -55.908646 127.601364 -67.142838 -66.790558 120.335739 -67.119560 -66.443130 120.164551 -66.595726 -66.440323 120.056000 -66.450287 -66.789627 120.191040 -67.392708 -66.549782 120.568176 -67.142838 -66.790558 120.335739 -65.611855 -73.593712 127.787476 -65.854958 -73.347504 127.981918 -65.876984 -56.185555 127.875702 -65.577019 -55.908646 127.601364 -65.555984 -55.953430 127.986221 -64.863464 -55.952736 127.841339 -65.053741 -55.909630 127.490143 -65.555984 -55.953430 127.986221 -64.081078 -61.233158 136.534027 -63.770947 -61.021572 136.662766 -65.146339 -74.355156 130.060791 -65.417038 -74.043335 130.093170 -63.809353 -63.059818 137.844040 -63.477299 -62.995541 138.078400 -79.243828 -14.904393 70.124626 -78.941376 -14.671628 70.217087 -79.320427 -13.325495 68.388870 
						-79.625130 -13.550618 68.286308 -78.928810 -16.024517 71.643364 -78.632568 -15.773026 71.713203 -78.614159 -17.147095 73.160362 -78.328613 -16.868277 73.201614 -77.984528 -19.391026 76.195908 -77.712181 -19.083197 76.211258 -79.880440 -22.523479 67.055428 -79.650520 -22.724903 66.805527 -79.346565 -23.820154 68.293938 -79.564713 -23.638712 68.577606 -80.195816 -21.405785 65.534973 -79.959320 -21.623505 65.309410 -78.730881 -26.035213 71.303940 -78.933525 -25.871723 71.620667 -80.577148 -20.052250 63.696487 -80.338379 -20.277372 63.481197 -78.411537 -27.182482 72.820778 -78.621674 -27.013443 73.124138 -77.664703 -20.477991 77.737839 -77.378212 -20.189112 77.750450 -64.721794 -73.149643 132.113052 -65.018616 -72.906479 132.014023 -63.578819 -65.390732 137.589035 -63.903286 -65.276291 137.391190 -69.101830 -50.007538 103.015533 -69.165283 -49.769821 102.709595 -67.993759 -47.953602 103.798164 -67.928825 -48.196838 104.111229 -68.751457 -51.314964 104.704712 -68.688065 -51.552650 105.010567 -67.582275 -49.490017 105.782005 -67.512672 -49.750641 106.117577 -67.686638 -43.708038 105.278862 -67.637932 -44.079681 105.513680 -67.530869 -47.093605 106.029839 -67.471588 -47.443901 106.315628 -65.525536 -63.466034 120.279465 -65.371925 -63.807163 120.427124 -64.347626 -61.642570 121.376732 -64.180908 -62.005699 121.522171 -63.973328 -59.086449 123.181259 -63.761070 -59.138344 123.546356 -68.134865 -42.721115 107.676514 -68.178604 -42.392990 107.465637 -68.017296 -45.764091 108.243324 -67.973488 -46.091858 108.454750 -64.617317 -57.263897 124.658035 -64.422432 -57.322266 125.005074 -64.287918 -65.681313 120.135406 -64.139313 -66.032150 120.270706 -63.123917 -63.827156 121.242058 -62.959679 -64.203964 121.375870 -62.344772 -58.506130 124.998428 -62.130760 -58.543007 125.372223 -62.968102 -56.667915 126.498413 -62.774490 -56.711380 126.850693 -65.146339 -74.355156 130.060791 -65.611855 -73.593712 127.787476 -64.721794 -73.149643 132.113052 -63.477299 -62.995541 138.078400 -63.578819 -65.390732 137.589035 -63.770947 -61.021572 136.662766 -79.320427 -13.325495 68.388870 
						-78.941376 -14.671628 70.217087 -79.959320 -21.623505 65.309410 -80.338379 -20.277372 63.481197 -79.346565 -23.820154 68.293938 -78.730881 -26.035213 71.303940 -78.328613 -16.868277 73.201614 -77.712181 -19.083197 76.211258 -78.076767 -28.372925 74.388084 -77.045723 -21.335829 79.355560 -78.632568 -15.773026 71.713203 -79.650520 -22.724903 66.805527 -78.411537 -27.182482 72.820778 -77.378212 -20.189112 77.750450 -65.729919 -64.125137 134.364273 -65.504066 -64.338058 134.160645 -65.380356 -64.777222 134.757065 -65.606209 -64.564301 134.960693 -65.516129 -63.971619 134.102463 -65.640732 -63.516010 134.794281 -65.426941 -63.362499 134.532471 -65.305931 -64.717819 135.115875 -65.216736 -64.108688 135.545883 -65.517014 -63.955173 135.390717 -65.352516 -63.303085 134.891281 -65.228806 -63.742249 135.487717 -62.975410 -60.194328 136.279297 -63.269585 -60.395344 136.511566 -63.525417 -60.239067 136.620316 -62.997276 -60.177422 136.289078 -62.885075 -60.530117 136.090790 -61.996719 -60.194328 136.076294 -62.152248 -60.528851 135.939713 -63.104729 -60.692028 136.336288 -62.978611 -61.141891 136.944336 -63.122662 -60.916912 137.219910 -62.744934 -61.012497 137.390457 -62.760883 -61.002899 137.407593 -63.364635 -60.816868 137.408066 -62.676834 -61.275043 137.105530 -61.944378 -61.276314 136.952667 -61.766247 -61.012497 137.187454 -61.634430 -60.395344 136.172409 -61.977043 -60.178448 136.077148 -61.354412 -60.235565 136.167679 -61.855259 -60.694687 136.077850 -61.487507 -60.916912 136.880753 -61.728725 -61.141727 136.687881 -61.766247 -61.012497 137.187454 -61.193985 -60.815815 136.953705 -61.740406 -61.002289 137.196823 -63.484966 -59.843704 136.557556 -63.698265 -59.982273 136.823029 -63.696095 -57.793247 138.300201 -63.488880 -57.608013 137.989609 -61.418530 -59.843704 136.128937 -63.529987 -60.579655 137.634338 -63.232086 -60.741402 137.776718 -63.179752 -58.705391 139.479965 -63.496513 -58.517250 139.245880 -61.740406 -61.002289 137.196823 -61.165653 -60.741402 137.348099 -61.165653 -60.741402 137.348099 -60.948948 -60.579655 137.098984 -60.338707 -58.517246 138.590897 
						-60.536232 -58.705387 138.931641 -61.117229 -59.982277 136.287674 -60.845360 -57.608013 137.441299 -60.533127 -57.827068 137.653549 -63.446903 -57.582733 138.403534 -60.719254 -57.582733 137.837769 -63.696095 -57.793247 138.300201 -63.496513 -58.517250 139.245880 -63.243504 -58.304787 139.384155 -63.179752 -58.705391 139.479965 -60.536232 -58.705387 138.931641 -60.542171 -58.288845 138.801270 -60.338707 -58.517246 138.590897 -60.533127 -57.827068 137.653549 -60.536232 -58.705387 138.931641 -61.944378 -61.276314 136.952667 -63.790413 -63.363487 134.192307 -63.878677 -63.971523 133.762894 -65.516129 -63.971619 134.102463 -65.426941 -63.362499 134.532471 -65.352516 -63.303085 134.891281 -63.724831 -63.300453 134.549942 -65.228806 -63.742249 135.487717 -63.600662 -63.744263 135.152847 -65.216736 -64.108688 135.545883 -63.579315 -64.108795 135.206177 -65.305931 -64.717819 135.115875 -63.669113 -64.716827 134.777100 -65.305931 -64.717819 135.115875 -63.751183 -64.779861 134.422882 -63.669113 -64.716827 134.777100 -63.877056 -64.336044 133.820313 -61.913551 -62.400108 135.796814 -62.039379 -61.955040 135.190170 -62.128735 -62.539429 136.060852 -62.861897 -62.538479 136.213623 -62.128735 -62.539429 136.060852 -63.163296 -62.400238 136.053925 -63.288815 -61.953053 135.448792 -63.070629 -61.793240 135.199203 -62.337185 -61.792286 135.047775 -87.917564 21.807697 30.675865 -79.718147 21.807697 28.975143 -79.627693 21.692863 29.411179 -87.827126 21.692863 31.111900 -88.112221 21.862293 30.973137 -88.196022 22.561775 30.569077 -87.984688 22.368000 30.352196 -87.827126 21.692863 31.111900 -87.713326 22.023407 31.660522 -87.970161 22.274960 31.658024 -87.961372 22.813328 30.464653 -79.761955 22.813328 28.763927 -79.785271 22.368000 28.651474 -88.053963 22.974430 31.253967 -87.847572 23.143833 31.013283 -87.961372 22.813328 30.464653 -87.713326 22.023407 31.660522 -79.513908 22.023407 29.959801 -79.490578 22.468746 30.072227 -87.690010 22.468746 31.772949 -87.690010 22.468746 31.772949 -87.757133 23.029030 31.449295 -87.757133 23.029030 31.449295 
						-79.557716 23.029030 29.748573 -79.648155 23.143833 29.312561 -87.847572 23.143833 31.013283 -79.513908 22.023407 29.959801 -87.713326 22.023407 31.660522 -86.266716 25.294331 38.634792 -78.067299 25.294331 36.934074 -77.986809 25.061115 37.322163 -86.186226 25.061115 39.022888 -86.460304 25.277409 38.937260 -86.501671 26.063599 38.737785 -86.299858 25.924076 38.475014 -86.186226 25.061115 39.022888 -86.058327 25.224277 39.639500 -86.300636 25.481129 39.707039 -86.252495 26.320438 38.703396 -78.053078 26.320438 37.002674 -78.100441 25.924076 36.774292 -86.342003 26.267292 39.507576 -86.124596 26.483570 39.319996 -86.252495 26.320438 38.703396 -86.058327 25.224277 39.639500 -77.858910 25.224277 37.938778 -77.811546 25.620655 38.167145 -86.010963 25.620655 39.867867 -86.010963 25.620655 39.867867 -86.044090 26.250385 39.708092 -86.044090 26.250385 39.708092 -77.844673 26.250385 38.007370 -77.925179 26.483570 37.619274 -86.124596 26.483570 39.319996 -77.858910 25.224277 37.938778 -86.058327 25.224277 39.639500 -84.487160 26.066723 47.214310 -76.287743 26.066723 45.513588 -76.228233 25.712307 45.800529 -84.427650 25.712307 47.501251 -84.685036 25.963230 47.496048 -84.669472 26.771740 47.571091 -84.474693 26.714359 47.274414 -84.427650 25.712307 47.501251 -84.296120 25.650913 48.135391 -84.520836 25.886600 48.287704 -84.402702 27.007420 47.621475 -76.203285 27.007420 45.920753 -76.275276 26.714359 45.573692 -84.505272 26.695103 48.362740 -84.271187 26.945988 48.255585 -84.402702 27.007420 47.621475 -84.296120 25.650913 48.135391 -76.096687 25.650913 46.434669 -76.024712 25.944004 46.781700 -84.224129 25.944004 48.482422 -84.224129 25.944004 48.482422 -84.211662 26.591610 48.542526 -84.211662 26.591610 48.542526 -76.012245 26.591610 46.841805 -76.071770 26.945988 46.554863 -84.271187 26.945988 48.255585 -76.096687 25.650913 46.434669 -84.296120 25.650913 48.135391 -82.740410 23.957798 55.635666 -74.540993 23.957798 53.934944 -74.503899 23.535740 54.113777 
						-82.703316 23.535740 55.814499 -82.946037 23.792698 55.880005 -82.885323 24.547810 56.172760 -82.691765 24.562656 55.870163 -82.703316 23.535740 55.814499 -82.580467 23.296246 56.406738 -82.792686 23.493732 56.619370 -82.606041 24.745289 56.283463 -74.406624 24.745289 54.582741 -74.492348 24.562656 54.169441 -82.731956 24.248829 56.912117 -82.483208 24.505772 56.875668 -82.606041 24.745289 56.283463 -82.580467 23.296246 56.406738 -74.381050 23.296246 54.706017 -74.295326 23.478901 55.119305 -82.494743 23.478901 56.820030 -82.494743 23.478901 56.820030 -82.446114 24.083744 57.054512 -82.446114 24.083744 57.054512 -74.246696 24.083744 55.353790 -74.283791 24.505772 55.174950 -82.483208 24.505772 56.875668 -74.381050 23.296246 54.706017 -82.580467 23.296246 56.406738 -81.229485 19.281578 62.920029 -73.030067 19.281578 61.219307 -73.023308 18.822899 61.251873 -81.222725 18.822899 62.952595 -81.448418 19.060596 63.100254 -81.340523 19.674900 63.620419 -81.143059 19.773640 63.336697 -81.222725 18.822899 62.952595 -81.122795 18.397358 63.434395 -81.323662 18.529377 63.701748 -81.049904 19.806873 63.785831 -72.850487 19.806873 62.085110 -72.943642 19.773640 61.635975 -81.215767 19.143650 64.221901 -80.949974 19.381332 64.267593 -81.049904 19.806873 63.785831 -81.122795 18.397358 63.434395 -72.923378 18.397358 61.733673 -72.830223 18.430637 62.182804 -81.029640 18.430637 63.883526 -81.029640 18.430637 63.883526 -80.943214 18.922676 64.300179 -80.943214 18.922676 64.300179 -72.743797 18.922676 62.599457 -72.750557 19.381332 62.566872 -80.949974 19.381332 64.267593 -72.923378 18.397358 61.733673 -81.122795 18.397358 63.434395 -80.088692 12.387226 68.419945 -71.889275 12.387226 66.719215 -71.911354 11.940376 66.612762 -80.110771 11.940376 68.313484 -80.322655 12.136452 68.527733 -80.181755 12.558659 69.207054 -79.975838 12.725422 68.964088 -80.110771 11.940376 68.313484 -80.042091 11.384655 68.644630 -80.236900 11.442692 68.941154 -79.885078 12.616673 69.401634 
						-71.685661 12.616673 67.700905 -71.776405 12.725422 67.263367 -80.096001 11.864887 69.620445 -79.816399 12.060951 69.732735 -79.885078 12.616673 69.401634 -80.042091 11.384655 68.644630 -71.842674 11.384655 66.943909 -71.751915 11.275932 67.381462 -79.951332 11.275932 69.082191 -79.951332 11.275932 69.082191 -79.838478 11.614124 69.626305 -79.838478 11.614124 69.626305 -71.639061 11.614124 67.925591 -71.616982 12.060951 68.032013 -79.816399 12.060951 69.732735 -71.842674 11.384655 66.943909 -80.042091 11.384655 68.644630 -79.448586 4.217054 71.505974 -71.249168 4.217054 69.805252 -71.302208 3.838514 69.549553 -79.501625 3.838514 71.250267 -79.701515 3.962088 71.522324 -79.539284 4.108671 72.304482 -79.318642 4.334471 72.132500 -79.501625 3.838514 71.250267 -79.477791 3.198660 71.365227 -79.671745 3.163305 71.665855 -79.241753 4.073294 72.503166 -71.042336 4.073294 70.802437 -71.119225 4.334471 70.431786 -79.509514 3.309874 72.447990 -79.217918 3.433447 72.618095 -79.241753 4.073294 72.503166 -79.477791 3.198660 71.365227 -71.278374 3.198660 69.664513 -71.201485 2.937506 70.035194 -79.400902 2.937506 71.735909 -79.400902 2.937506 71.735909 -79.270958 3.054922 72.362404 -79.270958 3.054922 72.362404 -71.071541 3.054922 70.661690 -71.018501 3.433447 70.917366 -79.217918 3.433447 72.618095 -71.278374 3.198660 69.664513 -79.477791 3.198660 71.365227 -79.375374 -4.612436 71.858963 -71.175957 -4.612436 70.158241 -71.248619 -4.901407 69.807945 -79.448036 -4.901407 71.508659 -79.642677 -4.846916 71.805954 -79.478676 -4.932840 72.596703 -79.243996 -4.681267 72.492386 -79.448036 -4.901407 71.508659 -79.462013 -5.548286 71.441261 -79.660133 -5.654490 71.721825 -79.185310 -5.039057 72.775322 -70.985893 -5.039057 71.074593 -71.044579 -4.681267 70.791664 -79.496117 -5.740410 72.512566 -79.199287 -5.685923 72.707886 -79.185310 -5.039057 72.775322 -79.462013 -5.548286 71.441261 -71.262596 -5.548286 69.740547 -71.203911 -5.906061 70.023506 
						-79.403328 -5.906061 71.724220 -79.403328 -5.906061 71.724220 -79.271950 -5.974878 72.357613 -79.271950 -5.974878 72.357613 -71.072533 -5.974878 70.656883 -70.999870 -5.685923 71.007164 -79.199287 -5.685923 72.707886 -71.262596 -5.548286 69.740547 -79.462013 -5.548286 71.441261 -85.447159 0.425112 35.775150 -85.443649 0.318623 35.792061 -87.663368 0.318058 36.253273 -87.673569 0.423903 36.236065 -87.705399 0.372566 36.302128 -87.561554 -0.043396 36.744167 -87.603577 0.011110 36.793022 -87.705399 0.372566 36.302128 -87.734589 1.249393 36.952591 -87.701874 1.305367 36.890976 -85.341515 -0.043964 36.284489 -85.319885 -0.026697 36.388760 -87.546295 -0.027906 36.849667 -87.603577 0.011110 36.793022 -87.546295 -0.027906 36.849667 -87.574600 0.853558 37.504581 -87.632446 0.886806 37.445019 -87.644272 2.805983 38.080009 -87.611992 2.854399 38.012917 -87.484718 2.402590 38.626526 -87.542137 2.443396 38.572437 -84.483765 6.873980 40.419811 -84.505394 6.856716 40.315544 -86.731453 6.857929 40.778160 -86.703484 6.873415 40.881020 -86.761444 6.819534 40.852764 -87.017891 5.976469 40.188538 -87.047279 5.943216 40.266193 -86.761444 6.819534 40.852764 -86.659653 6.457453 41.343811 -86.601662 6.511959 41.371918 -84.378120 6.404907 40.929142 -84.381622 6.511395 40.912239 -86.604179 6.406118 41.391766 -86.604179 6.406118 41.391766 -86.659653 6.457453 41.343811 -86.945145 5.580629 40.758621 -86.890617 5.524658 40.802143 -87.310684 4.024050 39.688297 -87.254387 3.975632 39.737015 -87.412819 4.386637 39.195869 -87.381660 4.427443 39.123405 -85.319885 -0.026697 36.388760 -84.378120 6.404907 40.929142 -67.747574 -65.580803 124.636887 -67.623856 -66.019974 125.233307 -67.336884 -65.815521 125.324326 -67.460602 -65.376350 124.727905 -67.533783 -65.427292 124.375084 -67.619423 -66.012177 123.962173 -67.833214 -66.165695 124.223984 -67.709503 -66.604858 124.820404 -67.409225 -66.758362 124.975586 -67.323578 -66.173477 125.388489 -67.606117 -66.370148 124.026337 
						-67.482407 -66.809311 124.622757 -66.066925 -68.983749 121.374649 -66.092682 -68.993423 121.365669 -66.638741 -69.177414 121.610535 -66.345970 -69.081436 121.679871 -65.890541 -68.731865 121.601013 -65.158073 -68.733078 121.448181 -65.088234 -68.983749 121.171646 -66.199043 -69.602997 122.388214 -65.979744 -69.314087 122.475418 -66.106270 -68.866989 121.865417 -66.478310 -69.757614 122.396591 -65.856056 -69.817291 122.485321 -65.836449 -69.801918 122.485809 -64.857758 -69.801918 122.282806 -64.949844 -69.478050 122.462906 -65.682663 -69.479263 122.614006 -64.710815 -69.081436 121.340714 -64.468086 -69.176300 121.156204 -65.072212 -68.992828 121.154877 -64.856392 -68.866882 121.608932 -64.730263 -69.316681 122.217010 -64.563889 -69.602997 122.049057 -64.857758 -69.801918 122.282806 -64.835808 -69.818283 122.273415 -64.307304 -69.754150 121.943924 -66.665703 -69.242477 121.222733 -67.282669 -71.193497 119.699188 -67.490585 -71.383499 120.006424 -66.882332 -69.403763 121.472183 -64.599274 -69.242477 120.794113 -66.714050 -70.001144 122.283478 -67.285873 -72.072449 120.976837 -66.973549 -72.290878 121.189529 -66.412827 -70.140175 122.441910 -64.346390 -70.140175 122.013290 -64.835808 -69.818283 122.273415 -64.346390 -70.140175 122.013290 -64.330025 -72.290878 120.641220 -64.128059 -72.072449 120.321854 -64.133018 -70.001144 121.748131 -64.301300 -69.403763 120.936829 -64.322487 -71.382263 119.384506 -64.639153 -71.193497 119.150864 -64.574165 -71.585632 119.252663 -67.301819 -71.585632 119.818420 -67.098419 -72.307693 120.799042 -67.285873 -72.072449 120.976837 -67.490585 -71.383499 120.006424 -64.397087 -72.291748 120.216171 -64.330025 -72.290878 120.641220 -66.973549 -72.290878 121.189529 -64.322487 -71.382263 119.384506 -64.128059 -72.072449 120.321854 -64.330025 -72.290878 120.641220 -64.949844 -69.478050 122.462906 -65.982613 -66.011230 123.623375 -67.619423 -66.012177 123.962173 -67.533783 -65.427292 124.375084 -65.896355 -65.427391 124.035378 -65.978432 -66.367508 123.684982 -67.606117 -66.370148 124.026337 -65.854263 -66.811310 124.287903 -67.482407 -66.809311 124.622757 
						-65.771774 -66.758270 124.636017 -67.409225 -66.758362 124.975586 -67.323578 -66.173477 125.388489 -65.687050 -66.174438 125.048340 -67.323578 -66.173477 125.388489 -65.687050 -66.174438 125.048340 -65.707718 -65.818146 124.990143 -65.833588 -65.374344 124.387581 -64.679047 -67.658646 122.463959 -64.553520 -68.105789 123.069122 -64.771645 -68.265190 123.319000 -65.505081 -68.266098 123.470444 -64.771645 -68.265190 123.319000 -65.802963 -68.103836 123.327713 -65.928780 -67.658722 122.721115 -65.713539 -67.518997 122.457359 -64.980370 -67.519913 122.304611 -86.938026 9.844563 22.497112 -87.971718 9.364937 23.969402 -88.114281 9.717014 23.179783 -88.209869 10.135914 22.412899 -88.257645 10.617580 21.675819 -85.963028 16.503124 27.197723 -87.282646 17.276146 26.376431 -87.243668 16.734371 27.071079 -87.174377 16.135880 27.711178 -87.075409 15.486092 28.290630 -87.353195 18.244957 24.731712 -87.338120 18.311352 24.837463 -81.248405 18.311405 23.574677 -81.270035 18.245605 23.470425 -87.329277 18.283092 24.959736 -81.223663 18.282631 23.693958 -88.304276 11.624527 20.259125 -88.301682 11.730877 20.191990 -82.212029 11.730560 18.928928 -82.198662 11.624065 18.993351 -88.289154 11.853012 20.219318 -82.206184 11.852360 18.957115 -86.612602 12.519211 30.521877 -86.605385 12.636135 30.556698 -88.141434 12.636127 30.874966 -88.148697 12.518440 30.839924 -86.605385 12.636135 30.556698 -86.614204 12.750362 30.514160 -88.150314 12.751091 30.832157 -88.270325 12.548874 30.827515 -88.911629 8.166851 27.733990 -88.788506 8.141884 27.750080 -88.333527 12.630936 30.759293 -88.979988 8.216080 27.642632 -88.809479 8.070190 27.651527 -87.274040 8.069653 27.332993 -87.253792 8.140331 27.430611 -88.835007 8.075127 27.531158 -87.298843 8.074776 27.213432 -87.274040 8.069653 27.332993 -89.816841 9.863525 23.608040 -89.780304 9.759624 23.548378 -89.617241 9.407269 24.334511 -89.655151 9.514145 24.387562 -89.671387 9.716602 23.504150 -89.507729 9.363007 24.293079 -89.043907 16.610874 27.334454 
						-88.981697 16.698700 27.398552 -89.121613 17.240982 26.724026 -89.182648 17.148617 26.665577 -88.862114 16.735035 27.405704 -89.002518 17.279243 26.728779 -80.722382 16.503124 26.110710 -81.697380 9.844563 21.410099 -89.144798 11.852360 20.396320 -88.208649 18.245605 24.909626 -89.988792 11.627918 20.889309 -89.052643 18.021164 25.402618 -90.211960 11.086102 21.703106 -89.275810 17.479343 26.216412 -88.731583 16.134720 28.035011 -88.611740 15.481987 28.612774 -90.118797 10.755367 22.152271 -88.796982 15.374870 28.524937 -89.865044 11.422054 20.869663 -89.105431 11.624065 20.425945 -89.977516 10.620682 22.028168 -90.065895 10.934406 21.602093 -88.890045 18.080620 25.570271 -89.090897 17.592972 26.302700 -88.130432 18.282631 25.126560 -89.828293 10.136696 22.747616 -89.971344 10.277157 22.863167 -88.915390 16.019798 27.954056 -88.177704 18.311405 25.011951 -89.141327 11.730560 20.366199 -89.960602 11.512680 20.844761 -88.996979 18.093533 25.490513 -90.177231 10.986725 21.634724 -89.213608 17.567577 26.280476 -89.936531 10.177872 22.795177 -90.085228 10.660130 22.078278 -88.945038 8.118450 27.574604 -88.271500 12.718243 30.821823 -88.732330 15.450611 28.600811 -88.851746 16.101017 28.025082 -88.240646 12.635120 30.865280 -88.904686 8.098557 27.662674 -71.207336 -56.258141 110.700790 -71.080063 -56.709946 111.314392 -70.105453 -50.054008 116.013153 -70.232727 -49.602196 115.399536 -70.232727 -49.602196 115.399536 -70.105453 -50.054008 116.013153 -69.348999 -50.054008 115.856247 -69.476273 -49.602196 115.242645 -70.450882 -56.258141 110.543884 -70.323608 -56.709946 111.157486 -71.080063 -56.709946 111.314392 -71.207336 -56.258141 110.700790 -70.323608 -56.709946 111.157486 -69.348999 -50.054008 115.856247 -70.450882 -56.258141 110.543884 -69.476273 -49.602196 115.242645 -72.188484 -52.506836 105.970551 -72.061211 -52.958649 106.584152 -71.132683 -46.617470 111.060699 -71.259956 -46.165665 110.447098 -71.259956 -46.165665 110.447098 -71.132683 -46.617470 111.060699 -70.376228 -46.617470 110.903793 
						-70.503502 -46.165665 110.290192 -71.432030 -52.506836 105.813644 -71.304756 -52.958649 106.427246 -72.061211 -52.958649 106.584152 -72.188484 -52.506836 105.970551 -71.304756 -52.958649 106.427246 -70.376228 -46.617470 110.903793 -71.432030 -52.506836 105.813644 -70.503502 -46.165665 110.290192 -73.119041 -49.108025 101.484207 -72.991768 -49.559830 102.097816 -71.922066 -42.254539 107.254982 -72.049339 -41.802731 106.641380 -72.049339 -41.802731 106.641380 -71.922066 -42.254539 107.254982 -71.165611 -42.254539 107.098083 -71.292885 -41.802731 106.484474 -72.362587 -49.108025 101.327309 -72.235313 -49.559830 101.940910 -72.991768 -49.559830 102.097816 -73.119041 -49.108025 101.484207 -72.235313 -49.559830 101.940910 -71.165611 -42.254539 107.098083 -72.362587 -49.108025 101.327309 -71.292885 -41.802731 106.484474 -74.000740 -45.785149 97.233383 -73.873466 -46.236954 97.846985 -72.708931 -38.283951 103.461411 -72.836205 -37.832142 102.847801 -72.836205 -37.832142 102.847801 -72.708931 -38.283951 103.461411 -71.952477 -38.283951 103.304504 -72.079750 -37.832142 102.690903 -73.244286 -45.785149 97.076477 -73.117012 -46.236954 97.690086 -73.873466 -46.236954 97.846985 -74.000740 -45.785149 97.233383 -73.117012 -46.236954 97.690086 -71.952477 -38.283951 103.304504 -73.244286 -45.785149 97.076477 -72.079750 -37.832142 102.690903 -74.938049 -42.203949 92.714493 -74.810776 -42.655754 93.328094 -73.695145 -35.036797 98.706696 -73.822418 -34.584988 98.093094 -73.822418 -34.584988 98.093094 -73.695145 -35.036797 98.706696 -72.938690 -35.036797 98.549789 -73.065964 -34.584988 97.936188 -74.181595 -42.203949 92.557587 -74.054321 -42.655754 93.171188 -74.810776 -42.655754 93.328094 -74.938049 -42.203949 92.714493 -74.054321 -42.655754 93.171188 -72.938690 -35.036797 98.549789 -74.181595 -42.203949 92.557587 -73.065964 -34.584988 97.936188 -75.807335 -38.879723 88.523560 -75.680061 -39.331532 89.137169 -74.610359 -32.026237 94.294334 -74.737633 -31.574427 93.680733 -74.737633 -31.574427 93.680733 -74.610359 -32.026237 94.294334 -73.853905 -32.026237 94.137436 
						-73.981178 -31.574427 93.523827 -75.050880 -38.879723 88.366661 -74.923607 -39.331532 88.980263 -75.680061 -39.331532 89.137169 -75.807335 -38.879723 88.523560 -74.923607 -39.331532 88.980263 -73.853905 -32.026237 94.137436 -75.050880 -38.879723 88.366661 -73.981178 -31.574427 93.523827 -80.649696 -21.072929 65.177803 -80.522423 -21.524740 65.791405 -79.571579 -15.031139 70.375557 -79.698853 -14.579330 69.761955 -79.698853 -14.579330 69.761955 -79.571579 -15.031139 70.375557 -78.815132 -15.031139 70.218651 -78.942406 -14.579330 69.605049 -79.893250 -21.072929 65.020897 -79.765976 -21.524740 65.634499 -80.522423 -21.524740 65.791405 -80.649696 -21.072929 65.177803 -79.765976 -21.524740 65.634499 -78.815132 -15.031139 70.218651 -79.893250 -21.072929 65.020897 -78.942406 -14.579330 69.605049 -80.223892 -22.584507 67.230667 -80.096619 -23.036316 67.844276 -79.145775 -16.542709 72.428429 -79.273048 -16.090900 71.814827 -79.273048 -16.090900 71.814827 -79.145775 -16.542709 72.428429 -78.389328 -16.542709 72.271530 -78.516602 -16.090900 71.657921 -79.467445 -22.584507 67.073769 -79.340172 -23.036316 67.687370 -80.096619 -23.036316 67.844276 -80.223892 -22.584507 67.230667 -79.340172 -23.036316 67.687370 -78.389328 -16.542709 72.271530 -79.467445 -22.584507 67.073769 -78.516602 -16.090900 71.657921 -79.756874 -24.242382 69.482246 -79.629601 -24.694193 70.095848 -78.678757 -18.200592 74.680000 -78.806030 -17.748781 74.066399 -78.806030 -17.748781 74.066399 -78.678757 -18.200592 74.680000 -77.922310 -18.200592 74.523094 -78.049583 -17.748781 73.909492 -79.000427 -24.242382 69.325340 -78.873154 -24.694193 69.938942 -79.629601 -24.694193 70.095848 -79.756874 -24.242382 69.482246 -78.873154 -24.694193 69.938942 -77.922310 -18.200592 74.523094 -79.000427 -24.242382 69.325340 -78.049583 -17.748781 73.909492 -79.219017 -26.151722 72.075325 -79.091743 -26.603531 72.688927 -78.140900 -20.109936 77.273079 -78.268173 -19.658127 76.659477 -78.268173 -19.658127 76.659477 -78.140900 -20.109936 77.273079 -77.384453 -20.109936 77.116173 
						-77.511726 -19.658127 76.502571 -78.462570 -26.151722 71.918419 -78.335297 -26.603531 72.532021 -79.091743 -26.603531 72.688927 -79.219017 -26.151722 72.075325 -78.335297 -26.603531 72.532021 -77.384453 -20.109936 77.116173 -78.462570 -26.151722 71.918419 -77.511726 -19.658127 76.502571 -78.666237 -28.237415 74.740364 -78.538963 -28.689224 75.353966 -77.564354 -22.033283 80.052727 -77.691628 -21.581474 79.439117 -77.691628 -21.581474 79.439117 -77.564354 -22.033283 80.052727 -76.807899 -22.033283 79.895821 -76.935173 -21.581474 79.282219 -77.909782 -28.237415 74.583458 -77.782509 -28.689224 75.197067 -78.538963 -28.689224 75.353966 -78.666237 -28.237415 74.740364 -77.782509 -28.689224 75.197067 -76.807899 -22.033283 79.895821 -77.909782 -28.237415 74.583458 -76.935173 -21.581474 79.282219 -78.066887 -30.495998 77.629921 -77.939613 -30.947807 78.243523 -76.939766 -24.119556 83.063927 -77.067039 -23.667747 82.450317 -77.067039 -23.667747 82.450317 -76.939766 -24.119556 83.063927 -76.183311 -24.119556 82.907021 -76.310585 -23.667747 82.293419 -77.310432 -30.495998 77.473015 -77.183159 -30.947807 78.086624 -77.939613 -30.947807 78.243523 -78.066887 -30.495998 77.629921 -77.183159 -30.947807 78.086624 -76.183311 -24.119556 82.907021 -77.310432 -30.495998 77.473015 -76.310585 -23.667747 82.293419 -77.412674 -32.926804 80.784004 -77.285400 -33.378613 81.397606 -76.264664 -26.407726 86.318703 -76.391937 -25.955917 85.705093 -76.391937 -25.955917 85.705093 -76.264664 -26.407726 86.318703 -75.508209 -26.407726 86.161797 -75.635483 -25.955917 85.548195 -76.656219 -32.926804 80.627098 -76.528946 -33.378613 81.240707 -77.285400 -33.378613 81.397606 -77.412674 -32.926804 80.784004 -76.528946 -33.378613 81.240707 -75.508209 -26.407726 86.161797 -76.656219 -32.926804 80.627098 -75.635483 -25.955917 85.548195 -76.636742 -35.819550 84.524872 -76.509468 -36.271358 85.138474 -75.462090 -29.118525 90.188011 -75.589363 -28.666716 89.574409 -75.589363 -28.666716 89.574409 -75.462090 -29.118525 90.188011 -74.705635 -29.118525 90.031113 
						-74.832909 -28.666716 89.417511 -75.880287 -35.819550 84.367973 -75.753014 -36.271358 84.981575 -76.509468 -36.271358 85.138474 -76.636742 -35.819550 84.524872 -75.753014 -36.271358 84.981575 -74.705635 -29.118525 90.031113 -75.880287 -35.819550 84.367973 -74.832909 -28.666716 89.417511 -87.306030 5.774565 40.217361 -87.202347 5.406483 40.717251 -87.147545 5.780693 40.981426 -87.251236 6.148775 40.481529 -86.695824 5.780693 40.887730 -86.799507 6.148775 40.387836 -86.750618 5.406483 40.623558 -86.854309 5.774565 40.123665 -86.854309 5.774565 40.123665 -86.750618 5.406483 40.623558 -88.267487 11.875156 29.978252 -87.815781 11.875156 29.884556 -88.212692 12.249367 30.242424 -87.760986 12.249367 30.148731 -87.815781 11.875156 29.884556 -72.078461 -42.082077 106.528160 -72.530197 -42.082077 106.621864 -72.023666 -41.707870 106.792328 -72.078461 -42.082077 106.528160 -72.475403 -41.707870 106.886032 -87.583900 4.621279 39.425804 -87.480209 4.253197 39.925694 -87.425415 4.627407 40.189869 -87.529099 4.995489 39.689976 -86.973686 4.627407 40.096172 -87.077377 4.995489 39.596283 -87.028481 4.253197 39.832001 -87.132172 4.621279 39.332104 -87.132172 4.621279 39.332104 -87.028481 4.253197 39.832001 -88.385811 11.067116 29.407810 -87.934105 11.067116 29.314114 -88.331017 11.441322 29.671982 -87.879311 11.441322 29.578289 -87.934105 11.067116 29.314114 -68.611115 -57.799358 124.431305 -69.062851 -57.799358 124.525017 -68.556313 -57.425148 124.695480 -68.611115 -57.799358 124.431305 -69.008057 -57.425148 124.789185 -65.929321 -60.403862 128.592941 -66.381058 -60.403862 128.686646 -65.874519 -60.029648 128.857101 -65.929321 -60.403862 128.592941 -66.326263 -60.029648 128.950806 -87.983353 2.172886 37.705856 -87.879669 1.804804 38.205746 -87.824875 2.179014 38.469925 -87.928558 2.547096 37.970028 -87.373146 2.179014 38.376225 -87.476837 2.547096 37.876335 -87.427940 1.804804 38.112053 -87.531631 2.172886 37.612156 -87.531631 2.172886 37.612156 -87.427940 1.804804 38.112053 
						-88.599846 9.605423 28.375931 -88.148132 9.605423 28.282238 -88.545052 9.979637 28.640106 -88.093338 9.979637 28.546413 -88.148132 9.605423 28.282238 -69.090446 -61.072899 122.120361 -69.542191 -61.072899 122.214066 -69.035652 -60.698689 122.384537 -69.090446 -61.072899 122.120361 -69.487396 -60.698689 122.478241 -65.680611 -70.695969 129.792007 -66.132347 -70.695969 129.885696 -65.625816 -70.321762 130.056168 -65.680611 -70.695969 129.792007 -66.077553 -70.321762 130.149872 -88.057945 0.917301 36.796818 -87.954262 0.549219 37.296703 -87.899467 0.923429 37.560883 -88.003151 1.291512 37.060986 -87.447739 0.923429 37.467186 -87.551430 1.291512 36.967293 -87.502533 0.549219 37.203011 -87.606224 0.917301 36.703121 -87.606224 0.917301 36.703121 -87.502533 0.549219 37.203011 -88.713226 8.831112 27.829311 -88.261513 8.831112 27.735615 -88.658432 9.205322 28.093483 -88.206718 9.205322 27.999790 -88.261513 8.831112 27.735615 -69.343658 -62.802128 120.899612 -69.795395 -62.802128 120.993317 -69.288864 -62.427917 121.163773 -69.343658 -62.802128 120.899612 -69.740601 -62.427917 121.257484 -66.820679 -66.298279 124.295547 -67.272423 -66.298279 124.389236 -66.765884 -65.924057 124.559708 -66.820679 -66.298279 124.295547 -67.217628 -65.924057 124.653419 -87.807793 3.399120 38.572346 -87.704109 3.031038 39.072239 -87.649315 3.405249 39.336411 -87.752998 3.773331 38.836517 -87.197586 3.405249 39.242714 -87.301277 3.773331 38.742817 -87.252380 3.031038 38.978539 -87.356071 3.399120 38.478649 -87.356071 3.399120 38.478649 -87.252380 3.031038 38.978539 -88.493111 10.334351 28.890514 -88.041397 10.334351 28.796822 -88.438309 10.708561 29.154686 -87.986603 10.708561 29.060997 -88.041397 10.334351 28.796822 -68.843124 -59.383888 123.312714 -69.294868 -59.383888 123.406418 -68.788330 -59.009682 123.576889 -68.843124 -59.383888 123.312714 -69.240074 -59.009682 123.670593 -64.743042 -64.031746 134.312149 -65.194778 -64.031746 134.405838 -64.688240 -63.657539 134.576324 -64.743042 -64.031746 134.312149 
						-65.139984 -63.657539 134.670013 -69.693695 -63.395214 119.885651 -69.699234 -63.226982 119.858948 -68.855118 -63.226982 119.683853 -68.849579 -63.395214 119.710556 -69.797356 -63.297455 119.979126 -69.534851 -63.959110 120.651489 -69.638512 -63.861355 120.744965 -69.699234 -63.226982 119.858948 -68.761436 -56.222805 124.973480 -68.663315 -56.152328 124.853287 -69.500679 -63.931839 120.816208 -68.690727 -63.959110 120.476402 -68.656555 -63.931839 120.641129 -69.500679 -63.931839 120.816208 -68.464752 -56.857182 125.810562 -68.602585 -56.786705 125.739319 -68.663315 -56.152328 124.853287 -68.629143 -56.125053 125.018021 -67.785019 -56.125053 124.842926 -67.819191 -56.152328 124.678207 -68.470291 -56.688953 125.783844 -68.464752 -56.857182 125.810562 -67.620636 -56.857182 125.635475 -67.626175 -56.688953 125.608765 -68.656555 -63.931839 120.641129 -67.620636 -56.857182 125.635475 -68.855118 -63.226982 119.683853 -67.819191 -56.152328 124.678207 
					</float_array>
					<technique_common>
						<accessor count="2589" offset="0" source="#meshId0-positions-array" stride="3">
							<param name="X" type="float" />
							<param name="Y" type="float" />
							<param name="Z" type="float" />
						</accessor>
					</technique_common>
				</source>
				<source id="meshId0-normals" name="meshId0-normals">
					<float_array id="meshId0-normals-array" count="7767"> 
						-0.808860 0.413534 -0.418013 -0.575871 -0.413537 0.705237 -0.575872 -0.413537 0.705236 -0.808860 0.413534 -0.418013 0.118779 0.811157 0.572639 0.118779 0.811157 0.572639 0.118779 0.811157 0.572639 0.118779 0.811157 0.572639 -0.118780 -0.811156 -0.572641 -0.118780 -0.811156 -0.572641 -0.118780 -0.811156 -0.572641 -0.118780 -0.811156 -0.572641 0.164743 -0.584826 0.794253 0.164743 -0.584826 0.794253 -0.164752 0.584822 -0.794254 -0.164752 0.584823 -0.794254 -0.993940 -0.048405 -0.098690 -0.262237 -0.647612 -0.715423 -0.185502 -0.919943 -0.345390 -0.923484 -0.298509 0.240977 -0.295835 0.377535 -0.877468 -0.943144 0.298503 0.146203 -0.240921 0.752608 -0.612812 0.022694 -0.752606 0.658080 0.077567 -0.377538 0.922740 -0.872690 0.048404 0.485869 -0.032825 0.919944 0.390674 0.043943 0.647612 0.760702 -0.949769 -0.033135 -0.311192 -0.568922 -0.821841 0.030091 -0.589022 -0.807889 0.019175 -0.905605 0.110110 -0.409579 -0.963931 0.196827 -0.179157 -0.744505 0.169620 -0.645711 -0.759390 0.401302 -0.512135 -0.690202 -0.447891 0.568344 -0.226588 -0.635106 0.738443 -0.220450 -0.962840 0.156012 0.668334 -0.689745 0.278533 0.791920 -0.573639 0.209286 -0.192419 -0.967433 0.164465 0.745621 -0.495316 0.445771 0.950286 -0.289997 0.113390 0.874257 -0.482576 -0.052878 0.049908 -0.201764 -0.978162 -0.851645 0.165761 -0.497217 0.022938 -0.189966 -0.981523 0.198280 0.441677 -0.874990 0.398600 -0.341335 -0.851239 0.661733 0.253482 -0.705589 0.874257 -0.482576 -0.052878 0.419324 -0.350959 -0.837254 0.845558 -0.520202 0.120087 -0.929439 0.226856 -0.290998 -0.636548 -0.522371 0.567393 -0.613266 -0.423663 0.666644 -0.914015 0.351580 -0.202406 -0.829764 0.326615 -0.452564 -0.300105 -0.657541 0.691070 0.807725 -0.477125 0.346312 0.829035 -0.348328 0.437456 -0.307329 -0.547593 0.778262 0.845558 -0.520202 0.120087 0.908724 -0.375854 0.181536 
						0.908724 -0.375854 0.181536 0.596309 0.239294 -0.766260 0.607441 0.367363 -0.704315 0.929456 -0.250087 0.271233 0.256990 0.376422 -0.890091 -0.813832 0.452457 -0.364638 0.298252 0.494180 -0.816598 -0.053029 0.816429 0.575005 0.018724 0.890338 0.454914 -0.613266 -0.423663 0.666644 -0.307329 -0.547593 0.778262 0.216656 0.709325 0.670760 0.829035 -0.348328 0.437456 0.929456 -0.250087 0.271233 0.288056 0.781519 0.553400 0.607441 0.367363 -0.704315 0.298252 0.494180 -0.816598 0.929456 -0.250087 0.271233 0.950286 -0.289997 0.113390 -0.130781 0.766064 -0.629319 -0.189132 0.367372 -0.910641 -0.295835 0.377535 -0.877468 -0.240921 0.752608 -0.612812 -0.032825 0.919944 0.390674 0.072685 0.933304 0.351654 0.043943 0.647612 0.760702 0.156486 0.635978 0.755675 0.077567 -0.377538 0.922740 0.188659 -0.367370 0.910740 0.022694 -0.752606 0.658080 0.130310 -0.766059 0.629422 0.022694 -0.752606 0.658080 -0.073175 -0.933304 -0.351554 0.130310 -0.766059 0.629422 -0.156976 -0.635975 -0.755575 0.665839 0.362646 -0.652032 0.234093 0.537477 -0.810135 0.965544 -0.228927 0.123762 0.734703 -0.459848 0.498750 0.965544 -0.228927 0.123762 -0.234101 -0.537689 0.809992 -0.665870 -0.362856 0.651884 -0.965580 0.228694 -0.123914 -0.734742 0.459620 -0.498902 -0.993941 -0.048391 -0.098693 -0.262238 -0.647612 -0.715423 -0.185500 -0.919945 -0.345386 -0.923486 -0.298503 0.240975 -0.295842 0.377535 -0.877465 -0.943144 0.298503 0.146201 -0.240926 0.752605 -0.612813 0.022688 -0.752605 0.658081 0.077564 -0.377537 0.922740 -0.872689 0.048399 0.485873 -0.032829 0.919947 0.390666 0.043940 0.647608 0.760706 0.467498 0.154157 -0.870449 -0.405379 -0.193882 -0.893352 -0.382694 -0.185660 -0.905028 0.617767 0.143710 -0.773118 0.535828 0.382223 -0.752857 0.771573 -0.061215 -0.633189 0.840214 0.169221 -0.515174 -0.486190 0.451594 -0.748119 
						-0.863193 0.277267 -0.421925 -0.687625 -0.326461 -0.648533 -0.847741 -0.458906 0.265969 -0.758789 -0.496466 0.421617 -0.704658 -0.334602 -0.625698 -0.853981 -0.263228 0.448807 -0.549463 -0.475389 0.687092 -0.543014 -0.669868 0.506371 0.517085 -0.838140 -0.173621 0.699070 0.088601 -0.709543 0.535168 -0.822784 -0.191367 0.834863 -0.470702 0.285384 0.235050 -0.969298 0.072202 0.457721 -0.646006 0.610875 -0.543014 -0.669868 0.506371 0.213010 -0.973176 0.086927 -0.677799 -0.553798 0.483629 0.622144 0.303655 -0.721617 -0.551158 0.387394 -0.739020 -0.559445 0.503748 -0.658224 0.640864 0.429961 -0.635946 0.770076 0.200422 -0.605651 -0.824449 0.261436 -0.501931 -0.792118 -0.350934 0.499395 -0.774125 -0.223006 0.592452 -0.808061 0.388043 -0.443237 -0.677799 -0.553798 0.483629 -0.641370 -0.456200 0.616868 -0.641370 -0.456200 0.616868 0.508695 -0.670268 0.540343 0.549087 -0.559555 0.620807 -0.624253 -0.330746 0.707754 0.784239 -0.542150 0.301732 0.789850 0.326653 -0.519071 0.801038 -0.441384 0.404373 0.170897 0.887595 0.427749 0.281379 0.811704 0.511822 -0.559445 0.503748 -0.658224 -0.808061 0.388043 -0.443237 -0.045018 0.784878 0.618013 -0.774125 -0.223006 0.592452 -0.624253 -0.330746 0.707754 0.062552 0.710160 0.701256 0.549087 -0.559555 0.620807 0.801038 -0.441384 0.404373 -0.624253 -0.330746 0.707754 -0.549463 -0.475389 0.687092 -0.130787 0.766063 -0.629319 -0.189143 0.367368 -0.910640 -0.295842 0.377535 -0.877465 -0.240926 0.752605 -0.612813 -0.032829 0.919947 0.390666 0.072682 0.933308 0.351644 0.043940 0.647608 0.760706 0.156486 0.635980 0.755673 0.077564 -0.377537 0.922740 0.188654 -0.367368 0.910742 0.022688 -0.752605 0.658081 0.130301 -0.766061 0.629422 0.022688 -0.752605 0.658081 -0.073177 -0.933306 -0.351547 0.130301 -0.766061 0.629422 -0.156983 -0.635978 -0.755571 0.493210 -0.548840 0.674922 
						0.844421 -0.386008 0.371418 -0.520039 -0.440586 0.731740 -0.863131 -0.200860 0.463314 -0.520039 -0.440586 0.731740 -0.844460 0.385786 -0.371559 -0.493240 0.548625 -0.675074 0.520012 0.440364 -0.731892 0.863095 0.200644 -0.463476 0.077887 0.863875 0.497648 0.177641 0.104071 0.978577 0.201866 0.109953 0.973222 0.103238 0.861167 0.497728 -0.898425 0.144508 0.414670 -0.045425 0.994260 -0.096865 -0.973180 0.223551 0.054271 0.177641 0.104071 0.978577 -0.914479 -0.223550 0.337274 0.151157 -0.503124 0.850892 -0.199741 0.503065 -0.840850 -0.022331 0.993937 -0.107660 -0.174903 0.508296 -0.843234 -0.199741 0.503065 -0.840850 -0.226220 -0.104071 -0.968501 -0.989233 -0.144510 -0.023125 0.151157 -0.503124 0.850892 -0.003157 -0.994263 0.106914 0.022325 -0.993940 0.107633 0.174897 -0.508355 0.843200 -0.003157 -0.994263 0.106914 -0.126470 -0.863862 -0.487593 -0.126470 -0.863862 -0.487593 -0.226220 -0.104071 -0.968501 -0.201865 -0.109950 -0.973222 -0.103244 -0.861153 -0.497752 0.151157 -0.503124 0.850892 0.174897 -0.508355 0.843200 0.025527 0.969135 0.245207 0.163980 0.374273 0.912705 0.187876 0.379837 0.905774 0.050989 0.967973 0.245822 -0.908283 0.200566 0.367146 -0.100309 0.926976 -0.361461 -0.984566 0.175015 -0.000618 0.163980 0.374273 0.912705 -0.903092 -0.175023 0.392164 0.172537 -0.245304 0.953969 -0.221117 0.245252 -0.943906 -0.077149 0.925043 -0.371946 -0.196594 0.251026 -0.947806 -0.221117 0.245252 -0.943906 -0.212555 -0.374283 -0.902626 -0.979373 -0.200581 0.024403 0.172537 -0.245304 0.953969 0.051725 -0.926983 0.371520 0.077145 -0.925051 0.371927 0.196591 -0.251075 0.947794 0.051725 -0.926983 0.371520 -0.074109 -0.969129 -0.235153 -0.074109 -0.969129 -0.235153 -0.212555 -0.374283 -0.902626 -0.187874 -0.379848 -0.905770 -0.050993 -0.967967 -0.245844 0.172537 -0.245304 0.953969 0.196591 -0.251075 0.947794 
						-0.044589 0.994683 -0.092829 0.126764 0.667997 0.733288 0.150300 0.672567 0.724613 -0.019117 0.995560 -0.092165 -0.924305 0.248244 0.289887 -0.159960 0.743743 -0.649045 -0.994245 0.096124 -0.047302 0.126764 0.667997 0.733288 -0.893413 -0.096116 0.438834 0.177729 0.099930 0.978993 -0.226304 -0.099994 -0.968911 -0.136599 0.740028 -0.658559 -0.202196 -0.094173 -0.974807 -0.226304 -0.099994 -0.968911 -0.175342 -0.667995 -0.723214 -0.963351 -0.248238 0.101646 0.177729 0.099930 0.978993 0.111378 -0.743755 0.659108 0.136596 -0.740039 0.658546 0.202196 0.094108 0.974813 0.111378 -0.743755 0.659108 -0.003992 -0.994684 0.102897 -0.003992 -0.994684 0.102897 -0.175342 -0.667995 -0.723214 -0.150301 -0.672562 -0.724617 0.019114 -0.995562 0.092151 0.177729 0.099930 0.978993 0.202196 0.094108 0.974813 -0.100099 0.927392 -0.360449 0.082957 0.848847 0.522089 0.106263 0.852202 0.512309 -0.074724 0.929857 -0.360253 -0.939136 0.265193 0.218394 -0.196691 0.528038 -0.826128 -0.997689 0.023112 -0.063897 0.082957 0.848847 0.522089 -0.889973 -0.023110 0.455427 0.164063 0.373260 0.913105 -0.212636 -0.373300 -0.903013 -0.173082 0.523196 -0.834451 -0.188849 -0.367955 -0.910464 -0.212636 -0.373300 -0.903013 -0.131533 -0.848852 -0.512005 -0.948523 -0.265191 0.173142 0.164063 0.373260 0.913105 0.148108 -0.528068 0.836187 0.173077 -0.523228 0.834432 0.188853 0.367909 0.910482 0.148108 -0.528068 0.836187 0.051517 -0.927397 0.370514 0.051517 -0.927397 0.370514 -0.131533 -0.848852 -0.512005 -0.106262 -0.852206 -0.512303 0.074720 -0.929863 0.360239 0.164063 0.373260 0.913105 0.188853 0.367909 0.910482 -0.157965 0.752448 -0.639429 0.020114 0.975492 0.219112 0.043252 0.977061 0.208522 -0.132815 0.756542 -0.640316 -0.957157 0.257982 0.131516 -0.222409 0.218628 -0.950124 -0.996225 -0.065620 -0.056833 0.020114 0.975492 0.219112 
						-0.891437 0.065627 0.448368 0.128534 0.658168 0.741818 -0.177102 -0.658216 -0.731701 -0.198439 0.212951 -0.956699 -0.153645 -0.653980 -0.740745 -0.177102 -0.658216 -0.731701 -0.068692 -0.975492 -0.209036 -0.930503 -0.257977 0.260024 0.128534 0.658168 0.741818 0.173831 -0.218653 0.960195 0.198438 -0.212974 0.956695 0.153654 0.653934 0.740784 0.173831 -0.218653 0.960195 0.109385 -0.752456 0.649496 0.109385 -0.752456 0.649496 -0.068692 -0.975492 -0.209036 -0.043251 -0.977062 -0.208517 0.132813 -0.756548 0.640309 0.128534 0.658168 0.741818 0.153654 0.653934 0.740784 -0.198325 0.514881 -0.834006 -0.042655 0.995594 -0.083507 -0.019560 0.995351 -0.094304 -0.173469 0.520073 -0.836321 -0.972555 0.225512 0.057290 -0.226492 -0.090450 -0.969804 -0.989630 -0.141443 -0.025040 -0.042655 0.995594 -0.083507 -0.898029 0.141432 0.416583 0.080286 0.856891 0.509208 -0.128852 -0.856921 -0.499083 -0.202152 -0.096336 -0.974605 -0.105619 -0.854140 -0.509204 -0.128852 -0.856921 -0.499083 -0.005921 -0.995593 0.093587 -0.915102 -0.225519 0.334260 0.080286 0.856891 0.509208 0.177912 0.090438 0.979882 0.202153 0.096321 0.974606 0.105629 0.854111 0.509251 0.177912 0.090438 0.979882 0.149743 -0.514902 0.844069 0.149743 -0.514902 0.844069 -0.005921 -0.995593 0.093587 0.019562 -0.995350 0.094313 0.173467 -0.520095 0.836308 0.080286 0.856891 0.509208 0.105629 0.854111 0.509251 -0.224193 0.174877 -0.958726 -0.113662 0.897634 -0.425835 -0.090471 0.895304 -0.436171 -0.199754 0.180719 -0.963036 -0.987019 0.160123 -0.012452 -0.206593 -0.440071 -0.873875 -0.976351 -0.212649 0.038983 -0.113662 0.897634 -0.425835 -0.911310 0.212651 0.352552 0.011231 0.984275 0.176283 -0.059798 -0.984284 -0.166162 -0.181831 -0.445481 -0.876632 -0.036697 -0.983541 -0.176919 -0.059798 -0.984284 -0.166162 0.065086 -0.897626 0.435927 -0.900641 -0.160121 0.403989 
						0.011231 0.984275 0.176283 0.158019 0.440039 0.883966 0.181835 0.445448 0.876648 0.036706 0.983532 0.176965 0.158019 0.440039 0.883966 0.175614 -0.174892 0.968800 0.175614 -0.174892 0.968800 0.065086 -0.897626 0.435927 0.090473 -0.895298 0.436184 0.199753 -0.180734 0.963034 0.011231 0.984275 0.176283 0.036706 0.983532 0.176965 -0.226059 -0.111390 -0.967724 -0.161684 0.736027 -0.657360 -0.138314 0.732259 -0.666832 -0.201962 -0.105582 -0.973686 -0.994468 0.093248 -0.048359 -0.173770 -0.676515 -0.715634 -0.962769 -0.249332 0.104452 -0.161684 0.736027 -0.657360 -0.924893 0.249315 0.287079 -0.046906 0.993470 -0.104005 -0.001658 -0.993463 0.114139 -0.148717 -0.681041 -0.716985 0.021449 -0.994408 0.103406 -0.001658 -0.993463 0.114139 0.113108 -0.736015 0.667449 -0.893191 -0.093259 0.439900 -0.046906 0.993470 -0.104005 0.125196 0.676497 0.725726 0.148720 0.681024 0.717000 -0.021437 0.994414 -0.103351 0.125196 0.676497 0.725726 0.177481 0.111368 0.977802 0.177481 0.111368 0.977802 0.113108 -0.736015 0.667449 0.138317 -0.732247 0.666846 0.201962 0.105555 0.973689 -0.046906 0.993470 -0.104005 -0.021437 0.994414 -0.103351 -0.940347 0.304851 0.151039 -0.870085 0.055435 0.489774 0.046732 0.654254 0.754830 -0.027179 0.916793 0.398437 -0.239103 0.758890 -0.605736 -0.296132 0.369447 -0.880803 -0.993103 -0.055440 -0.103310 -0.922844 -0.304852 0.235424 0.021536 -0.758888 0.650865 0.078613 -0.369440 0.925923 -0.257339 -0.654251 -0.711149 -0.183401 -0.916799 -0.354745 -0.883764 0.452633 0.118678 -0.868793 0.491637 -0.059081 -0.371845 0.343263 0.862497 -0.348803 0.335239 0.875187 -0.966252 0.252214 -0.052392 -0.790869 0.468318 -0.393960 -0.706243 0.671716 -0.223647 0.003614 0.212762 0.977097 -0.126013 -0.451617 0.883268 -0.605947 -0.282135 0.743793 0.031483 0.200793 0.979128 0.885397 -0.124741 0.447785 
						0.785333 -0.131626 0.604919 0.962190 0.082972 0.259435 0.980461 -0.155172 0.120903 0.805208 -0.370412 0.463071 0.170403 0.975642 -0.138150 0.141275 0.979122 -0.146158 -0.823544 0.547183 -0.149556 0.155583 0.653580 -0.740693 0.635653 0.485080 -0.600535 0.522605 0.851761 -0.037236 0.962190 0.082972 0.259435 0.930977 -0.066945 0.358887 0.544822 0.838066 -0.028531 -0.931015 0.343225 -0.124131 -0.953130 0.212900 -0.214983 -0.545303 -0.396746 0.738402 -0.535740 -0.264286 0.801957 -0.845673 0.447787 -0.290386 -0.188179 -0.387551 0.902437 -0.228536 -0.508055 0.830453 0.851177 -0.426420 0.306046 0.868596 -0.291241 0.400899 0.955111 -0.184337 0.231912 0.930977 -0.066945 0.358887 0.955111 -0.184337 0.231912 0.938387 -0.316469 0.138846 0.555962 0.453085 -0.696865 0.579964 0.557264 -0.594222 0.229117 0.680485 -0.696021 0.235539 0.564205 -0.791324 -0.867155 0.318071 -0.383241 -0.221254 -0.715254 -0.662916 -0.280288 -0.790617 -0.544394 -0.011897 -0.883101 -0.469033 -0.228536 -0.508055 0.830453 -0.545303 -0.396746 0.738402 0.047030 -0.809644 -0.585034 0.938387 -0.316469 0.138846 0.851177 -0.426420 0.306046 0.235539 0.564205 -0.791324 0.555962 0.453085 -0.696865 0.938387 -0.316469 0.138846 0.980461 -0.155172 0.120903 -0.189820 0.358685 -0.913955 -0.296132 0.369447 -0.880803 -0.239103 0.758890 -0.605736 -0.129183 0.772609 -0.621600 -0.155769 -0.643080 -0.749790 -0.257339 -0.654251 -0.711149 -0.075108 -0.929577 -0.360896 -0.183401 -0.916799 -0.354745 0.128698 -0.772609 0.621701 0.021536 -0.758888 0.650865 0.078613 -0.369440 0.925923 0.189339 -0.358680 0.914056 0.078613 -0.369440 0.925923 0.189339 -0.358680 0.914056 0.155292 0.643085 0.749884 0.074631 0.929570 0.361012 0.162140 0.553245 -0.817087 0.609853 0.395636 -0.686696 0.979997 -0.188459 0.063943 0.782106 -0.431632 0.449448 0.979997 -0.188459 0.063943 
						-0.162111 -0.553020 0.817244 -0.609836 -0.395404 0.686845 -0.979962 0.188694 -0.063783 -0.782066 0.431869 -0.449290 -0.979159 -0.000001 0.203096 -0.979159 0.000000 0.203097 -0.979159 -0.000000 0.203097 -0.979159 0.000000 0.203097 -0.979159 0.000000 0.203097 -0.979159 0.000000 0.203097 -0.979159 0.000000 0.203097 -0.979159 0.000000 0.203097 -0.979159 0.000001 0.203096 -0.979159 0.000000 0.203096 -0.979159 -0.000002 0.203097 -0.979159 0.000000 0.203097 -0.979159 0.000001 0.203097 -0.979159 -0.000002 0.203097 -0.979159 -0.000000 0.203097 -0.979159 0.000002 0.203097 -0.979159 -0.000002 0.203097 -0.979159 -0.000001 0.203097 -0.979159 0.000001 0.203097 -0.979159 0.000001 0.203097 -0.979159 -0.000000 0.203096 -0.979159 -0.000001 0.203097 -0.979159 0.000000 0.203097 -0.979159 0.000000 0.203096 -0.979159 0.000000 0.203096 -0.979159 0.000000 0.203096 -0.979159 0.000000 0.203097 -0.979159 -0.000001 0.203097 -0.979159 0.000001 0.203096 -0.979159 0.000001 0.203097 -0.979159 0.000000 0.203097 -0.979159 -0.000002 0.203097 -0.979159 -0.000001 0.203097 -0.979159 0.000001 0.203097 -0.979159 0.000000 0.203097 -0.979159 -0.000001 0.203097 -0.979159 -0.000001 0.203097 -0.979159 0.000001 0.203097 -0.979159 -0.000000 0.203097 -0.979159 -0.000000 0.203097 0.979159 -0.000003 -0.203097 0.979159 -0.000001 -0.203096 0.979159 -0.000000 -0.203097 0.979159 0.000000 -0.203097 0.979159 0.000000 -0.203098 0.979159 0.000000 -0.203097 0.979159 -0.000000 -0.203096 0.979159 -0.000000 -0.203096 0.979159 0.000001 -0.203097 0.979159 0.000001 -0.203097 0.979159 -0.000001 -0.203097 0.979159 -0.000001 -0.203097 0.979159 -0.000003 -0.203097 0.979159 -0.000001 -0.203096 0.979159 0.000001 -0.203097 0.979159 -0.000000 -0.203097 0.979159 0.000000 -0.203097 0.979159 -0.000000 -0.203097 0.979159 0.000000 -0.203097 0.979159 -0.000000 -0.203097 
						0.979159 -0.000000 -0.203096 0.979159 -0.000000 -0.203097 0.979159 -0.000000 -0.203097 0.979159 -0.000000 -0.203096 0.979159 -0.000000 -0.203097 0.979159 -0.000000 -0.203097 0.979159 -0.000000 -0.203096 0.979159 -0.000001 -0.203097 0.979159 -0.000001 -0.203097 0.979159 0.000001 -0.203096 0.979159 0.000000 -0.203097 0.979159 0.000000 -0.203097 0.979159 -0.000001 -0.203097 0.979159 -0.000001 -0.203097 0.979159 0.000001 -0.203097 0.979159 0.000001 -0.203097 0.979159 -0.000001 -0.203097 0.979159 0.000000 -0.203097 0.979159 0.000003 -0.203097 0.979159 -0.000001 -0.203097 -0.574445 0.629474 -0.523236 -0.984316 0.174469 0.026117 -0.989541 0.144247 0.000920 -0.593299 0.520424 -0.614129 -0.552281 0.722221 -0.416392 -0.978176 0.200162 0.055741 -0.527387 0.796261 -0.296363 -0.971281 0.220654 0.089023 -0.065641 -0.797420 0.599844 -0.903219 -0.234295 0.359585 -0.911308 -0.258282 0.320637 -0.093128 -0.879170 0.467319 -0.041173 -0.695016 0.717814 -0.896022 -0.204217 0.394258 -0.020354 -0.574611 0.818173 -0.889902 -0.168843 0.423753 -0.500401 0.849681 -0.166258 -0.963811 0.235416 0.125092 -0.920078 -0.275563 0.278425 -0.122925 -0.938152 0.323667 -0.472024 0.881094 -0.029447 -0.955960 0.244069 0.163007 -0.929299 -0.285699 0.234050 -0.154256 -0.972836 0.172611 -0.442994 0.889685 0.110526 -0.947933 0.246387 0.201782 -0.938733 -0.288418 0.188669 -0.186310 -0.982325 0.018063 -0.414058 0.875235 0.250037 -0.939939 0.242320 0.240409 -0.948135 -0.283654 0.143461 -0.218262 -0.966371 -0.135974 -0.385967 0.838118 0.385471 -0.932186 0.231969 0.277884 -0.957256 -0.271552 0.099598 -0.249279 -0.925389 -0.285509 -0.359447 0.779295 0.513320 -0.924873 0.215622 0.313237 -0.965864 -0.252422 0.058218 -0.278560 -0.860438 -0.426674 -0.335188 0.700289 0.630274 -0.918190 0.193700 0.345552 -0.973736 -0.226764 0.020393 -0.305345 -0.773205 -0.555805 
						-0.313815 0.603146 0.733304 -0.912312 0.166774 0.373997 -0.980669 -0.195250 -0.012905 -0.328939 -0.665947 -0.669562 -0.295881 0.490377 0.819747 -0.907386 0.135552 0.397840 -0.986483 -0.158698 -0.040816 -0.348736 -0.541438 -0.765002 -0.281858 0.364908 0.887355 -0.903540 0.100840 0.416469 -0.991030 -0.118063 -0.062620 -0.364221 -0.402908 -0.839647 -0.272109 0.229993 0.934377 -0.900875 0.063539 0.429403 -0.994192 -0.074396 -0.077764 -0.374990 -0.253942 -0.891569 -0.266879 0.089120 0.959601 -0.899455 0.024615 0.436320 -0.995890 -0.028821 -0.085860 -0.380764 -0.098399 -0.919422 -0.266306 -0.054062 0.962371 -0.899318 -0.014929 0.437041 -0.996080 0.017481 -0.086707 -0.381397 0.059691 -0.922482 -0.270406 -0.195842 0.942617 -0.900466 -0.054072 0.431553 -0.994759 0.063316 -0.080280 -0.376875 0.216235 -0.900671 -0.279072 -0.332553 0.900848 -0.902869 -0.091809 0.419998 -0.991961 0.107505 -0.066749 -0.367310 0.367180 -0.854554 -0.292075 -0.460651 0.838149 -0.906465 -0.127170 0.402678 -0.987759 0.148905 -0.046468 -0.352950 0.508615 -0.785326 -0.309084 -0.576811 0.756145 -0.911160 -0.159239 0.380040 -0.982261 0.186453 -0.019961 -0.334168 0.636878 -0.694780 -0.911160 -0.159239 0.380040 -0.309084 -0.576811 0.756145 -0.329655 -0.678043 0.656951 -0.916834 -0.187199 0.352664 -0.334168 0.636878 -0.694780 -0.982261 0.186453 -0.019961 -0.975608 0.219189 0.012093 -0.311451 0.748646 -0.585258 -0.353257 -0.761710 0.543146 -0.923341 -0.210321 0.321257 -0.967971 0.246261 0.048868 -0.285388 0.841022 -0.459603 -0.379280 -0.825649 0.417672 -0.930517 -0.228004 0.286623 -0.959548 0.266968 0.089416 -0.256654 0.911617 -0.321066 -0.407045 -0.868208 0.283777 -0.938172 -0.239802 0.249656 -0.950556 0.280774 0.132696 -0.225993 0.958602 -0.173232 -0.435847 -0.888274 0.144938 -0.946111 -0.245403 0.211308 -0.941226 0.287324 0.177590 -0.194197 0.980760 -0.019931 
						-0.464932 -0.885334 0.004741 -0.954130 -0.244655 0.172566 -0.931798 0.286445 0.222940 -0.162088 0.977517 0.134863 -0.493541 -0.859465 -0.133178 -0.962022 -0.237577 0.134430 -0.922516 0.278150 0.267577 -0.130502 0.948957 0.287141 -0.520933 -0.811340 -0.265248 -0.969581 -0.224346 0.097889 -0.913620 0.262646 0.310347 -0.100259 0.895819 0.432962 -0.546404 -0.742200 -0.388048 -0.976613 -0.205294 0.063888 -0.905340 0.240336 0.350141 -0.072136 0.819479 0.568552 -0.569294 -0.653835 -0.498401 -0.982935 -0.180910 0.033309 -0.897891 0.211786 0.385926 -0.046861 0.721914 0.690394 -0.589008 -0.548541 -0.593441 -0.988383 -0.151822 0.006947 -0.891467 0.177730 0.416772 -0.025092 0.605654 0.795332 -0.605039 -0.429038 -0.670712 -0.992814 -0.118782 -0.014507 -0.886236 0.139050 0.441873 -0.007397 0.473709 0.880650 -0.616964 -0.298421 -0.728217 -0.996113 -0.082642 -0.030494 -0.882336 0.096742 0.460570 0.005772 0.329493 0.944140 -0.624482 -0.160076 -0.764459 -0.998191 -0.044341 -0.040595 -0.879866 0.051905 0.472379 0.014073 0.176746 0.984156 -0.627397 -0.017588 -0.778501 -0.998996 -0.004873 -0.044538 -0.878893 0.005704 0.476985 0.017289 0.019419 0.999662 -0.625629 0.125360 -0.769982 -0.998504 0.034738 -0.042221 -0.879444 -0.040664 0.474262 0.015342 -0.138413 0.990256 -0.619226 0.265057 -0.739124 -0.996729 0.073459 -0.033701 -0.881503 -0.085987 0.464282 0.008273 -0.292658 0.956182 -0.608356 0.397891 -0.686721 -0.993715 0.110282 -0.019195 -0.885019 -0.129088 0.447300 -0.003730 -0.439323 0.898322 -0.852274 -0.267351 0.449614 -0.003652 -0.699507 0.714616 0.017299 -0.578325 0.815623 -0.844263 -0.221038 0.488223 -0.861697 -0.306724 0.404226 -0.028280 -0.802572 0.595885 -0.872288 -0.338139 0.353237 -0.055947 -0.884852 0.462501 0.951380 -0.306730 0.028158 0.262947 -0.802572 0.535477 0.235282 -0.884852 0.402094 0.940817 -0.338145 -0.022835 
						0.960786 -0.267356 0.073552 0.287572 -0.699508 0.654210 0.968792 -0.221044 0.112166 0.308524 -0.578325 0.755217 -0.883767 -0.360782 0.297979 -0.085935 -0.944215 0.317921 0.205291 -0.944215 0.257514 0.929371 -0.360791 -0.078101 -0.895838 -0.374072 0.239884 -0.117470 -0.979123 0.165890 0.173758 -0.979123 0.105483 0.917340 -0.374079 -0.136205 -0.908189 -0.377659 0.180463 -0.149734 -0.988672 0.010342 0.141494 -0.988672 -0.050065 0.905039 -0.377665 -0.195637 -0.920499 -0.371454 0.121262 -0.181890 -0.972616 -0.144689 0.109338 -0.972615 -0.205096 0.892788 -0.371458 -0.254850 -0.932444 -0.355634 0.063814 -0.213106 -0.931369 -0.295191 0.078120 -0.931369 -0.355597 0.880901 -0.355635 -0.312310 -0.943721 -0.330604 0.009606 -0.242575 -0.865999 -0.437267 0.048650 -0.865999 -0.497674 0.869688 -0.330603 -0.366530 -0.954034 -0.297025 -0.039953 -0.269533 -0.778203 -0.567232 0.021694 -0.778202 -0.627639 0.859440 -0.297020 -0.416103 -0.963118 -0.255767 -0.083586 -0.293280 -0.670251 -0.681726 -0.002056 -0.670251 -0.742132 0.850419 -0.255767 -0.459750 -0.970739 -0.207903 -0.120173 -0.313203 -0.544937 -0.777784 -0.021981 -0.544938 -0.838188 0.842861 -0.207907 -0.496347 -0.976700 -0.154681 -0.148766 -0.328788 -0.405511 -0.852912 -0.037563 -0.405512 -0.913318 0.836958 -0.154681 -0.524952 -0.980848 -0.097473 -0.168629 -0.339629 -0.255583 -0.905168 -0.048400 -0.255583 -0.965575 0.832863 -0.097473 -0.544828 -0.983077 -0.037763 -0.179258 -0.345442 -0.099035 -0.933200 -0.054215 -0.099035 -0.993606 0.830681 -0.037764 -0.555467 -0.983330 0.022906 -0.180383 -0.346079 0.060077 -0.936280 -0.054856 0.060077 -0.996685 0.830466 0.022905 -0.556598 -0.981601 0.082969 -0.171975 -0.341528 0.217631 -0.914328 -0.050301 0.217632 -0.974734 0.832225 0.082969 -0.548195 -0.977937 0.140875 -0.154253 -0.331901 0.369551 -0.867913 -0.040673 0.369552 -0.928320 0.835910 0.140875 -0.530479 
						-0.972430 0.195133 -0.127680 -0.317447 0.511903 -0.798237 -0.026223 0.511902 -0.858644 0.841426 0.195133 -0.503911 -0.965223 0.244347 -0.092943 -0.298544 0.640994 -0.707105 -0.007320 0.640993 -0.767512 0.848632 0.244341 -0.469172 -0.298544 0.640994 -0.707105 -0.965223 0.244347 -0.092943 -0.956505 0.287234 -0.050936 -0.275683 0.753484 -0.596876 0.848632 0.244341 -0.469172 -0.007320 0.640993 -0.767512 0.015545 0.753484 -0.657283 0.857340 0.287231 -0.427160 -0.946499 0.322695 -0.002741 -0.249449 0.846458 -0.470409 0.041775 0.846458 -0.530815 0.867326 0.322698 -0.378962 -0.935461 0.349819 0.050400 -0.220526 0.917508 -0.330978 0.070694 0.917508 -0.391384 0.878334 0.349819 -0.325817 -0.923677 0.367895 0.107117 -0.189667 0.964797 -0.182190 0.101558 0.964797 -0.242596 0.890080 0.367894 -0.269094 -0.911451 0.376458 0.165941 -0.157665 0.987098 -0.027898 0.133563 0.987098 -0.088304 0.902260 0.376456 -0.210258 -0.899098 0.375282 0.225358 -0.125350 0.983834 0.127896 0.165878 0.983834 0.067489 0.914559 0.375276 -0.150830 -0.886940 0.364385 0.283833 -0.093561 0.955089 0.281160 0.197667 0.955089 0.220753 0.926659 0.364383 -0.092344 -0.875287 0.344054 0.339852 -0.063119 0.901607 0.427925 0.228109 0.901608 0.367518 0.938247 0.344054 -0.036311 -0.864445 0.314800 0.391963 -0.034814 0.824776 0.564387 0.256415 0.824776 0.503980 0.949026 0.314802 0.015812 -0.854696 0.277376 0.438813 -0.009379 0.726581 0.687017 0.281851 0.726581 0.626610 0.958714 0.277377 0.062675 -0.846287 0.232758 0.479189 0.012530 0.609568 0.792635 0.303757 0.609568 0.732228 0.967059 0.232757 0.103063 -0.839441 0.182087 0.512038 0.030341 0.476771 0.878504 0.321566 0.476771 0.818098 0.973843 0.182086 0.135923 -0.834336 0.126675 0.536504 0.043592 0.331623 0.942404 0.334821 0.331623 0.881998 0.978890 0.126676 0.160398 
						-0.831108 0.067962 0.551943 0.051948 0.177887 0.982679 0.343176 0.177887 0.922273 0.982068 0.067963 0.175851 -0.829841 0.007468 0.557949 0.055187 0.019544 0.998285 0.346413 0.019544 0.937879 0.983293 0.007467 0.181874 -0.830567 -0.053236 0.554369 0.053223 -0.139307 0.988818 0.344450 -0.139307 0.928411 0.982535 -0.053237 0.178300 -0.833266 -0.112571 0.541291 0.046108 -0.294549 0.954524 0.337337 -0.294549 0.894117 0.979811 -0.112571 0.165224 -0.837871 -0.168995 0.519051 0.034030 -0.442161 0.896290 0.325256 -0.442161 0.835884 0.975190 -0.168995 0.142989 -0.143562 0.707373 -0.692108 -0.118652 0.811596 -0.572044 -0.090677 0.894801 -0.437159 -0.060350 0.954832 -0.290954 -0.028460 0.990133 -0.137212 0.004166 0.999790 0.020083 0.036685 0.983552 0.176862 0.068254 0.941841 0.329056 0.098053 0.875736 0.472727 0.125313 0.786950 0.604157 0.149327 0.677789 0.719933 0.169477 0.551065 0.817071 0.185237 0.410066 0.893047 0.196194 0.258456 0.945890 0.202074 0.100150 0.974236 0.202721 -0.060752 0.977350 0.198116 -0.220082 0.955151 0.188381 -0.373711 0.908214 0.173768 -0.517657 0.837757 0.154653 -0.648196 0.745604 0.154653 -0.648196 0.745604 0.131534 -0.761952 0.634135 0.105008 -0.855971 0.506247 0.075759 -0.927823 0.365246 0.044549 -0.975647 0.214777 0.012186 -0.998198 0.058755 -0.020491 -0.994897 -0.098792 -0.052639 -0.965828 -0.253781 -0.083422 -0.911747 -0.402191 -0.112047 -0.834051 -0.540189 -0.137770 -0.734745 -0.664205 -0.159922 -0.616424 -0.771004 -0.177925 -0.482131 -0.857842 -0.191331 -0.335350 -0.922460 -0.199782 -0.179891 -0.963186 -0.203054 -0.019764 -0.978968 -0.201072 0.140876 -0.969394 -0.193886 0.297862 -0.934712 -0.181671 0.447134 -0.875823 -0.164748 0.584830 -0.794249 -0.979159 0.000002 0.203095 -0.979159 0.000004 0.203095 0.979159 -0.000001 -0.203097 0.979159 0.000000 -0.203096 
						-0.979159 0.000006 0.203095 0.979159 -0.000001 -0.203097 -0.979159 0.000004 0.203097 0.979159 0.000002 -0.203097 -0.979159 -0.000002 0.203098 0.979159 0.000002 -0.203097 -0.979159 0.000004 0.203097 0.979159 -0.000002 -0.203097 -0.979159 0.000012 0.203097 0.979159 -0.000002 -0.203097 -0.979159 0.000004 0.203096 0.979159 0.000001 -0.203096 -0.979159 0.000001 0.203095 0.979159 0.000002 -0.203096 -0.979159 0.000002 0.203097 0.979159 0.000001 -0.203096 -0.979158 0.000003 0.203100 0.979159 -0.000001 -0.203096 -0.979158 0.000001 0.203100 0.979159 -0.000001 -0.203098 -0.979159 -0.000002 0.203098 0.979159 -0.000000 -0.203098 -0.979159 -0.000001 0.203096 0.979159 0.000001 -0.203097 -0.979159 -0.000000 0.203095 0.979159 0.000001 -0.203097 -0.979159 0.000000 0.203097 0.979159 -0.000001 -0.203097 -0.979158 0.000001 0.203098 0.979159 -0.000000 -0.203096 -0.979159 0.000002 0.203097 0.979159 0.000000 -0.203096 -0.979159 -0.000003 0.203095 0.979159 -0.000001 -0.203096 -0.979159 0.000003 0.203094 0.979159 -0.000000 -0.203096 -0.979159 0.000003 0.203094 -0.979159 -0.000000 0.203094 0.979159 0.000000 -0.203096 0.979159 -0.000000 -0.203096 -0.979159 -0.000008 0.203095 0.979159 0.000000 -0.203097 -0.979159 -0.000002 0.203096 0.979159 -0.000000 -0.203097 -0.979159 -0.000004 0.203097 0.979159 0.000000 -0.203097 -0.979159 -0.000001 0.203097 0.979159 0.000000 -0.203096 -0.979159 0.000006 0.203097 0.979159 0.000000 -0.203096 -0.979159 0.000004 0.203097 0.979159 -0.000001 -0.203097 -0.979159 0.000003 0.203097 0.979159 -0.000001 -0.203097 -0.979159 -0.000004 0.203097 0.979159 0.000000 -0.203096 -0.979158 -0.000002 0.203099 0.979159 -0.000001 -0.203096 -0.979158 0.000005 0.203100 0.979159 -0.000002 -0.203097 -0.979158 0.000002 0.203101 0.979159 -0.000000 -0.203098 -0.979158 -0.000002 0.203102 0.979158 -0.000000 -0.203098 
						-0.979158 -0.000001 0.203100 0.979158 -0.000000 -0.203099 -0.979158 0.000001 0.203098 0.979158 -0.000000 -0.203098 -0.979158 0.000001 0.203098 0.979159 0.000001 -0.203097 -0.979159 0.000001 0.203094 0.979159 0.000000 -0.203096 -0.979160 0.000002 0.203092 0.979159 -0.000001 -0.203096 -0.979159 0.000004 0.203093 0.979159 -0.000000 -0.203096 -0.415396 -0.592166 0.690497 0.655765 -0.592164 0.468311 0.634926 -0.679416 0.367781 -0.436261 -0.679422 0.589969 -0.397656 -0.489585 0.776000 0.673486 -0.489597 0.553815 0.611491 -0.749086 0.254853 -0.459680 -0.749064 0.477072 0.586098 -0.799335 0.132485 -0.485075 -0.799324 0.354661 0.586098 -0.799335 0.132485 0.559394 -0.828893 0.003779 -0.511765 -0.828881 0.225949 0.559394 -0.828893 0.003779 0.532081 -0.836977 -0.127905 -0.539074 -0.836965 0.094277 0.504867 -0.823381 -0.259140 -0.566301 -0.823370 -0.036959 0.478458 -0.788445 -0.386565 -0.592745 -0.788441 -0.164359 0.453504 -0.733114 -0.506831 -0.617696 -0.733091 -0.284656 0.430675 -0.658802 -0.616846 -0.640486 -0.658791 -0.394681 0.410568 -0.567411 -0.713778 -0.660582 -0.567414 -0.491602 0.393691 -0.461322 -0.795103 -0.677458 -0.461327 -0.572912 0.380516 -0.343288 -0.858697 -0.690650 -0.343303 -0.636510 0.371347 -0.216365 -0.902933 -0.699827 -0.216372 -0.680754 0.366402 -0.083831 -0.926672 -0.704741 -0.083835 -0.704494 0.365847 0.050849 -0.929285 -0.705297 0.050872 -0.707084 0.369726 0.184250 -0.910689 -0.701472 0.184221 -0.688476 0.369726 0.184250 -0.910689 0.377877 0.312843 -0.871401 -0.693305 0.312856 -0.649192 0.390085 0.433364 -0.812422 -0.681036 0.433356 -0.590248 0.406090 0.542635 -0.735281 -0.665027 0.542659 -0.513089 -0.665027 0.542659 -0.513089 0.406090 0.542635 -0.735281 0.425481 0.637835 -0.641975 -0.645715 0.637849 -0.419762 0.425481 0.637835 -0.641975 0.447717 0.716566 -0.534868 -0.623525 0.716537 -0.312718 
						0.447717 0.716566 -0.534868 0.472170 0.776712 -0.416862 -0.599000 0.776727 -0.194665 0.472170 0.776712 -0.416862 0.498292 0.816745 -0.290917 -0.572859 0.816769 -0.068706 0.525391 0.835628 -0.160278 -0.545777 0.835641 0.061903 0.552748 0.832865 -0.028380 -0.518424 0.832877 0.193783 0.579658 0.808532 0.101353 -0.491521 0.808539 0.323530 0.605441 0.763249 0.225594 -0.465765 0.763256 0.447775 0.629397 0.698211 0.341116 -0.441799 0.698216 0.563301 0.650918 0.615098 0.444927 -0.420260 0.615093 0.667115 0.669461 0.516037 0.534348 -0.401706 0.516035 0.756532 0.684534 0.403614 0.607049 -0.386634 0.403614 0.829223 0.695751 0.280742 0.661147 -0.375424 0.280734 0.883315 0.702824 0.150600 0.695239 -0.368357 0.150573 0.917410 0.705571 0.016547 0.708446 -0.365603 0.016544 0.930624 0.703906 -0.117917 0.700437 -0.367261 -0.117937 0.922610 0.697898 -0.249346 0.671390 -0.373299 -0.249354 0.893572 0.687674 -0.374325 0.622082 -0.383510 -0.374312 0.844281 0.086554 -0.811163 0.578380 0.058592 -0.894322 0.443570 0.090676 -0.894801 0.437160 0.118652 -0.811598 0.572041 0.028282 -0.954321 0.297442 0.060349 -0.954832 0.290953 -0.003589 -0.989603 0.143784 0.028460 -0.990133 0.137212 -0.036197 -0.999254 -0.013428 -0.004166 -0.999790 -0.020083 -0.068699 -0.983026 -0.170120 -0.036684 -0.983552 -0.176858 -0.100251 -0.941338 -0.322232 -0.068252 -0.941842 -0.329052 -0.130036 -0.875268 -0.465829 -0.098053 -0.875737 -0.472726 -0.157281 -0.786531 -0.597187 -0.125314 -0.786952 -0.604154 -0.181282 -0.677424 -0.712905 -0.149329 -0.677787 -0.719935 -0.201420 -0.550770 -0.809989 -0.169477 -0.551066 -0.817070 -0.217171 -0.409853 -0.885922 -0.185235 -0.410072 -0.893044 -0.228126 -0.258319 -0.938738 -0.196196 -0.258456 -0.945890 -0.234001 -0.100094 -0.967070 -0.202075 -0.100148 -0.974236 -0.234646 0.060719 -0.970183 -0.202721 0.060751 -0.977350 
						-0.230045 0.219961 -0.947996 -0.198117 0.220079 -0.955152 -0.220315 0.373508 -0.901085 -0.188382 0.373709 -0.908215 -0.205707 0.517382 -0.830663 -0.173767 0.517658 -0.837756 -0.186602 0.647853 -0.738557 -0.154653 0.648199 -0.745601 -0.186602 0.647853 -0.738557 -0.163496 0.761547 -0.627148 -0.131532 0.761955 -0.634133 -0.154653 0.648199 -0.745601 -0.136985 0.855517 -0.499326 -0.105004 0.855975 -0.506241 -0.107753 0.927329 -0.358401 -0.075758 0.927826 -0.365240 -0.076560 0.975124 -0.208021 -0.044550 0.975646 -0.214780 -0.044215 0.997664 -0.052079 -0.012187 0.998198 -0.058755 -0.011554 0.994365 0.105384 0.020492 0.994897 0.098793 0.020575 0.965312 0.260286 0.052639 0.965829 0.253777 0.051342 0.911259 0.408621 0.083423 0.911747 0.402192 0.079951 0.833602 0.546548 0.112047 0.834049 0.540193 0.105659 0.734357 0.670490 0.137769 0.734750 0.664200 0.127802 0.616094 0.777236 0.159921 0.616424 0.771004 0.145804 0.481875 0.864024 0.177933 0.482133 0.857839 0.159200 0.335173 0.928609 0.191336 0.335352 0.922458 0.167643 0.179791 0.969315 0.199784 0.179887 0.963186 0.170915 0.019753 0.985088 0.203057 0.019764 0.978967 0.168929 -0.140799 0.975520 0.201071 -0.140874 0.969394 0.161738 -0.297702 0.940858 0.193878 -0.297861 0.934714 0.149531 -0.446892 0.882002 0.181664 -0.447133 0.875826 0.132622 -0.584514 0.800472 0.164744 -0.584828 0.794252 0.111445 -0.706996 0.698381 0.143556 -0.707375 0.692107 0.191938 -0.809300 0.555152 0.216767 -0.705373 0.674878 0.164037 -0.892269 0.420652 0.133795 -0.952130 0.274858 0.101997 -0.987330 0.121554 0.069463 -0.996960 -0.035295 0.037039 -0.980768 -0.191628 0.005562 -0.939176 -0.343391 -0.024156 -0.873258 -0.486659 -0.051342 -0.784725 -0.617714 -0.075290 -0.675869 -0.733166 -0.095380 -0.549505 -0.830028 -0.111092 -0.408910 -0.905788 -0.122022 -0.257724 -0.958483 
						-0.127888 -0.099865 -0.986748 -0.128530 0.060580 -0.989854 -0.123932 0.219456 -0.967719 -0.114227 0.372650 -0.920915 -0.099661 0.516194 -0.850654 -0.080601 0.646367 -0.758757 -0.057539 0.759800 -0.647606 -0.080601 0.646367 -0.758757 -0.031087 0.853550 -0.520083 -0.001930 0.925199 -0.379478 0.029192 0.972885 -0.229441 0.061466 0.995373 -0.073858 0.094052 0.992081 0.083243 0.126109 0.963095 0.237789 0.156808 0.909166 0.385782 0.185351 0.831687 0.523394 0.210999 0.732670 0.647051 0.233089 0.614679 0.753551 0.251048 0.480767 0.840142 0.264412 0.334402 0.904578 0.272838 0.179378 0.945189 0.276103 0.019709 0.960926 0.274123 -0.140475 0.951380 0.266949 -0.297016 0.916799 0.254765 -0.445866 0.858078 0.237889 -0.583173 0.776736 0.634926 -0.679416 0.367781 0.655765 -0.592164 0.468311 -0.415396 -0.592166 0.690497 -0.436261 -0.679422 0.589969 -0.397656 -0.489585 0.776000 0.673486 -0.489597 0.553815 0.611491 -0.749086 0.254853 -0.459680 -0.749064 0.477072 -0.485075 -0.799324 0.354661 0.532081 -0.836977 -0.127905 -0.539074 -0.836965 0.094277 0.504867 -0.823381 -0.259140 -0.566301 -0.823370 -0.036959 0.478458 -0.788445 -0.386565 -0.592745 -0.788441 -0.164359 0.453504 -0.733114 -0.506831 -0.617696 -0.733091 -0.284656 0.430675 -0.658802 -0.616846 -0.640486 -0.658791 -0.394681 0.410568 -0.567411 -0.713778 -0.660582 -0.567414 -0.491602 0.393691 -0.461322 -0.795103 -0.677458 -0.461327 -0.572912 0.380516 -0.343288 -0.858697 -0.690650 -0.343303 -0.636510 0.371347 -0.216365 -0.902933 -0.699827 -0.216372 -0.680754 0.366402 -0.083831 -0.926672 -0.704741 -0.083835 -0.704494 0.365847 0.050849 -0.929285 -0.705297 0.050872 -0.707084 -0.701472 0.184221 -0.688476 -0.623525 0.716537 -0.312718 0.498292 0.816745 -0.290917 -0.572859 0.816769 -0.068706 0.525391 0.835628 -0.160278 -0.545777 0.835641 0.061903 0.552748 0.832865 -0.028380 
						-0.518424 0.832877 0.193783 0.579658 0.808532 0.101353 -0.491521 0.808539 0.323530 0.605441 0.763249 0.225594 -0.465765 0.763256 0.447775 0.629397 0.698211 0.341116 -0.441799 0.698216 0.563301 0.650918 0.615098 0.444927 -0.420260 0.615093 0.667115 0.669461 0.516037 0.534348 -0.401706 0.516035 0.756532 0.684534 0.403614 0.607049 -0.386634 0.403614 0.829223 0.695751 0.280742 0.661147 -0.375424 0.280734 0.883315 0.702824 0.150600 0.695239 -0.368357 0.150573 0.917410 0.705571 0.016547 0.708446 -0.365603 0.016544 0.930624 0.703906 -0.117917 0.700437 -0.367261 -0.117937 0.922610 0.697898 -0.249346 0.671390 -0.373299 -0.249354 0.893572 0.687674 -0.374325 0.622082 -0.383510 -0.374312 0.844281 0.958414 0.095432 -0.268952 0.955483 0.083185 -0.283076 0.961707 0.105203 -0.253086 0.965276 0.112243 -0.235891 0.969027 0.116372 -0.217816 0.972865 0.117479 -0.199330 0.976689 0.115540 -0.180915 0.980398 0.110608 -0.163048 0.983899 0.102814 -0.146193 0.987099 0.092362 -0.130786 0.989917 0.079525 -0.117223 0.992278 0.064638 -0.105855 0.994125 0.048087 -0.096974 0.995408 0.030301 -0.090806 0.996095 0.011739 -0.087508 0.996168 -0.007120 -0.087166 0.995628 -0.025786 -0.089784 0.994486 -0.043782 -0.095293 0.992773 -0.060646 -0.103553 0.990534 -0.075938 -0.114349 0.987826 -0.089269 -0.127404 0.990534 -0.075938 -0.114349 0.984717 -0.100295 -0.142382 0.981290 -0.108727 -0.158897 0.977631 -0.114353 -0.176524 0.973835 -0.117024 -0.194808 0.970001 -0.116665 -0.213280 0.966225 -0.113288 -0.231462 0.962608 -0.106975 -0.248883 0.959241 -0.097888 -0.265092 0.956213 -0.086261 -0.279669 0.953603 -0.072392 -0.292235 0.951478 -0.056637 -0.302461 0.949893 -0.039405 -0.310080 0.948892 -0.021142 -0.314893 0.948500 -0.002323 -0.316770 0.948727 0.016564 -0.315662 0.949568 0.035024 -0.311598 0.951002 0.052580 -0.304681 
						0.952991 0.068776 -0.295090 -0.082784 0.706022 -0.703335 -0.057926 0.810046 -0.583498 -0.118653 0.811596 -0.572043 -0.143557 0.707373 -0.692109 -0.030003 0.893092 -0.448873 -0.090675 0.894801 -0.437160 0.000265 0.953008 -0.302945 -0.060349 0.954832 -0.290952 0.032093 0.988241 -0.149498 -0.028460 0.990133 -0.137212 0.064657 0.997879 0.007496 0.004166 0.999790 0.020083 0.097113 0.981673 0.163972 0.036684 0.983552 0.176858 0.128621 0.940042 0.315875 0.068252 0.941842 0.329053 0.158365 0.874063 0.459275 0.098053 0.875737 0.472727 0.185574 0.785449 0.590450 0.125313 0.786953 0.604153 0.209542 0.676493 0.706009 0.149328 0.677789 0.719933 0.229653 0.550011 0.802962 0.169477 0.551064 0.817071 0.245381 0.409286 0.878791 0.185235 0.410070 0.893046 0.256319 0.257963 0.931534 0.196196 0.258457 0.945890 0.262188 0.099957 0.959826 0.202076 0.100149 0.974236 0.262833 -0.060634 0.962934 0.202722 -0.060750 0.977350 0.258237 -0.219659 0.940778 0.198117 -0.220079 0.955152 0.248520 -0.372997 0.893930 0.188382 -0.373711 0.908214 0.233934 -0.516671 0.823606 0.173767 -0.517660 0.837755 0.214856 -0.646960 0.731628 0.154652 -0.648199 0.745601 0.214856 -0.646960 0.731628 0.191779 -0.760497 0.620375 0.131532 -0.761953 0.634135 0.154652 -0.648199 0.745601 0.165302 -0.854339 0.492727 0.105005 -0.855974 0.506243 0.136112 -0.926053 0.351993 0.075758 -0.927826 0.365239 0.104963 -0.973782 0.201819 0.044549 -0.975646 0.214778 0.072662 -0.996291 0.046095 0.012187 -0.998198 0.058756 0.040047 -0.992996 -0.111151 -0.020491 -0.994897 -0.098791 0.007961 -0.963983 -0.265843 -0.052639 -0.965829 -0.253779 -0.022765 -0.910004 -0.413974 -0.083423 -0.911746 -0.402194 -0.051334 -0.832456 -0.551708 -0.112047 -0.834050 -0.540191 -0.077007 -0.733348 -0.675478 -0.137768 -0.734752 -0.664198 -0.099117 -0.615246 -0.782079 
						-0.159922 -0.616424 -0.771003 -0.117094 -0.481210 -0.868750 -0.177933 -0.482131 -0.857840 -0.130471 -0.334712 -0.933245 -0.191336 -0.335352 -0.922458 -0.138903 -0.179544 -0.973894 -0.199783 -0.179888 -0.963186 -0.142169 -0.019725 -0.989646 -0.203056 -0.019763 -0.978968 -0.140187 0.140605 -0.980091 -0.201070 0.140874 -0.969394 -0.133008 0.297291 -0.945477 -0.193877 0.297860 -0.934714 -0.120816 0.446279 -0.886701 -0.181662 0.447133 -0.875826 -0.103929 0.583711 -0.805282 -0.164743 0.584828 -0.794251 0.607550 0.489478 -0.625536 0.592891 0.404681 -0.696214 0.624783 0.561595 -0.542454 0.644144 0.619169 -0.449120 0.665128 0.660709 -0.347950 0.687193 0.685136 -0.241567 0.709771 0.691816 -0.132726 0.732272 0.680580 -0.024243 0.754115 0.651719 0.081070 0.774737 0.605976 0.180487 0.793602 0.544539 0.271428 0.810218 0.469002 0.351544 0.824159 0.381316 0.418761 0.835062 0.283754 0.471333 0.842648 0.178844 0.507897 0.846716 0.069301 0.527512 0.847163 -0.042037 0.529667 0.843977 -0.152287 0.514307 0.837240 -0.258593 0.481829 0.827128 -0.358201 0.433073 0.813900 -0.448530 0.369306 0.813900 -0.448530 0.369306 0.797901 -0.527245 0.292176 0.779546 -0.592302 0.203680 0.759310 -0.642019 0.106109 0.737713 -0.675111 0.001995 0.715319 -0.690717 -0.105966 0.692708 -0.688432 -0.214981 0.670463 -0.668318 -0.322228 0.649162 -0.630894 -0.424925 0.629355 -0.577132 -0.520414 0.611558 -0.508421 -0.606222 0.596231 -0.426541 -0.680126 0.583769 -0.333616 -0.740212 0.574494 -0.232051 -0.784926 0.568645 -0.124475 -0.813111 0.566378 -0.013675 -0.824032 0.567755 0.097479 -0.817406 0.572731 0.206107 -0.793410 0.581184 0.309400 -0.752660 0.436968 -0.608069 0.662806 0.785058 -0.473341 0.399539 0.800064 -0.369486 0.472629 0.449102 -0.506613 0.735969 0.974413 -0.117320 -0.191718 0.995551 0.029797 -0.089385 0.996766 0.068263 0.042393 
						0.807105 0.484358 0.337607 0.788046 0.442386 0.428110 0.988154 -0.005771 0.153359 0.294178 0.781290 0.550495 0.331009 0.753710 0.567763 0.060444 -0.814950 -0.576371 0.645073 -0.622198 -0.443566 0.622331 -0.689340 -0.370830 0.099193 -0.829375 -0.549817 0.949721 -0.253022 -0.184418 0.940522 -0.331058 -0.076277 0.947466 -0.256658 -0.190881 0.591590 -0.651343 -0.475157 0.602012 -0.699496 -0.385081 0.939644 -0.332903 -0.079021 0.149070 -0.800507 -0.580488 0.089725 -0.827905 -0.553645 0.378480 0.763341 0.523511 0.765042 0.533223 0.361088 0.772194 0.462750 0.435406 0.322096 0.758608 0.566364 0.996154 0.075852 0.043855 0.988029 -0.002470 0.154249 0.983014 0.163395 -0.083585 0.988465 0.140804 -0.055779 0.941030 -0.183140 -0.284468 0.935162 -0.163397 -0.314283 0.945945 -0.133244 -0.295693 0.985259 0.132795 -0.107845 0.282561 0.796161 0.535058 0.792123 0.546779 0.271245 0.779965 0.570151 0.258035 0.277214 0.800252 0.531742 0.627515 -0.577380 -0.522357 0.612994 -0.570151 -0.546961 0.048389 -0.803069 -0.593918 0.042857 -0.800251 -0.598131 0.602622 -0.566271 -0.562303 0.175272 -0.759648 -0.626271 0.769195 0.587074 0.252354 0.401589 0.788131 0.466451 0.587804 -0.572972 -0.571130 0.562347 -0.823274 -0.077365 0.248229 -0.968609 0.013367 0.163241 -0.748810 -0.642368 0.760529 0.594249 0.261655 0.394338 0.798177 0.455424 0.449288 0.204091 0.869763 0.708514 0.176180 0.683351 -0.377853 -0.768308 -0.516653 -0.375448 -0.766995 -0.520343 0.172872 -0.758948 -0.627784 0.174207 -0.760714 -0.625273 -0.982334 -0.023343 0.185676 -0.377853 -0.768308 -0.516653 -0.375395 -0.768855 -0.517629 -0.982534 -0.025054 0.184391 -0.982445 -0.024088 0.184991 -0.961078 0.015362 0.275849 -0.975286 0.024487 0.219587 -0.375448 -0.766995 -0.520343 -0.982402 -0.023757 0.185264 -0.363514 -0.770029 -0.524321 -0.150072 0.794754 0.588085 
						0.003331 0.227958 0.973665 0.478238 0.221952 0.849721 0.393926 0.789050 0.471405 -0.150072 0.794754 0.588085 -0.133243 0.800509 0.584322 -0.975313 0.024659 0.219444 0.003331 0.227958 0.973665 -0.974698 0.005668 0.223454 -0.111268 0.216640 0.969890 -0.388937 -0.763712 -0.515240 -0.375395 -0.768855 -0.517629 0.173668 -0.760835 -0.625276 0.175201 -0.758272 -0.627955 -0.982587 -0.025324 0.184069 -0.388937 -0.763712 -0.515240 -0.389741 -0.765089 -0.512583 -0.981627 -0.030883 0.188295 -0.975152 0.025454 0.220068 -0.111268 0.216640 0.969890 -0.175108 0.788876 0.589077 0.408899 0.785284 0.464899 0.489194 0.215827 0.845049 -0.175108 0.788876 0.589077 -0.973523 0.024411 0.227281 -0.167705 0.793033 0.585640 -0.651428 -0.371993 -0.661258 -0.389741 -0.765089 -0.512583 0.172449 -0.752892 -0.635150 -0.029931 0.039285 -0.998780 -0.606464 -0.408279 0.682282 -0.651428 -0.371993 -0.661258 -0.393785 -0.114034 -0.912102 -0.749927 -0.354270 0.558662 -0.602720 -0.388330 0.697086 -0.167705 0.793033 0.585640 -0.468433 0.862143 0.193082 0.099089 0.921145 -0.376396 0.399034 0.796146 0.454888 -0.468433 0.862143 0.193082 -0.739253 -0.259197 0.621548 -0.229452 0.960526 -0.157298 -0.434348 -0.696781 -0.570822 -0.393785 -0.114034 -0.912102 -0.018552 0.063072 -0.997837 0.167203 -0.700920 -0.693364 -0.980627 -0.012821 0.195463 -0.434348 -0.696781 -0.570822 -0.399981 -0.759314 -0.513281 -0.980582 -0.009543 0.195877 -0.977075 0.011228 0.212598 -0.229452 0.960526 -0.157298 -0.206516 0.834829 0.510306 0.391867 0.833378 0.389772 0.105557 0.910633 -0.399506 -0.206516 0.834829 0.510306 -0.977714 0.010004 0.209705 -0.167807 0.796258 0.581217 -0.268804 -0.947195 0.174831 -0.979034 -0.005208 0.203632 -0.978087 0.001127 0.208192 -0.099719 0.202168 0.974261 -0.974679 0.026911 0.221983 0.036776 0.808339 0.587568 0.040194 0.808568 0.587028 
						-0.974653 0.027051 0.222081 -0.974725 0.026669 0.221811 0.028040 0.807710 0.588913 -0.974611 0.027284 0.222237 0.015892 0.806732 0.590703 -0.975170 0.024495 0.220098 -0.047688 0.801620 0.595929 -0.982534 -0.026666 0.184161 -0.208503 -0.807705 -0.551488 -0.220257 -0.806720 -0.548352 -0.982598 -0.027241 0.183738 -0.982560 -0.026912 0.183987 -0.199950 -0.808338 -0.553723 -0.282089 -0.797661 -0.533069 -0.982294 -0.024112 0.185787 -0.982575 -0.027054 0.183885 -0.196599 -0.808568 -0.554588 -0.327253 -0.785150 -0.525780 -0.982585 -0.026218 0.183952 -0.974697 0.027480 0.221833 -0.090870 0.800369 0.592581 -0.096567 -0.626457 0.773451 -0.977309 -0.007362 0.211692 -0.099188 -0.502285 0.858994 -0.977178 -0.005681 0.212345 0.607056 -0.562370 -0.561447 0.601069 -0.564944 -0.565292 0.938643 -0.149108 -0.310991 0.943749 -0.136261 -0.301281 0.603231 -0.565134 -0.562794 0.608041 -0.559950 -0.562799 0.926830 -0.178396 -0.330395 0.947598 -0.125025 -0.293983 0.984449 0.139823 -0.106347 0.995994 0.059385 0.066849 0.997602 0.036265 -0.058955 0.982234 0.166525 -0.086524 0.599584 -0.557485 -0.574204 0.194057 0.192571 -0.961903 0.936789 -0.144183 -0.318808 0.539153 0.373843 -0.754689 0.981130 0.164754 -0.101192 0.554515 0.479130 -0.680402 0.801089 0.170146 0.573853 0.724529 0.626025 0.288358 0.868176 0.151311 0.472627 0.814444 0.540869 0.210097 0.771361 0.591756 0.234150 0.282214 0.795358 -0.536434 0.200505 0.148341 -0.968397 0.597553 -0.516585 -0.613246 0.555663 0.321205 -0.766855 0.962418 -0.057595 -0.265397 0.582399 0.503855 -0.637920 0.982463 0.079301 -0.168755 0.297993 0.814131 -0.498389 0.763656 0.617780 0.187558 -0.268804 -0.947195 0.174831 -0.399981 -0.759314 -0.513281 -0.096567 -0.626457 0.773451 -0.099719 0.202168 0.974261 -0.099188 -0.502285 0.858994 -0.167807 0.796258 0.581217 0.040194 0.808568 0.587028 
						0.036776 0.808339 0.587568 -0.199950 -0.808338 -0.553723 -0.196599 -0.808568 -0.554588 -0.220257 -0.806720 -0.548352 -0.282089 -0.797661 -0.533069 0.015892 0.806732 0.590703 -0.047688 0.801620 0.595929 -0.363514 -0.770029 -0.524321 -0.133243 0.800509 0.584322 0.028040 0.807710 0.588913 -0.208503 -0.807705 -0.551488 -0.327253 -0.785150 -0.525780 -0.090870 0.800369 0.592581 -0.993941 -0.048391 -0.098694 -0.262236 -0.647611 -0.715424 -0.185500 -0.919943 -0.345391 -0.923488 -0.298498 0.240975 -0.295833 0.377540 -0.877466 -0.943146 0.298500 0.146199 -0.240919 0.752606 -0.612815 0.022687 -0.752603 0.658084 0.077565 -0.377535 0.922741 -0.872688 0.048394 0.485874 -0.032827 0.919947 0.390665 0.043941 0.647611 0.760703 -0.405548 0.281446 -0.869666 -0.772175 -0.465546 -0.432450 -0.770848 -0.448127 -0.452741 -0.247051 0.359737 -0.899753 -0.382428 0.522955 -0.761753 0.026858 0.278574 -0.960039 0.049426 0.522313 -0.851320 -0.994708 0.057855 -0.084900 -0.908287 -0.250517 0.335047 -0.706153 -0.698117 -0.118239 -0.103001 -0.798691 0.592861 0.072679 -0.768972 0.635137 -0.696482 -0.711444 -0.093599 -0.063190 -0.616326 0.784952 0.368786 -0.616126 0.695978 0.330047 -0.797141 0.505603 0.535626 -0.466475 -0.703921 -0.132407 0.361094 -0.923082 0.526999 -0.445954 -0.723462 0.879965 0.057086 -0.471597 0.601857 -0.697626 -0.388699 0.966241 -0.252265 -0.052354 0.330047 -0.797141 0.505603 0.601155 -0.710728 -0.365348 0.187001 -0.769818 0.610255 -0.277375 0.503568 -0.818219 -0.997994 -0.029256 -0.056137 -0.996409 0.073959 0.041223 -0.261186 0.629630 -0.731675 -0.067306 0.503545 -0.861344 -0.935078 -0.252385 0.248860 0.045264 -0.654056 0.755091 0.065490 -0.526224 0.847821 -0.939177 -0.130052 0.317858 0.187001 -0.769818 0.610255 0.258874 -0.654209 0.710629 0.258874 -0.654209 0.710629 0.956686 -0.254050 -0.142165 0.988365 -0.130688 -0.077814 
						0.278145 -0.529159 0.801639 0.893072 -0.028084 -0.449037 -0.049848 0.630178 -0.774849 0.930977 0.076982 -0.356869 0.014711 0.888071 0.459470 0.169316 0.888821 0.425828 -0.996409 0.073959 0.041223 -0.939177 -0.130052 0.317858 0.067847 0.709363 0.701570 0.065490 -0.526224 0.847821 0.278145 -0.529159 0.801639 0.219699 0.709532 0.669549 0.988365 -0.130688 -0.077814 0.930977 0.076982 -0.356869 0.278145 -0.529159 0.801639 0.368786 -0.616126 0.695978 -0.130779 0.766063 -0.629320 -0.189133 0.367376 -0.910639 -0.295833 0.377540 -0.877466 -0.240919 0.752606 -0.612815 -0.032827 0.919947 0.390665 0.072685 0.933308 0.351644 0.043941 0.647611 0.760703 0.156486 0.635978 0.755674 0.077565 -0.377535 0.922741 0.188656 -0.367370 0.910740 0.022687 -0.752603 0.658084 0.130305 -0.766056 0.629427 0.022687 -0.752603 0.658084 -0.073172 -0.933304 -0.351552 0.130305 -0.766056 0.629427 -0.156974 -0.635979 -0.755573 0.989482 -0.144658 -0.000561 0.909045 0.143030 -0.391383 0.401829 -0.566759 0.719248 -0.085129 -0.566390 0.819729 0.401829 -0.566759 0.719248 -0.909074 -0.143243 0.391236 -0.989512 0.144447 0.000404 -0.401865 0.566538 -0.719402 0.085096 0.566171 -0.819883 -0.158467 -0.750278 -0.641850 -0.133320 -0.754382 -0.642755 0.042596 -0.977759 0.205361 0.019459 -0.976208 0.215961 -0.957333 -0.257758 0.130671 -0.996180 0.066478 -0.056629 -0.222554 -0.215410 -0.950825 0.019459 -0.976208 0.215961 0.128092 -0.660642 0.739692 -0.891481 -0.066472 0.448155 -0.176661 0.660691 -0.729575 -0.153207 0.656465 -0.738635 -0.198580 -0.209730 -0.957382 -0.930326 0.257772 0.260859 -0.068037 0.976209 -0.205882 -0.176661 0.660691 -0.729575 0.128092 -0.660642 0.739692 0.153215 -0.656418 0.738675 0.198579 0.209746 0.957378 0.173975 0.215425 0.960898 0.173975 0.215425 0.960898 0.109887 0.750284 0.651920 0.109887 0.750284 0.651920 
						0.133319 0.754389 0.642747 -0.042595 0.977760 -0.205355 -0.068037 0.976209 -0.205882 0.153215 -0.656418 0.738675 0.128092 -0.660642 0.739692 -0.195294 -0.538927 -0.819401 -0.170411 -0.544035 -0.821575 -0.013834 -0.997677 -0.066697 -0.036926 -0.997754 -0.055889 -0.971248 -0.229421 0.063582 -0.990424 0.135002 -0.028883 -0.226930 0.062234 -0.971921 -0.036926 -0.997754 -0.055889 0.085167 -0.841985 0.532737 -0.897236 -0.134989 0.420411 -0.133736 0.842008 -0.522625 -0.110486 0.839080 -0.532670 -0.202625 0.068119 -0.976884 -0.916410 0.229429 0.327957 -0.011651 0.997754 0.065964 -0.133736 0.842008 -0.522625 0.085167 -0.841985 0.532737 0.110493 -0.839059 0.532702 0.202625 -0.068108 0.976885 0.178351 -0.062222 0.981998 0.178351 -0.062222 0.981998 0.146714 0.538942 0.829468 0.146714 0.538942 0.829468 0.170408 0.544053 0.821564 0.013834 0.997677 0.066698 -0.011651 0.997754 0.065964 0.110493 -0.839059 0.532702 0.085167 -0.841985 0.532737 -0.222372 -0.219448 -0.949944 -0.197878 -0.225246 -0.953996 -0.082110 -0.914630 -0.395865 -0.105281 -0.916711 -0.385430 -0.985496 -0.169621 -0.005112 -0.978280 0.205154 0.029672 -0.210470 0.398796 -0.892561 -0.105281 -0.916711 -0.385430 0.020284 -0.975303 0.219937 -0.909382 -0.205147 0.361856 -0.068849 0.975317 -0.209801 -0.045741 0.974309 -0.220522 -0.185757 0.404307 -0.895561 -0.902165 0.169625 0.396644 0.056705 0.916705 0.395520 -0.068849 0.975317 -0.209801 0.020284 -0.975303 0.219937 0.045753 -0.974294 0.220584 0.185759 -0.404283 0.895572 0.161893 -0.398774 0.902646 0.161893 -0.398774 0.902646 0.173793 0.219465 0.960016 0.173793 0.219465 0.960016 0.197877 0.225264 0.953992 0.082113 0.914625 0.395876 0.056705 0.916705 0.395520 0.045753 -0.974294 0.220584 0.020284 -0.975303 0.219937 -0.226946 0.061131 -0.971987 -0.202787 0.055279 -0.977661 -0.130637 -0.765677 -0.629820 
						-0.153970 -0.769209 -0.620171 -0.993447 -0.105716 -0.043445 -0.965301 0.244300 0.092257 -0.180511 0.638535 -0.748124 -0.153970 -0.769209 -0.620171 -0.036701 -0.997822 -0.054805 -0.922360 -0.244303 0.299281 -0.011866 0.997820 0.064926 0.011233 0.998469 0.054155 -0.155503 0.643247 -0.749701 -0.894212 0.105708 0.434984 0.105394 0.769201 0.630256 -0.011866 0.997820 0.064926 -0.036701 -0.997822 -0.054805 -0.011224 -0.998472 -0.054110 0.155506 -0.643226 0.749719 0.131935 -0.638513 0.758218 0.131935 -0.638513 0.758218 0.178364 -0.061107 0.982065 0.178364 -0.061107 0.982065 0.202787 -0.055255 0.977663 0.130639 0.765668 0.629829 0.105394 0.769201 0.630256 -0.011224 -0.998472 -0.054110 -0.036701 -0.997822 -0.054805 -0.211516 0.386721 -0.897612 -0.187744 0.381408 -0.905141 -0.174607 -0.510762 -0.841805 -0.198230 -0.515650 -0.833552 -0.997751 -0.019247 -0.064203 -0.947737 0.265508 0.176917 -0.129012 0.856450 -0.499849 -0.198230 -0.515650 -0.833552 -0.102828 -0.921870 -0.373606 -0.939924 -0.265490 0.214613 0.054263 0.921846 0.383739 0.077471 0.924390 0.373500 -0.103731 0.859732 -0.500101 -0.889907 0.019255 0.455736 0.149653 0.515644 0.843632 0.054263 0.921846 0.383739 -0.102828 -0.921870 -0.373606 -0.077461 -0.924412 -0.373446 0.103734 -0.859721 0.500118 0.080439 -0.856438 0.509944 0.080439 -0.856438 0.509944 0.162939 -0.386714 0.907691 0.162939 -0.386714 0.907691 0.187744 -0.381401 0.905144 0.174608 0.510753 0.841810 0.149653 0.515644 0.843632 -0.077461 -0.924412 -0.373446 -0.102828 -0.921870 -0.373606 -0.178491 0.650323 -0.738390 -0.155024 0.646042 -0.747393 -0.197977 -0.223113 -0.954477 -0.221935 -0.228774 -0.947843 -0.996361 0.062931 -0.057494 -0.931050 0.258637 0.257395 -0.070748 0.973170 -0.218942 -0.221935 -0.228774 -0.947843 -0.156365 -0.759264 -0.631718 -0.956612 -0.258653 0.134137 0.107798 0.759226 0.641838 
						0.131216 0.763274 0.632610 -0.045309 0.974798 -0.218441 -0.891301 -0.062951 0.449020 0.173359 0.228766 0.957921 0.107798 0.759226 0.641838 -0.156365 -0.759264 -0.631718 -0.131207 -0.763310 -0.632568 0.045313 -0.974793 0.218460 0.022174 -0.973164 0.229041 0.022174 -0.973164 0.229041 0.129915 -0.650304 0.748483 0.129915 -0.650304 0.748483 0.155027 -0.646025 0.747407 0.197978 0.223108 0.954478 0.173359 0.228766 0.957921 -0.131207 -0.763310 -0.632568 -0.156365 -0.759264 -0.631718 -0.121148 0.878603 -0.461931 -0.097937 0.876050 -0.472169 -0.201103 0.139762 -0.969548 -0.225494 0.133890 -0.965001 -0.988329 0.151170 -0.018780 -0.913128 0.219116 0.343782 0.002906 0.990683 0.136154 -0.225494 0.133890 -0.965001 -0.202728 -0.476927 -0.855244 -0.974533 -0.219102 0.047750 0.154156 0.476881 0.865344 0.177928 0.482187 0.857809 0.028388 0.990183 0.136862 -0.899331 -0.151164 0.410310 0.176915 -0.133907 0.975074 0.154156 0.476881 0.865344 -0.202728 -0.476927 -0.855244 -0.177921 -0.482233 -0.857785 -0.028384 -0.990186 -0.136843 -0.051481 -0.990686 -0.126059 -0.051481 -0.990686 -0.126059 0.072571 -0.878596 0.472019 0.072571 -0.878596 0.472019 0.097939 -0.876044 0.472181 0.201104 -0.139771 0.969547 0.176915 -0.133907 0.975074 -0.177921 -0.482233 -0.857785 -0.202728 -0.476927 -0.855244 -0.066580 0.977766 -0.198848 -0.043471 0.976825 -0.209579 -0.184802 0.414771 -0.890962 -0.209528 0.409285 -0.888022 -0.977800 0.207086 0.031994 -0.901774 0.167254 0.398535 0.058840 0.912059 0.405816 -0.209528 0.409285 -0.888022 -0.222870 -0.208237 -0.952348 -0.985889 -0.167251 -0.007005 0.174296 0.208183 0.962435 0.198393 0.213994 0.956476 0.084243 0.909916 0.406147 -0.909860 -0.207087 0.359540 0.160949 -0.409306 0.898089 0.174296 0.208183 0.962435 -0.222870 -0.208237 -0.952348 -0.198389 -0.214048 -0.956465 -0.084239 -0.909924 -0.406130 
						-0.107414 -0.912068 -0.395719 -0.107414 -0.912068 -0.395719 0.018002 -0.977764 0.208934 0.018002 -0.977764 0.208934 0.043474 -0.976822 0.209592 0.184802 -0.414791 0.890953 0.160949 -0.409306 0.898089 -0.198389 -0.214048 -0.956465 -0.222870 -0.208237 -0.952348 -0.165778 0.577685 -0.799248 -0.135878 -0.743179 -0.655151 -0.162037 -0.741623 -0.650952 -0.169567 0.578036 -0.798199 -0.993013 -0.108330 0.046791 -0.125796 -0.870279 -0.476225 -0.972231 -0.182107 0.146981 -0.993013 -0.108330 0.046791 -0.994611 -0.043891 0.093927 -0.170805 0.584328 -0.793339 -0.100257 -0.869631 -0.483416 0.163696 -0.591924 0.789196 0.159907 -0.591569 0.790238 -0.972231 -0.182107 0.146981 0.159907 -0.591569 0.790238 0.158676 -0.585303 0.795136 -0.973662 -0.118259 0.194929 -0.991382 0.008072 0.130752 -0.172327 0.584588 -0.792818 0.157151 -0.585031 0.795640 -0.970230 -0.067015 0.232728 0.100282 0.869627 0.483417 -0.163693 0.591925 -0.789195 -0.167585 0.591569 -0.788645 0.073988 0.870270 0.486986 -0.950487 0.182018 0.251881 -0.170656 0.585304 -0.792651 -0.970864 0.118265 0.208413 -0.950487 0.182018 0.251881 -0.929714 0.108352 0.351983 0.110301 0.741624 0.661686 0.165782 -0.577683 0.799249 0.135901 0.743184 0.655140 0.161889 -0.578034 0.799793 0.161889 -0.578034 0.799793 -0.929714 0.108352 0.351983 -0.949918 0.043915 0.309400 0.158819 -0.584326 0.795826 -0.961602 -0.008085 0.274330 0.157216 -0.584586 0.795954 -0.982753 0.067005 0.172355 -0.172261 0.585033 -0.792504 0.163696 -0.591924 0.789196 0.165782 -0.577683 0.799249 -0.940347 0.304853 0.151040 -0.870086 0.055437 0.489773 0.046729 0.654251 0.754833 -0.027180 0.916792 0.398439 -0.239102 0.758891 -0.605735 -0.296136 0.369444 -0.880803 -0.993104 -0.055425 -0.103305 -0.922846 -0.304842 0.235429 0.021545 -0.758895 0.650857 0.078620 -0.369453 0.925918 -0.257342 -0.654250 -0.711148 
						-0.183401 -0.916798 -0.354748 -0.328721 0.804412 -0.494838 -0.184760 0.775756 -0.603379 -0.585280 0.719588 0.373685 -0.584965 0.706696 0.397990 -0.368261 0.618011 -0.694584 0.063284 0.618212 -0.783459 0.106060 0.805960 -0.582392 -0.520304 0.481215 0.705490 -0.878770 -0.052706 0.474327 -0.964979 0.256413 0.055386 -0.512468 0.459583 0.725369 0.133851 -0.352420 0.926220 -0.026971 -0.265936 0.963613 0.407146 -0.268859 0.872896 0.382465 -0.520964 0.763097 -0.048946 -0.520309 0.852574 0.694317 0.707188 0.133455 0.685242 0.720326 0.107580 -0.071994 0.774908 -0.627961 0.908340 0.254668 -0.331757 0.994694 -0.053484 0.087887 0.758771 0.480301 0.439975 0.407146 -0.268859 0.872896 0.246945 -0.351031 0.903214 0.758262 0.461733 0.460263 -0.254634 0.657293 -0.709314 -0.276141 0.528644 -0.802671 -0.987924 0.131493 0.081944 -0.954541 0.258947 0.147644 -0.044922 0.656877 -0.752659 -0.892048 0.034470 0.450625 -0.930734 -0.072076 0.358525 0.048990 -0.636365 0.769831 0.067845 -0.500330 0.863173 0.281202 -0.500130 0.819021 0.246945 -0.351031 0.903214 0.281202 -0.500130 0.819021 0.263166 -0.633338 0.727755 0.996362 -0.075648 -0.039248 0.997584 0.033739 0.060736 0.934104 0.259200 -0.245489 0.938611 0.128607 -0.320109 -0.064462 0.527845 -0.846891 -0.066707 -0.713460 -0.697514 -0.215638 -0.714643 -0.665421 -0.164520 -0.886396 -0.432707 -0.930734 -0.072076 0.358525 -0.987924 0.131493 0.081944 -0.018278 -0.885995 -0.463335 0.263166 -0.633338 0.727755 0.048990 -0.636365 0.769831 0.938611 0.128607 -0.320109 0.996362 -0.075648 -0.039248 0.263166 -0.633338 0.727755 0.382465 -0.520964 0.763097 -0.189819 0.358684 -0.913956 -0.296136 0.369444 -0.880803 -0.239102 0.758891 -0.605735 -0.129179 0.772610 -0.621600 -0.155770 -0.643080 -0.749789 -0.257342 -0.654250 -0.711148 -0.075106 -0.929575 -0.360901 -0.183401 -0.916798 -0.354748 
						0.128707 -0.772614 0.621693 0.021545 -0.758895 0.650857 0.078620 -0.369453 0.925918 0.189347 -0.358692 0.914050 0.078620 -0.369453 0.925918 0.189347 -0.358692 0.914050 0.155288 0.643081 0.749888 0.074626 0.929571 0.361011 0.909005 0.143347 -0.391359 0.989500 -0.144531 -0.000272 0.401724 -0.566553 0.719468 -0.084919 -0.566189 0.819890 0.401724 -0.566553 0.719468 -0.908973 -0.143125 0.391515 -0.989469 0.144744 0.000440 -0.401697 0.566785 -0.719301 0.084957 0.566423 -0.819724 -0.119513 -0.812616 -0.570413 -0.077180 -0.928221 -0.363937 -0.104328 -0.898183 -0.427064 -0.120466 -0.854449 -0.505376 -0.118815 -0.812421 -0.570837 0.118038 0.809696 0.574857 0.118737 0.809893 0.574435 0.116325 0.762674 0.636237 0.129784 0.700634 0.701618 0.153369 0.646247 0.747558 -0.164014 0.589778 -0.790734 -0.029493 0.989399 -0.142195 -0.032919 0.986777 -0.158703 -0.164031 0.589664 -0.790816 0.116560 0.818916 0.561953 0.116234 0.820039 0.560380 -0.120971 -0.803257 -0.583219 -0.199966 -0.174843 -0.964076 -0.200544 -0.158019 -0.966857 -0.121290 -0.802088 -0.584759 -0.165468 0.579851 -0.797742 -0.165451 0.579966 -0.797662 0.165592 -0.578967 0.798359 0.202771 0.034073 0.978633 0.183758 0.034079 0.982381 0.137598 -0.578891 0.803712 0.202771 0.034073 0.978633 0.157662 0.630344 0.760138 0.129735 0.630306 0.765430 -0.582057 -0.406309 0.704359 -0.583800 -0.413578 0.698664 0.135901 -0.590266 0.795687 -0.976669 -0.001483 0.214746 -0.978042 -0.010822 0.208126 0.038388 -0.958652 0.281978 0.057488 -0.958655 0.278705 0.163878 -0.590653 0.790109 -0.099506 -0.935237 -0.339751 -0.071651 -0.935721 -0.345387 0.057488 -0.958655 0.278705 -0.979734 -0.005997 0.200214 -0.750358 -0.640159 -0.164801 -0.740062 -0.662370 -0.116507 -0.979748 -0.007673 0.200088 -0.116666 -0.897339 -0.425642 -0.102849 -0.928396 -0.357075 -0.978287 0.004884 0.207198 
						-0.592359 0.541090 0.596936 -0.603702 0.563893 0.563533 -0.978380 0.004919 0.206756 0.105793 0.759319 0.642061 0.106342 0.802181 0.587535 0.118776 0.811159 0.572637 -0.118776 -0.811159 -0.572637 -0.365995 0.567302 -0.737710 -0.364631 0.576615 -0.731135 -0.809513 0.408871 -0.421323 -0.808146 0.418210 -0.414730 -0.989995 0.141035 -0.004457 -0.988631 0.150345 0.002116 0.117438 0.701426 0.703001 0.127521 0.644875 0.753574 -0.979848 -0.005105 0.199680 -0.977843 0.005333 0.209271 -0.137160 -0.801535 -0.582004 -0.125308 -0.800698 -0.585817 -0.131157 -0.819763 -0.557482 -0.133822 -0.808875 -0.572549 0.100331 0.820363 0.562973 0.103703 0.813255 0.572593 0.112206 0.821356 0.559272 -0.130848 -0.856770 -0.498824 -0.979811 -0.005524 0.199851 -0.978170 0.004684 0.207755 -0.185467 0.971529 -0.147425 -0.347384 -0.134285 -0.928058 -0.677113 -0.242100 -0.694914 -0.516812 0.852552 0.077847 -0.804668 -0.447178 -0.390564 -0.642655 0.659191 0.390465 -0.761106 -0.611382 -0.216633 -0.771980 -0.585365 -0.247781 -0.753105 -0.651009 -0.094978 -0.593485 0.439118 0.674501 -0.575685 0.460131 0.675919 -0.583424 0.499961 0.640043 -0.384880 0.028253 0.922534 -0.502604 -0.791937 0.346734 -0.808861 0.413536 -0.418010 -0.575883 -0.413531 0.705231 -0.575882 -0.413532 0.705231 -0.808861 0.413536 -0.418009 0.118779 0.811160 0.572635 0.118779 0.811160 0.572635 0.118779 0.811160 0.572635 0.118779 0.811160 0.572635 -0.118779 -0.811159 -0.572636 -0.118779 -0.811159 -0.572636 -0.118779 -0.811159 -0.572636 -0.118779 -0.811159 -0.572636 0.164739 -0.584825 0.794255 0.164739 -0.584825 0.794255 -0.164739 0.584828 -0.794252 -0.164739 0.584828 -0.794252 -0.808857 0.413537 -0.418016 -0.575873 -0.413539 0.705235 -0.575874 -0.413538 0.705234 -0.808858 0.413536 -0.418015 0.118779 0.811158 0.572639 0.118779 0.811158 0.572639 0.118779 0.811158 0.572639 
						0.118779 0.811158 0.572639 -0.118780 -0.811156 -0.572641 -0.118780 -0.811156 -0.572641 -0.118780 -0.811156 -0.572641 -0.118780 -0.811156 -0.572641 0.164741 -0.584825 0.794254 0.164741 -0.584825 0.794254 -0.164740 0.584828 -0.794252 -0.164740 0.584828 -0.794252 -0.808860 0.413536 -0.418012 -0.575875 -0.413535 0.705236 -0.575873 -0.413536 0.705236 -0.808861 0.413535 -0.418011 0.118773 0.811163 0.572632 0.118773 0.811163 0.572632 0.118773 0.811163 0.572632 0.118773 0.811163 0.572632 -0.118773 -0.811159 -0.572637 -0.118773 -0.811159 -0.572637 -0.118773 -0.811159 -0.572637 -0.118773 -0.811159 -0.572637 0.164746 -0.584826 0.794253 0.164746 -0.584826 0.794253 -0.164746 0.584826 -0.794253 -0.164746 0.584826 -0.794253 -0.808862 0.413530 -0.418013 -0.575876 -0.413536 0.705234 -0.575875 -0.413537 0.705235 -0.808863 0.413529 -0.418012 0.118779 0.811158 0.572638 0.118779 0.811158 0.572638 0.118779 0.811158 0.572638 0.118779 0.811158 0.572638 -0.118779 -0.811160 -0.572636 -0.118779 -0.811160 -0.572636 -0.118779 -0.811160 -0.572636 -0.118779 -0.811160 -0.572636 0.164753 -0.584823 0.794254 0.164753 -0.584822 0.794254 -0.164745 0.584823 -0.794255 -0.164745 0.584823 -0.794255 -0.808861 0.413533 -0.418012 -0.575876 -0.413537 0.705233 -0.575877 -0.413537 0.705233 -0.808861 0.413533 -0.418012 0.118779 0.811158 0.572638 0.118779 0.811158 0.572638 0.118779 0.811158 0.572638 0.118779 0.811158 0.572638 -0.118780 -0.811156 -0.572641 -0.118780 -0.811156 -0.572641 -0.118780 -0.811156 -0.572641 -0.118780 -0.811156 -0.572641 0.164743 -0.584826 0.794254 0.164743 -0.584826 0.794254 -0.164743 0.584826 -0.794253 -0.164743 0.584826 -0.794253 -0.808861 0.413534 -0.418011 -0.575877 -0.413534 0.705234 -0.575876 -0.413535 0.705235 -0.808861 0.413534 -0.418011 0.118773 0.811160 0.572637 0.118773 0.811160 0.572637 0.118773 0.811160 0.572637 
						0.118773 0.811160 0.572637 -0.118773 -0.811163 -0.572632 -0.118773 -0.811163 -0.572632 -0.118773 -0.811163 -0.572632 -0.118773 -0.811163 -0.572632 0.164746 -0.584825 0.794253 0.164746 -0.584825 0.794253 -0.164746 0.584825 -0.794253 -0.164746 0.584825 -0.794253 -0.808863 0.413533 -0.418008 -0.575877 -0.413531 0.705236 -0.575879 -0.413530 0.705235 -0.808864 0.413532 -0.418008 0.118780 0.811159 0.572636 0.118780 0.811159 0.572636 0.118780 0.811159 0.572636 0.118780 0.811159 0.572636 -0.118777 -0.811157 -0.572639 -0.118777 -0.811157 -0.572639 -0.118777 -0.811157 -0.572639 -0.118777 -0.811157 -0.572639 0.164749 -0.584821 0.794255 0.164749 -0.584821 0.794255 -0.164744 0.584825 -0.794254 -0.164744 0.584825 -0.794254 -0.808863 0.413534 -0.418008 -0.575885 -0.413533 0.705228 -0.575884 -0.413534 0.705229 -0.808864 0.413534 -0.418007 0.118774 0.811161 0.572635 0.118774 0.811161 0.572635 0.118774 0.811161 0.572635 0.118774 0.811161 0.572635 -0.118773 -0.811162 -0.572634 -0.118773 -0.811162 -0.572634 -0.118773 -0.811162 -0.572634 -0.118773 -0.811162 -0.572634 0.164739 -0.584828 0.794252 0.164739 -0.584828 0.794252 -0.164743 0.584828 -0.794252 -0.164743 0.584828 -0.794252 -0.808865 0.413528 -0.418008 -0.575878 -0.413534 0.705234 -0.575881 -0.413532 0.705232 -0.808865 0.413528 -0.418008 0.118774 0.811157 0.572640 0.118774 0.811157 0.572640 0.118774 0.811157 0.572640 0.118774 0.811157 0.572640 -0.118780 -0.811159 -0.572636 -0.118780 -0.811159 -0.572636 -0.118780 -0.811159 -0.572636 -0.118780 -0.811159 -0.572636 0.164749 -0.584825 0.794253 0.164749 -0.584825 0.794253 -0.164749 0.584821 -0.794255 -0.164749 0.584821 -0.794255 -0.808865 0.413529 -0.418008 -0.575878 -0.413531 0.705235 -0.575880 -0.413530 0.705234 -0.808866 0.413528 -0.418007 0.118780 0.811159 0.572636 0.118780 0.811159 0.572636 0.118780 0.811159 0.572636 
						0.118780 0.811159 0.572636 -0.118780 -0.811158 -0.572637 -0.118780 -0.811158 -0.572637 -0.118780 -0.811158 -0.572637 -0.118780 -0.811158 -0.572637 0.164749 -0.584822 0.794255 0.164749 -0.584822 0.794255 -0.164749 0.584822 -0.794255 -0.164749 0.584822 -0.794255 -0.808861 0.413533 -0.418012 -0.575875 -0.413537 0.705234 -0.575874 -0.413538 0.705235 -0.808862 0.413533 -0.418011 0.118773 0.811162 0.572634 0.118773 0.811162 0.572634 0.118773 0.811162 0.572634 0.118773 0.811162 0.572634 -0.118773 -0.811160 -0.572636 -0.118773 -0.811160 -0.572636 -0.118773 -0.811160 -0.572636 -0.118773 -0.811160 -0.572636 0.164748 -0.584827 0.794251 0.164748 -0.584827 0.794251 -0.164749 0.584824 -0.794253 -0.164749 0.584824 -0.794253 -0.808861 0.413534 -0.418011 -0.575873 -0.413535 0.705237 -0.575871 -0.413536 0.705238 -0.808861 0.413534 -0.418011 0.118773 0.811161 0.572635 0.118773 0.811161 0.572635 0.118773 0.811161 0.572635 0.118773 0.811161 0.572635 -0.118773 -0.811161 -0.572635 -0.118773 -0.811161 -0.572635 -0.118773 -0.811161 -0.572635 -0.118773 -0.811161 -0.572635 0.164749 -0.584824 0.794253 0.164749 -0.584824 0.794253 -0.164749 0.584825 -0.794253 -0.164749 0.584824 -0.794253 -0.808861 0.413535 -0.418010 -0.575880 -0.413534 0.705231 -0.575878 -0.413535 0.705233 -0.808861 0.413535 -0.418010 0.118773 0.811159 0.572638 0.118773 0.811159 0.572638 0.118773 0.811159 0.572638 0.118773 0.811159 0.572638 -0.118773 -0.811159 -0.572637 -0.118773 -0.811159 -0.572637 -0.118773 -0.811159 -0.572638 -0.118773 -0.811159 -0.572637 0.164743 -0.584824 0.794255 0.164743 -0.584824 0.794255 -0.164742 0.584830 -0.794250 -0.164742 0.584830 -0.794250 -0.808864 0.413531 -0.418008 -0.575876 -0.413534 0.705235 -0.575875 -0.413535 0.705236 -0.808863 0.413532 -0.418010 0.118773 0.811158 0.572640 0.118773 0.811158 0.572640 0.118773 0.811158 0.572640 
						0.118773 0.811158 0.572640 -0.118773 -0.811157 -0.572640 -0.118773 -0.811157 -0.572641 -0.118773 -0.811157 -0.572640 -0.118773 -0.811157 -0.572641 0.164745 -0.584825 0.794254 0.164745 -0.584825 0.794254 -0.164754 0.584823 -0.794253 -0.164754 0.584823 -0.794253 -0.810716 -0.533397 -0.241301 -0.773552 -0.583141 -0.248120 -0.614068 0.569141 0.546809 -0.626137 0.638685 0.447251 0.773462 0.583225 0.248204 0.741823 0.604564 0.290173 0.602558 -0.577822 -0.550495 0.621913 -0.642193 -0.448121 0.621913 -0.642193 -0.448121 0.602558 -0.577822 -0.550495 -0.739936 -0.606152 -0.291676 0.626855 -0.642043 -0.441400 -0.622344 0.645356 0.442949 0.812470 0.531214 0.240215 0.626855 -0.642043 -0.441400 0.614101 -0.569118 -0.546795 -0.773436 -0.583302 -0.248103 0.773533 0.583209 0.248020 0.614101 -0.569118 -0.546795 -0.602524 0.577843 0.550511 -0.810674 -0.520670 -0.267789 -0.776075 -0.577064 -0.254372 -0.610401 0.569466 0.550562 -0.635486 0.621753 0.457799 0.774072 0.578947 0.256189 0.752263 0.580740 0.311194 0.605111 -0.573412 -0.552304 0.610039 -0.640145 -0.466976 0.610039 -0.640145 -0.466976 0.605111 -0.573412 -0.552304 -0.750944 -0.581065 -0.313762 0.636782 -0.624222 -0.452611 -0.609944 0.643302 0.462743 0.812430 0.517758 0.268111 0.636782 -0.624222 -0.452611 0.604305 -0.569807 -0.556898 -0.773785 -0.584657 -0.243788 0.771189 0.588253 0.243364 0.604305 -0.569807 -0.556898 -0.608706 0.564368 0.557643 0.667277 -0.357219 -0.653556 -0.656707 -0.752628 -0.047832 0.729720 0.682381 -0.043176 0.667277 -0.357219 -0.653556 -0.482180 0.568537 0.666534 -0.800391 -0.496897 -0.335361 -0.779055 -0.571531 -0.257733 -0.606982 0.567026 0.556825 -0.652331 0.569867 0.499716 0.773242 0.576965 0.263073 0.779470 0.517126 0.353562 0.606173 -0.567627 -0.557095 0.576029 -0.619081 -0.533787 0.576029 -0.619081 -0.533787 0.606173 -0.567627 -0.557095 
						-0.779387 -0.514136 -0.358079 0.654618 -0.569601 -0.497020 -0.574295 0.621388 0.532974 0.801446 0.492462 0.339360 0.654618 -0.569601 -0.497020 0.603948 -0.547097 -0.579596 -0.781743 -0.567115 -0.259342 0.772891 0.572678 0.273275 0.603948 -0.547097 -0.579596 -0.599299 0.554760 0.577132 0.515168 -0.415208 -0.749803 -0.708838 -0.575885 -0.407313 0.847254 0.480590 0.226260 0.515168 -0.415208 -0.749803 -0.563909 0.383328 0.731482 -0.790957 -0.490823 -0.365350 -0.780630 -0.568078 -0.260584 -0.604826 0.566384 0.559816 -0.655127 0.542144 0.526202 0.773120 0.575085 0.267513 0.791831 0.489489 0.365246 0.607233 -0.564611 -0.559002 0.558805 -0.601169 -0.571255 0.558805 -0.601169 -0.571255 0.607233 -0.564611 -0.559002 -0.792221 -0.485106 -0.370212 0.657529 -0.540428 -0.524970 -0.556125 0.602567 0.572397 0.791359 0.485918 0.370991 0.657529 -0.540428 -0.524970 0.599502 -0.558705 -0.573103 -0.775680 -0.576662 -0.256480 0.775579 0.575481 0.259421 0.599502 -0.558705 -0.573103 -0.607431 0.555012 0.568321 0.582106 -0.310055 -0.751677 -0.666736 -0.707815 -0.233369 0.806078 0.591720 0.010316 0.582106 -0.310055 -0.751677 -0.483862 0.404591 0.776005 -0.806752 -0.507978 -0.301846 -0.777404 -0.574698 -0.255666 -0.608937 0.568259 0.553424 -0.645048 0.596373 0.477758 0.773622 0.578249 0.259109 0.766362 0.548661 0.334156 0.605492 -0.570813 -0.554573 0.593562 -0.631462 -0.498939 0.593562 -0.631462 -0.498939 0.605492 -0.570813 -0.554573 -0.765727 -0.547298 -0.337827 0.646928 -0.597503 -0.473788 -0.592710 0.634318 0.496321 0.808256 0.504284 0.304005 0.646928 -0.597503 -0.473788 0.600892 -0.582158 -0.547741 -0.767298 -0.594424 -0.240652 0.773543 0.590788 0.229346 0.600892 -0.582158 -0.547741 -0.616038 0.566370 0.547468 0.701057 -0.524624 -0.483000 -0.720307 -0.693226 -0.024429 0.680845 0.730372 0.054828 0.701057 -0.524624 -0.483000 
						-0.521266 0.698953 0.489639 -0.245064 -0.742193 -0.623774 -0.283257 0.570408 -0.770973 -0.166344 0.573714 -0.801987 -0.136242 -0.741620 -0.656839 -0.992724 0.053856 0.107694 -0.211540 -0.861207 -0.462139 -0.956643 -0.074230 0.281647 -0.283257 0.570408 -0.770973 -0.989742 0.074222 0.122071 -0.280302 0.590584 -0.756731 0.043795 -0.590585 0.805786 -0.099860 -0.870776 -0.481433 0.163114 -0.595821 0.786379 0.043795 -0.590585 0.805786 0.046748 -0.570409 0.820029 -0.953661 -0.053865 0.296023 -0.280302 0.590584 -0.756731 -0.010280 0.861207 0.508150 0.099860 0.870774 0.481437 -0.163106 0.595822 -0.786379 0.023245 0.742196 0.669780 0.046748 -0.570409 0.820029 0.166351 -0.573712 0.801986 0.136242 0.741624 0.656835 0.163114 -0.595821 0.786379 0.166351 -0.573712 0.801986 -0.166344 0.573714 -0.801987 -0.163106 0.595822 -0.786379 
					</float_array>
					<technique_common>
						<accessor count="2589" offset="0" source="#meshId0-normals-array" stride="3">
							<param name="X" type="float" />
							<param name="Y" type="float" />
							<param name="Z" type="float" />
						</accessor>
					</technique_common>
				</source>
				<source id="meshId0-tangents" name="meshId0-tangents">
					<float_array id="meshId0-tangents-array" count="7767"> 
						-0.575798 -0.412976 0.705625 0.808948 -0.412968 0.418402 0.808946 -0.412979 0.418395 -0.575797 -0.412972 0.705629 0.165280 -0.584828 0.794140 0.165280 -0.584828 0.794140 0.165280 -0.584828 0.794140 0.165280 -0.584828 0.794140 0.164208 -0.584830 0.794361 0.164208 -0.584830 0.794361 0.164207 -0.584830 0.794361 0.164208 -0.584830 0.794361 0.979217 0.000394 -0.202818 0.979215 0.000384 -0.202825 -0.979100 0.000383 0.203377 -0.979099 0.000393 0.203384 -0.056422 -0.545855 0.835978 -0.051634 -0.730890 0.680539 0.320577 -0.388916 0.863698 0.376366 -0.583236 0.719850 -0.942761 -0.263385 0.204525 -0.059166 -0.583609 0.809876 -0.893930 0.073810 0.442087 0.995928 0.074466 0.050818 0.946593 -0.262643 -0.187033 0.384350 -0.545611 0.744704 -0.151575 -0.390945 0.907847 0.462780 -0.688011 0.558995 0.256326 0.488117 -0.834289 -0.485871 0.306374 -0.818575 -0.463654 0.318420 -0.826821 0.408330 0.487422 -0.771807 0.250864 0.447032 -0.858621 0.653185 0.385082 -0.651967 0.649390 0.418818 -0.634731 -0.708312 0.257488 -0.657263 -0.965104 0.044218 -0.258107 -0.969751 0.199165 -0.141127 -0.695624 -0.446883 0.562497 -0.570851 -0.573822 0.587246 -0.961829 0.152700 -0.227087 -0.664790 -0.506872 0.548757 -0.275729 -0.614522 0.739145 -0.306858 -0.633727 0.710090 0.991586 0.127136 0.024369 0.517927 0.411563 -0.749911 0.998594 0.051285 0.013411 0.977525 -0.023874 0.209464 0.739981 -0.428622 0.518374 0.749721 -0.217076 0.625137 -0.100308 -0.286140 0.952923 0.674101 -0.497361 0.546095 -0.257411 -0.200178 0.945340 0.365165 0.452475 -0.813585 -0.748163 0.239636 -0.618730 -0.730708 -0.016205 -0.682498 0.353279 0.444540 -0.823152 0.550978 0.350118 -0.757523 -0.905824 -0.030667 -0.422544 -0.584881 -0.722350 0.368951 -0.478304 -0.846988 0.232025 -0.817836 -0.266135 -0.510212 -0.457385 -0.589820 0.665516 -0.407931 -0.707610 0.576958 
						-0.318332 -0.342755 0.883846 0.786629 -0.364547 0.498317 0.773718 -0.474452 0.419829 -0.368528 -0.594940 0.714307 0.960683 -0.199658 0.192936 0.481909 0.174860 -0.858596 0.910838 -0.403115 0.088720 0.323438 0.558818 -0.763617 0.359754 0.418520 -0.833917 -0.274856 0.905701 0.322739 0.688987 0.436079 0.578905 0.611881 0.436711 -0.659458 0.553184 0.625272 -0.550475 0.352766 0.387195 -0.851843 0.132642 0.539762 -0.831302 -0.711876 -0.141688 -0.687864 0.047229 -0.862129 -0.504484 -0.362718 -0.753800 0.547924 -0.178547 -0.209148 0.961446 -0.191052 -0.642347 -0.742219 -0.115847 -0.929250 -0.350819 -0.170725 -0.924691 -0.340293 -0.169194 -0.654311 -0.737056 -0.253482 0.370442 -0.893599 -0.233497 0.358712 -0.903773 -0.179302 0.754186 -0.631708 -0.197811 0.769780 -0.606885 -0.015040 0.924980 0.379719 -0.014410 0.926258 0.376614 0.079755 0.657515 0.749209 0.073223 0.640538 0.764428 0.194230 0.649027 0.735554 0.239961 -0.358619 0.902115 0.255705 0.639326 0.725174 0.091948 -0.771149 0.629981 0.731905 -0.147849 0.665173 0.957260 0.018168 0.288659 -0.163276 -0.162577 0.973093 -0.677123 -0.452191 0.580540 -0.239815 -0.598024 0.764759 -0.968972 0.061073 -0.239507 -0.740120 0.211162 -0.638461 0.206923 0.386720 -0.898683 0.677940 0.472087 -0.563499 -0.056432 -0.545863 0.835972 -0.051626 -0.730892 0.680538 0.320562 -0.388911 0.863706 0.376359 -0.583224 0.719864 -0.942757 -0.263394 0.204529 -0.059164 -0.583598 0.809884 -0.893918 0.073826 0.442108 0.995924 0.074490 0.050854 0.946600 -0.262624 -0.187022 0.384359 -0.545602 0.744706 -0.151575 -0.390938 0.907851 0.462785 -0.688012 0.558990 0.821296 -0.439968 0.363181 0.905580 -0.218664 -0.363472 0.912794 -0.227249 -0.339359 0.733787 -0.458805 0.501054 0.811921 -0.477921 0.335226 0.511924 -0.531132 0.675154 0.523889 -0.498489 0.690687 0.827807 -0.036221 -0.559843 
						0.487662 0.241542 -0.838954 0.513154 0.413396 -0.752182 -0.479934 0.450167 -0.753002 -0.618386 0.345829 -0.705692 0.538298 0.322412 -0.778643 -0.519817 0.394296 -0.757839 -0.835512 0.309677 -0.453893 -0.819476 0.291108 -0.493675 -0.221121 -0.326764 0.918875 0.635955 -0.530680 0.560303 -0.266565 -0.379448 0.885981 -0.444477 -0.270611 0.853938 -0.857123 -0.171672 0.485663 -0.790908 0.018016 0.611669 -0.812336 0.571800 -0.114696 -0.902858 -0.162048 0.398230 -0.703612 0.679432 -0.208092 0.751463 -0.490192 0.441605 0.801211 -0.001603 -0.598379 0.668042 -0.196055 -0.717832 0.756142 -0.496497 0.426310 0.590299 -0.583887 0.557335 0.532253 0.056779 -0.844679 -0.565055 0.112257 -0.817381 -0.586406 -0.099910 -0.803832 0.408418 -0.173196 -0.896213 -0.715657 0.346096 -0.606673 -0.748704 0.196530 -0.633102 -0.739478 0.581863 -0.338538 -0.814106 -0.170291 0.555187 -0.830516 -0.282186 0.480224 -0.778319 0.341332 -0.526983 -0.546178 -0.372493 0.750293 0.561883 -0.724640 0.398978 -0.596977 -0.539114 0.594117 0.800887 -0.378015 0.464419 0.744145 -0.521332 0.417686 0.467580 0.847507 0.251199 -0.303626 0.370426 0.877836 0.563718 -0.490776 0.664350 0.632990 -0.283538 0.720368 0.737393 -0.548646 0.394004 0.890017 -0.357633 0.282785 0.582029 -0.277061 -0.764513 -0.247928 -0.859481 -0.447017 -0.773094 0.131194 -0.620575 -0.743658 0.653129 -0.142809 -0.191079 -0.642348 -0.742212 -0.115807 -0.929253 -0.350824 -0.170701 -0.924692 -0.340301 -0.169227 -0.654315 -0.737044 -0.253537 0.370425 -0.893591 -0.233504 0.358701 -0.903775 -0.179270 0.754193 -0.631708 -0.197797 0.769779 -0.606891 -0.014999 0.924982 0.379715 -0.014399 0.926260 0.376611 0.079755 0.657515 0.749208 0.073222 0.640536 0.764429 0.194136 0.649038 0.735569 0.239909 -0.358614 0.902131 0.255602 0.639331 0.725206 0.091998 -0.771147 0.629975 -0.766579 0.092544 0.635446 
						-0.464358 -0.181790 0.866789 -0.724837 0.680842 -0.105193 -0.501217 0.452561 -0.737543 -0.852409 0.322255 -0.411765 0.487415 0.265889 -0.831703 0.793218 -0.034914 -0.607936 0.811633 -0.521745 0.262745 0.502698 -0.429614 0.750151 -0.320137 0.494401 -0.808134 -0.023508 0.994557 -0.101503 -0.022448 0.993937 -0.107637 -0.175034 0.508322 -0.843191 -0.395483 0.144152 -0.907091 -0.054475 -0.099287 -0.993567 0.006606 0.262976 -0.964780 -0.954709 0.259415 0.145719 -0.389778 0.262899 -0.882586 -0.975428 -0.215492 0.045862 -0.100138 -0.864130 -0.493205 -0.202045 -0.109951 -0.973185 -0.103377 -0.861182 -0.497673 0.913254 -0.215384 -0.345800 0.933903 0.259425 -0.246015 0.002076 0.144146 -0.989554 0.114484 0.863901 0.490479 0.199659 0.104135 0.974316 0.201715 0.109924 0.973256 0.103060 0.861148 0.497799 -0.500604 -0.090982 -0.860882 0.143112 0.470508 -0.870713 0.177549 -0.503316 0.845665 0.018804 -0.994557 0.102479 0.022184 -0.993937 0.107689 0.174747 -0.508346 0.843236 0.094129 0.864197 0.494270 0.103103 0.861148 0.497790 -0.341098 0.239011 -0.909135 -0.078381 0.927247 -0.366154 -0.077282 0.925053 -0.371892 -0.196735 0.251054 -0.947770 -0.395927 -0.128603 -0.909232 -0.041176 -0.366850 -0.929368 -0.000697 -0.007448 -0.999972 -0.968846 0.235184 0.077624 -0.397077 -0.007505 -0.917755 -0.962153 -0.249368 0.109895 -0.047743 -0.969425 -0.240699 -0.188041 -0.379863 -0.905729 -0.051134 -0.967980 -0.245763 0.926523 -0.249273 -0.281813 0.919784 0.235207 -0.314126 0.001632 -0.128618 -0.991693 0.062094 0.969276 0.238009 0.185974 0.374451 0.908405 0.187733 0.379844 0.905801 0.050853 0.967968 0.245871 -0.488056 -0.348030 -0.800423 0.123256 0.225092 -0.966510 0.198937 -0.245429 0.948783 0.073707 -0.927243 0.367134 0.077008 -0.925049 0.371960 0.196442 -0.251077 0.947824 0.041762 0.969444 0.241730 0.050847 0.967968 0.245872 
						-0.345955 -0.102546 -0.932630 -0.138059 0.743938 -0.653832 -0.136732 0.740036 -0.658521 -0.202351 -0.094127 -0.974779 -0.375201 -0.451964 -0.809292 -0.004563 -0.658062 -0.752950 0.011755 -0.340974 -0.939999 -0.983667 0.179891 0.006174 -0.384628 -0.341053 -0.857755 -0.943806 -0.264381 0.198327 0.022389 -0.994988 0.097456 -0.150474 -0.672576 -0.724568 0.018994 -0.995556 0.092238 0.944865 -0.264236 -0.193418 0.904992 0.179859 -0.385539 0.022378 -0.451986 -0.891744 -0.008033 0.994945 -0.100100 0.148754 0.668240 0.728922 0.150165 0.672564 0.724644 -0.019250 0.995562 -0.092119 -0.453203 -0.628266 -0.632368 0.118896 -0.102640 -0.987588 0.204120 0.099921 0.973833 0.133356 -0.743939 0.654805 0.136452 -0.740040 0.658575 0.202034 0.094112 0.974846 -0.028392 0.994937 -0.096403 -0.019255 0.995562 -0.092117 -0.332224 -0.372630 -0.866472 -0.174791 0.528167 -0.830956 -0.173214 0.523213 -0.834413 -0.189002 -0.367921 -0.910446 -0.342613 -0.676188 -0.652216 0.038606 -0.837763 -0.544667 0.038445 -0.583379 -0.811290 -0.992292 0.118755 -0.035410 -0.357925 -0.583426 -0.729044 -0.928866 -0.253177 0.270389 0.077927 -0.927682 0.365148 -0.106426 -0.852212 -0.512258 0.074590 -0.929844 0.360315 0.959796 -0.253098 -0.121378 0.896345 0.118757 -0.427156 0.054947 -0.676196 -0.734669 -0.063569 0.927724 -0.367814 0.104931 0.849130 0.517656 0.106116 0.852193 0.512355 -0.074892 0.929862 -0.360206 -0.411917 -0.801620 -0.433278 0.132298 -0.361400 -0.922978 0.190455 0.373321 0.907942 0.170108 -0.528158 0.831933 0.172939 -0.523207 0.834474 0.188706 0.367906 0.910514 -0.083934 0.927573 -0.364093 -0.074859 0.929862 -0.360213 -0.296886 -0.653789 -0.696002 -0.200537 0.218639 -0.954977 -0.198587 0.212961 -0.956667 -0.153811 -0.653945 -0.740741 -0.289290 -0.871886 -0.395128 0.100694 -0.964170 -0.245431 0.086442 -0.810109 -0.579872 -0.997561 0.034232 -0.060828 
						-0.309918 -0.810156 -0.497593 -0.912767 -0.213944 0.347972 0.135794 -0.752685 0.644224 -0.043422 -0.977063 -0.208477 0.132683 -0.756512 0.640379 0.975884 -0.213845 -0.043836 0.891067 0.034235 -0.452578 0.108268 -0.871890 -0.477584 -0.121434 0.752839 -0.646905 0.042078 0.975798 0.214589 0.043120 0.977058 0.208563 -0.132967 0.756552 -0.640273 -0.352471 -0.924259 -0.146660 0.166447 -0.630325 -0.758278 0.154929 0.658337 0.736607 0.195833 -0.218640 0.955953 0.198293 -0.212956 0.956729 0.153498 0.653938 0.740812 -0.141783 0.752534 -0.643109 -0.132951 0.756552 -0.640276 -0.249008 -0.849458 -0.465206 -0.204607 -0.090516 -0.974650 -0.202296 -0.096311 -0.974577 -0.105775 -0.854122 -0.509203 -0.230744 -0.966446 -0.112871 0.162775 -0.985192 0.053870 0.142173 -0.939640 -0.311230 -0.997136 -0.047647 -0.058728 -0.254194 -0.939665 -0.228945 -0.900982 -0.156129 0.404789 0.176180 -0.515054 0.838857 0.019393 -0.995349 0.094364 0.173322 -0.520042 0.836370 0.987664 -0.156053 0.012949 0.891502 -0.047650 -0.450505 0.166822 -0.966444 -0.195334 -0.161843 0.515284 -0.841599 -0.020733 0.995891 -0.088151 -0.019705 0.995350 -0.094284 -0.173606 0.520090 -0.836282 -0.292896 -0.945770 0.140469 0.212534 -0.816975 -0.536079 0.106667 0.857125 0.503943 0.199919 0.090520 0.975622 0.202019 0.096320 0.974634 0.105477 0.854108 0.509287 -0.182146 0.514867 -0.837696 -0.173605 0.520090 -0.836282 -0.180610 -0.974182 -0.135461 -0.184695 -0.440231 -0.878683 -0.181967 -0.445455 -0.876617 -0.036856 -0.983535 -0.176921 -0.158532 -0.958919 0.235248 0.233081 -0.889566 0.392870 0.214020 -0.976195 0.035199 -0.990192 -0.137400 -0.025335 -0.182345 -0.976192 0.117471 -0.892527 -0.069621 0.445589 0.202052 -0.174950 0.963622 0.090314 -0.895291 0.436230 0.199616 -0.180685 0.963072 0.996126 -0.069593 0.053759 0.898424 -0.137407 -0.417078 0.239020 -0.958918 0.152796 
						-0.187748 0.175234 -0.966459 -0.091753 0.897884 -0.430566 -0.090611 0.895308 -0.436135 -0.199907 0.180732 -0.963002 -0.225357 -0.855516 0.466162 0.278251 -0.935149 -0.219255 0.037590 0.984567 0.170924 0.180006 0.440248 0.879648 0.181683 0.445468 0.876669 0.036559 0.983532 0.176998 -0.208010 0.174737 -0.962392 -0.199891 0.180732 -0.963006 -0.123084 -0.982212 0.141810 -0.151858 -0.676747 -0.720384 -0.148851 -0.681026 -0.716971 0.021303 -0.994411 0.103411 -0.104955 -0.863381 0.493516 0.280709 -0.730569 0.622472 0.269594 -0.914032 0.303091 -0.980399 -0.195803 0.021903 -0.126777 -0.914022 0.385346 -0.890654 0.005545 0.454648 0.203909 0.111405 0.972630 0.138141 -0.732246 0.666883 0.201810 0.105607 0.973714 0.998009 0.005554 0.062833 0.908215 -0.195833 -0.369860 0.292594 -0.863376 0.411059 -0.189621 -0.111082 -0.975554 -0.139788 0.736212 -0.662157 -0.138453 0.732261 -0.666801 -0.202102 -0.105551 -0.973660 -0.179511 -0.703962 0.687177 0.333423 -0.941619 0.046727 -0.020562 0.993779 -0.109455 0.147175 0.676760 0.721343 0.148579 0.681039 0.717014 -0.021586 0.994413 -0.103324 -0.209878 -0.111597 -0.971338 -0.202111 -0.105551 -0.973658 -0.064034 -0.594605 0.801464 0.380831 -0.555221 0.739390 0.272163 -0.735406 0.620568 -0.005019 -0.398704 0.917066 -0.890645 0.077070 0.448121 -0.941696 -0.267146 0.204552 -0.055380 -0.554838 0.830113 0.377538 -0.594814 0.709691 0.995476 0.076534 0.056297 0.945068 -0.267985 -0.187164 -0.196860 -0.685006 0.701436 0.507747 -0.397348 0.764400 0.195524 0.587624 -0.785155 0.339394 0.504339 -0.794011 -0.459003 0.739604 -0.492241 -0.478499 0.739246 -0.473872 0.203224 0.621379 -0.756696 0.579615 0.366608 -0.727767 0.593675 0.389796 -0.703995 -0.977771 0.205597 -0.041152 -0.929597 0.364628 0.053812 -0.699132 0.634950 -0.328714 -0.953389 0.300159 -0.030899 -0.464244 -0.285859 0.838309 
						-0.614530 -0.283915 0.736033 -0.202726 -0.417985 0.885545 -0.179914 -0.458842 0.870112 -0.568317 -0.259121 0.780943 0.930184 -0.205532 -0.304160 0.955780 -0.173367 -0.237546 0.462591 0.495240 -0.735355 0.939120 -0.330401 -0.094280 0.733718 -0.621482 0.274624 0.776071 -0.457173 0.434404 -0.097475 -0.784507 0.612411 -0.272235 -0.782294 0.560271 0.723912 -0.452894 0.520422 0.308861 0.559683 -0.768999 0.300179 0.576381 -0.760051 -0.661176 0.745058 -0.087950 -0.735438 0.612686 -0.289391 0.509502 0.515387 -0.689045 -0.845122 0.532015 0.052246 -0.704271 0.675219 0.219275 -0.288361 0.107295 0.951491 -0.429639 -0.039546 0.902134 -0.275275 -0.262918 0.924715 -0.357085 -0.371552 0.856994 -0.294720 -0.670669 0.680693 -0.271150 -0.425132 0.863563 0.829168 -0.361001 0.426800 0.810945 -0.464344 0.356024 0.963191 -0.261774 0.061134 0.970789 -0.098289 0.218879 0.491708 0.669073 -0.557283 0.318813 0.589363 -0.742300 0.235850 0.493021 -0.837439 0.545817 0.387285 -0.743030 0.537108 -0.777256 -0.327701 -0.517440 -0.533708 -0.668888 0.060884 0.586917 -0.807355 0.314762 0.616802 -0.721443 0.434063 0.244035 -0.867200 0.293217 0.735035 0.611348 -0.615476 0.787870 0.021225 -0.218678 -0.232649 0.947657 -0.196502 -0.800999 0.565498 0.035929 0.932793 0.358617 0.059133 0.927488 0.369148 0.057110 0.633741 0.771434 0.114078 0.634270 0.764649 -0.174785 0.765022 -0.619832 -0.196807 0.755994 -0.624291 -0.257797 0.367715 -0.893491 -0.234508 0.391250 -0.889904 -0.248102 -0.632063 -0.734127 -0.248009 -0.634722 -0.731860 -0.152426 -0.922331 -0.355066 -0.158444 -0.929856 -0.332060 -0.034003 -0.929251 -0.367881 0.031533 -0.928193 -0.370760 0.181924 -0.764727 0.618139 0.151274 -0.368385 0.917283 0.905953 -0.411652 -0.098953 0.698238 -0.678110 0.229413 -0.193522 -0.827487 0.527082 -0.594859 -0.302309 0.744817 -0.150679 -0.492753 0.857024 
						-0.937547 0.344636 0.047237 -0.721764 0.635055 -0.275251 0.177666 0.683300 -0.708192 0.590066 0.281220 -0.756795 0.172514 -0.527719 0.831716 0.172514 -0.527720 0.831716 0.172514 -0.527720 0.831715 0.172514 -0.527720 0.831715 0.172514 -0.527720 0.831715 0.172514 -0.527719 0.831716 0.172514 -0.527721 0.831715 0.172514 -0.527720 0.831715 0.172513 -0.527723 0.831714 0.172514 -0.527720 0.831716 0.172516 -0.527718 0.831716 0.172514 -0.527721 0.831715 0.172514 -0.527720 0.831715 0.172515 -0.527723 0.831713 0.172514 -0.527721 0.831715 0.172513 -0.527720 0.831716 0.172515 -0.527720 0.831715 0.172515 -0.527721 0.831715 0.172514 -0.527720 0.831716 0.172513 -0.527719 0.831716 0.172513 -0.527721 0.831715 0.172515 -0.527720 0.831716 0.172514 -0.527723 0.831713 0.172514 -0.527721 0.831715 0.172514 -0.527720 0.831716 0.172513 -0.527722 0.831714 0.172514 -0.527716 0.831718 0.172515 -0.527718 0.831716 0.172513 -0.527722 0.831714 0.172513 -0.527723 0.831713 0.172513 -0.527724 0.831713 0.172515 -0.527721 0.831715 0.172515 -0.527717 0.831717 0.172514 -0.527719 0.831716 0.172514 -0.527722 0.831714 0.172515 -0.527722 0.831714 0.172515 -0.527718 0.831716 0.172514 -0.527719 0.831716 0.172514 -0.527720 0.831715 0.172514 -0.527719 0.831716 0.164985 -0.583167 0.795422 0.164984 -0.583173 0.795417 0.164985 -0.583172 0.795418 0.164986 -0.583174 0.795417 0.164987 -0.583168 0.795421 0.164985 -0.583175 0.795416 0.164985 -0.583171 0.795419 0.164985 -0.583171 0.795419 0.164986 -0.583169 0.795420 0.164987 -0.583166 0.795422 0.164985 -0.583174 0.795417 0.164983 -0.583183 0.795410 0.164984 -0.583171 0.795419 0.164985 -0.583170 0.795420 0.164985 -0.583183 0.795411 0.164986 -0.583171 0.795419 0.164986 -0.583170 0.795420 0.164985 -0.583173 0.795417 0.164985 -0.583173 0.795417 0.164985 -0.583174 0.795417 
						0.164985 -0.583173 0.795418 0.164985 -0.583174 0.795417 0.164986 -0.583172 0.795418 0.164985 -0.583174 0.795417 0.164985 -0.583175 0.795417 0.164985 -0.583175 0.795417 0.164985 -0.583174 0.795417 0.164986 -0.583165 0.795424 0.164986 -0.583167 0.795422 0.164986 -0.583172 0.795418 0.164985 -0.583177 0.795415 0.164986 -0.583173 0.795417 0.164985 -0.583168 0.795422 0.164985 -0.583172 0.795419 0.164987 -0.583168 0.795421 0.164987 -0.583167 0.795422 0.164985 -0.583171 0.795419 0.164986 -0.583170 0.795420 0.164987 -0.583168 0.795421 0.164985 -0.583169 0.795421 0.159085 0.712896 0.682988 0.145399 0.718493 0.680166 0.119811 0.818322 0.562134 0.130094 0.814871 0.564855 0.184331 0.592905 0.783891 0.167503 0.600923 0.781559 0.205392 0.457955 0.864923 0.185611 0.468560 0.863713 0.152668 0.586037 0.795772 0.158085 0.597313 0.786274 0.174186 0.463783 0.868657 0.167513 0.448833 0.877775 0.133509 0.708154 0.693321 0.137937 0.715986 0.684352 0.111563 0.811927 0.573000 0.114303 0.816795 0.565491 0.221843 0.311450 0.924004 0.199286 0.324575 0.924628 0.185845 0.318620 0.929485 0.177132 0.300162 0.937298 0.233425 0.157122 0.959597 0.208229 0.172604 0.962730 0.192703 0.165534 0.967194 0.182061 0.143723 0.972727 0.239884 -0.001159 0.970801 0.212238 0.016359 0.977081 0.194578 0.008320 0.980852 0.182260 -0.016490 0.983112 0.241278 -0.159334 0.957287 0.211248 -0.140271 0.967315 0.191393 -0.149095 0.970123 0.176431 -0.176112 0.968430 0.237590 -0.313443 0.919404 0.205296 -0.293470 0.933664 0.183213 -0.302816 0.935273 0.166052 -0.331293 0.928801 0.229043 -0.459579 0.858094 0.194570 -0.439403 0.876965 0.170204 -0.448951 0.877197 0.150724 -0.477918 0.865377 0.216004 -0.594034 0.774897 0.179367 -0.574470 0.798631 0.152671 -0.583871 0.797362 0.130728 -0.612191 0.779828 
						0.198963 -0.713399 0.671919 0.160078 -0.695388 0.700579 0.131034 -0.704252 0.697753 0.105398 -0.730477 0.674755 0.178400 -0.814704 0.551752 0.137257 -0.799099 0.585322 0.105792 -0.807028 0.580960 0.078870 -0.830303 0.551703 0.155066 -0.895368 0.417458 0.111484 -0.883125 0.455699 0.077569 -0.889721 0.449866 0.047812 -0.908475 0.415196 0.129691 -0.953392 0.272442 0.083448 -0.945428 0.314966 0.047032 -0.950279 0.307828 0.014219 -0.963212 0.268367 0.103331 -0.987329 0.120433 0.053978 -0.984510 0.166815 0.014897 -0.987231 0.158600 -0.020362 -0.993189 0.114726 0.077365 -0.996404 -0.034565 0.024137 -0.999588 0.015523 -0.018119 -0.999814 0.006568 -0.056687 -0.997545 -0.041111 0.056289 -0.980633 -0.187593 -0.003355 -0.991349 -0.131211 -0.051558 -0.988679 -0.140908 -0.096882 -0.976238 -0.193838 0.065678 -0.942533 -0.327595 -0.018083 -0.967957 -0.250463 -0.086343 -0.960641 -0.264034 -0.145477 -0.930150 -0.337132 0.178938 -0.887207 -0.425258 0.000275 -0.953755 -0.300586 -0.125099 -0.934147 -0.334245 -0.203376 -0.860980 -0.466209 0.352475 -0.807932 -0.472237 0.024526 -0.941633 -0.335746 -0.166924 -0.917917 -0.359951 -0.240583 -0.770375 -0.590459 -0.254196 -0.508671 -0.822580 -0.529090 -0.556387 -0.640701 -0.416201 -0.520210 -0.745760 -0.236800 -0.456215 -0.857784 -0.025808 -0.743063 -0.668724 -0.088092 -0.552793 -0.828649 -0.124836 -0.508642 -0.851880 -0.071605 -0.632630 -0.771137 -0.279410 -0.468176 -0.838297 -0.209370 -0.425567 -0.880373 -0.157623 -0.444587 -0.881758 -0.129330 -0.508954 -0.851023 -0.255682 -0.340303 -0.904887 -0.209294 -0.311190 -0.927015 -0.176758 -0.324030 -0.929387 -0.152141 -0.366158 -0.918031 -0.254565 -0.190541 -0.948098 -0.214012 -0.165073 -0.962782 -0.187094 -0.176714 -0.966317 -0.166282 -0.213184 -0.962758 -0.252369 -0.033961 -0.967035 -0.215329 -0.010653 -0.976484 -0.191643 -0.021307 -0.981233 -0.173956 -0.054426 -0.983248 
						-0.245904 0.123988 -0.961332 -0.211952 0.144891 -0.966480 -0.190989 0.135390 -0.972210 -0.176354 0.105774 -0.978627 -0.234736 0.279079 -0.931136 -0.203761 0.297282 -0.932794 -0.185270 0.289046 -0.939216 -0.173658 0.263262 -0.948966 -0.218884 0.427318 -0.877205 -0.190873 0.442619 -0.876160 -0.174675 0.435721 -0.882970 -0.164939 0.414169 -0.895131 -0.198533 0.564905 -0.800916 -0.173534 0.577204 -0.797948 -0.159513 0.571664 -0.804833 -0.151116 0.554476 -0.818364 -0.174036 0.688333 -0.704208 -0.152134 0.697696 -0.700054 -0.140176 0.693489 -0.706699 -0.134263 0.680329 -0.720504 -0.145909 0.794458 -0.589531 -0.127166 0.801106 -0.584857 -0.117185 0.798111 -0.591005 -0.111564 0.788916 -0.604289 -0.114645 0.880562 -0.459856 -0.099208 0.884806 -0.455276 -0.091144 0.882898 -0.460634 -0.087064 0.877025 -0.472490 -0.080995 0.944482 -0.318424 -0.068922 0.946771 -0.314442 -0.062723 0.945740 -0.318812 -0.059652 0.942588 -0.328587 -0.045578 0.984573 -0.168936 -0.037026 0.985438 -0.165955 -0.032695 0.985050 -0.169136 -0.030445 0.983873 -0.176259 -0.009210 0.999843 -0.015166 -0.004280 0.999901 -0.013417 -0.001810 0.999881 -0.015291 -0.000930 0.999811 -0.019406 0.027439 0.989930 0.138875 0.028548 0.989843 0.139271 0.029089 0.989891 0.138815 0.029650 0.990000 0.137918 0.063468 0.955119 0.289342 0.060675 0.955583 0.288410 0.059194 0.955397 0.289331 0.058523 0.954717 0.291703 0.097970 0.896284 0.432523 0.091341 0.897965 0.430482 0.087831 0.897241 0.432718 0.085747 0.894879 0.437995 -0.145205 -0.704831 -0.694355 -0.146161 -0.706573 -0.692381 -0.118787 -0.811157 -0.572638 -0.118779 -0.811155 -0.572641 -0.167789 -0.579576 -0.797458 -0.169829 -0.583599 -0.794085 -0.185932 -0.438766 -0.879155 -0.189209 -0.445436 -0.875092 -0.166249 -0.588301 -0.791368 -0.169397 -0.584790 -0.793300 -0.188617 -0.447412 -0.874212 -0.184066 -0.453226 -0.872185 
						-0.144316 -0.708629 -0.690665 -0.145948 -0.707091 -0.691897 -0.118793 -0.811195 -0.572583 -0.118822 -0.811162 -0.572624 -0.199206 -0.286128 -0.937255 -0.203914 -0.295678 -0.933270 -0.203198 -0.298506 -0.932526 -0.197358 -0.306827 -0.931078 -0.207286 -0.125733 -0.970167 -0.213631 -0.138220 -0.967087 -0.212850 -0.141920 -0.966723 -0.205832 -0.152815 -0.966582 -0.209995 0.038157 -0.976957 -0.218207 0.022842 -0.975635 -0.217396 0.018306 -0.975912 -0.209312 0.004938 -0.977836 -0.207273 0.201101 -0.957390 -0.217573 0.183304 -0.958677 -0.216787 0.178033 -0.959848 -0.207747 0.162476 -0.964595 -0.199226 0.358719 -0.911937 -0.211826 0.338988 -0.916633 -0.211114 0.333143 -0.918938 -0.201220 0.315850 -0.927226 -0.186108 0.506793 -0.841739 -0.201233 0.485842 -0.850566 -0.200620 0.479637 -0.854225 -0.189938 0.461241 -0.866707 -0.168316 0.641316 -0.748588 -0.186166 0.620027 -0.762174 -0.185636 0.613734 -0.767379 -0.174201 0.595066 -0.784570 -0.146376 0.758660 -0.634830 -0.167142 0.738047 -0.653720 -0.166529 0.732000 -0.660639 -0.154319 0.714166 -0.682754 -0.120926 0.855577 -0.503354 -0.144709 0.836811 -0.528021 -0.143538 0.831425 -0.536777 -0.130477 0.815875 -0.563314 -0.092669 0.929209 -0.357747 -0.119291 0.913721 -0.388437 -0.116678 0.909491 -0.399014 -0.102695 0.897794 -0.428275 -0.062358 0.977351 -0.202227 -0.091337 0.966786 -0.238710 -0.086235 0.964167 -0.250888 -0.071309 0.957269 -0.280269 -0.031038 0.998711 -0.040174 -0.062640 0.994632 -0.082367 -0.054852 0.993862 -0.096068 -0.038685 0.991371 -0.125251 -0.001223 0.991178 0.132534 -0.041901 0.995962 0.079395 -0.034360 0.997483 0.062016 -0.013974 0.999696 0.020290 0.023105 0.945655 0.324349 -0.044009 0.968052 0.246858 -0.043597 0.974561 0.219843 -0.010671 0.990954 0.133779 0.056726 0.889736 0.452936 -0.006617 0.919133 0.393891 -0.030594 0.928192 0.370841 -0.003176 0.967725 0.251987 
						0.121250 0.890792 0.437935 0.133636 0.857527 0.496779 0.053263 0.858435 0.510150 0.034462 0.911249 0.410412 0.188900 0.897650 0.398172 0.202487 0.766567 0.609405 0.083832 0.765224 0.638283 0.043850 0.851383 0.522708 0.031177 0.747048 0.664039 0.067369 0.576000 0.814669 0.129053 0.573243 0.809158 0.134374 0.645050 0.752233 0.220013 0.643543 0.733108 0.142826 0.760333 0.633636 0.217678 0.639045 0.737725 0.211526 0.559951 0.801069 0.197502 0.585969 0.785897 0.261722 0.526617 0.808812 0.286123 0.498893 0.818071 0.235306 0.405081 0.883482 0.219763 0.464041 0.858120 0.276241 0.384189 0.880960 0.271911 0.359781 0.892537 0.228647 0.291128 0.928959 0.219986 0.280268 0.934375 0.249470 0.226822 0.941444 0.239018 0.213050 0.947354 0.215195 0.181253 0.959603 0.221601 0.109400 0.968981 0.241501 0.065936 0.968158 0.231375 0.055582 0.971275 0.213463 0.033709 0.976369 0.220381 -0.056761 0.973761 0.237370 -0.095428 0.966721 0.229984 -0.105145 0.967498 0.212390 -0.128252 0.968732 0.213830 -0.220759 0.951600 0.228845 -0.254208 0.939685 0.223965 -0.263241 0.938373 0.206156 -0.287215 0.935418 0.201851 -0.378694 0.903243 0.214851 -0.406451 0.888052 0.211520 -0.414345 0.885199 0.194108 -0.436628 0.878452 0.184900 -0.525935 0.830183 0.195873 -0.548145 0.813124 0.193298 -0.554636 0.809330 0.176898 -0.573469 0.799900 0.163454 -0.658505 0.734611 0.172564 -0.675563 0.716823 0.170338 -0.680606 0.712573 0.155315 -0.695369 0.701669 0.138042 -0.772966 0.619248 0.145528 -0.785369 0.601679 0.143522 -0.789048 0.597331 0.130061 -0.799835 0.585959 0.109299 -0.866379 0.487280 0.115414 -0.874701 0.470721 0.113614 -0.877172 0.466541 0.101789 -0.884404 0.455487 0.077955 -0.936346 0.342314 0.082924 -0.941247 0.327380 0.081336 -0.942702 0.323571 0.071183 -0.946939 0.313431 
						0.044776 -0.981104 0.188228 0.048766 -0.983286 0.175418 0.047415 -0.983931 0.172136 0.038967 -0.985794 0.163375 0.010572 -0.999521 0.029101 0.013696 -0.999729 0.018815 0.012615 -0.999790 0.016174 0.005907 -0.999941 0.009120 -0.023758 -0.991128 -0.130773 -0.021424 -0.990153 -0.138342 -0.022225 -0.989862 -0.140282 -0.027192 -0.988992 -0.145452 -0.057303 -0.956194 -0.287070 -0.055717 -0.954811 -0.291946 -0.056253 -0.954400 -0.293184 -0.059519 -0.953187 -0.296467 -0.089229 -0.895680 -0.435655 -0.088406 -0.894625 -0.437984 -0.088695 -0.894316 -0.438557 -0.090299 -0.893416 -0.440061 0.168825 0.706606 0.687172 0.196188 0.583919 0.787750 0.219168 0.446135 0.867714 0.237352 0.296852 0.924956 0.250521 0.139952 0.957942 0.258363 -0.020478 0.965831 0.261054 -0.180268 0.948343 0.258541 -0.335256 0.905958 0.251062 -0.481420 0.839764 0.239042 -0.614967 0.751449 0.223132 -0.732415 0.643258 0.203704 -0.830748 0.518037 0.181630 -0.907404 0.378985 0.157696 -0.960398 0.229711 0.133187 -0.988326 0.073973 0.109591 -0.990396 -0.084294 0.091715 -0.966029 -0.241612 0.114194 -0.910163 -0.398199 0.286375 -0.787373 -0.545925 0.596599 -0.540277 -0.593439 -0.744895 -0.572264 -0.342996 -0.508629 -0.600945 -0.616572 -0.321946 -0.510908 -0.797072 -0.285382 -0.371151 -0.883631 -0.280994 -0.218548 -0.934494 -0.276884 -0.059830 -0.959039 -0.268735 0.100657 -0.957940 -0.255859 0.258695 -0.931458 -0.238223 0.410142 -0.880360 -0.216003 0.551057 -0.806027 -0.189498 0.677765 -0.710440 -0.159240 0.786937 -0.596132 -0.125713 0.875745 -0.466119 -0.089696 0.941864 -0.323800 -0.051779 0.983567 -0.172958 -0.012784 0.999765 -0.017532 0.026655 0.990025 0.138345 0.065496 0.954596 0.290613 0.102786 0.894400 0.435298 0.137464 0.811008 0.568656 -0.144212 -0.704138 -0.695265 -0.165738 -0.577981 -0.799042 -0.164009 -0.589814 -0.790709 -0.143166 -0.709288 -0.690227 
						-0.182765 -0.436123 -0.881132 -0.180779 -0.455742 -0.871561 -0.194834 -0.282347 -0.939319 -0.193062 -0.310438 -0.930782 -0.201611 -0.120780 -0.971990 -0.200560 -0.157549 -0.966930 -0.202899 0.044225 -0.978201 -0.203097 -0.000874 -0.979158 -0.198646 0.208154 -0.957712 -0.200619 0.155700 -0.967217 -0.188960 0.366534 -0.911014 -0.193204 0.308298 -0.931464 -0.174081 0.515076 -0.839281 -0.181045 0.453181 -0.872840 -0.154388 0.649714 -0.744336 -0.164447 0.586847 -0.792823 -0.130372 0.766771 -0.628542 -0.143777 0.706284 -0.693174 -0.102632 0.862927 -0.494797 -0.119375 0.809025 -0.575524 -0.071929 0.935187 -0.346773 -0.091507 0.892747 -0.441167 -0.039202 0.981195 -0.188997 -0.060599 0.954451 -0.292148 -0.005202 0.999672 -0.025081 -0.028139 0.990356 -0.135659 0.031227 0.988109 0.150550 0.001004 0.999988 0.004835 0.072213 0.934657 0.348141 0.020186 0.995049 0.097317 0.096709 0.879355 0.466242 0.040391 0.980024 0.194733 0.083749 0.911014 0.403782 0.072174 0.934727 0.347960 0.063907 0.949207 0.308093 0.089357 0.898012 0.430802 0.180741 0.456096 0.871384 0.170644 0.542245 0.822710 0.175191 0.505884 0.844624 0.163384 0.593999 0.787700 0.161157 0.608537 0.776989 0.189768 0.356300 0.914898 0.176524 0.494518 0.851053 0.196079 0.260618 0.945321 0.193610 0.302047 0.933426 0.200164 0.169336 0.965018 0.201439 0.127512 0.971166 0.203019 0.027535 0.978787 0.202929 -0.040684 0.978348 0.201219 -0.135674 0.970105 0.198699 -0.206967 0.957958 0.193983 -0.296203 0.935219 0.188896 -0.367342 0.910702 0.181808 -0.445706 0.876523 0.173864 -0.516890 0.838210 0.165238 -0.581435 0.796636 0.154069 -0.651576 0.742773 0.144701 -0.701696 0.697628 0.130087 -0.767936 0.627178 0.120638 -0.804466 0.581619 0.102605 -0.863002 0.494672 0.093587 -0.887504 0.451197 0.072379 -0.934349 0.348931 0.064188 -0.948743 0.309462 
						0.040216 -0.980201 0.193880 0.033171 -0.986572 0.159923 0.006974 -0.999410 0.033627 0.001313 -0.999979 0.006333 -0.026435 -0.991493 -0.127446 -0.030593 -0.988589 -0.147499 -0.059099 -0.956727 -0.284922 -0.061763 -0.952638 -0.297770 -0.090150 -0.896088 -0.434625 -0.091403 -0.893007 -0.440663 -0.118779 -0.811151 -0.572648 -0.118765 -0.811197 -0.572585 0.176535 0.692175 0.699807 0.171088 0.720731 0.671770 0.248485 0.630341 0.735476 0.262926 0.530786 0.805690 0.121040 0.810362 0.573291 0.120746 0.812010 0.571016 0.192163 0.453038 0.870534 0.193907 0.439575 0.877026 0.220191 0.314495 0.923368 0.222148 0.279629 0.934055 0.180516 0.288225 0.940394 0.138560 0.098003 0.985493 0.134066 0.182728 0.973980 0.178599 0.124980 0.975952 0.220121 -0.009129 0.975430 0.220115 -0.031952 0.974950 0.239469 -0.154826 0.958480 0.237553 -0.205996 0.949281 0.220769 -0.318076 0.922002 0.218311 -0.353723 0.909517 0.196432 -0.472471 0.859177 0.194235 -0.492969 0.848088 0.172714 -0.610686 0.772809 0.170641 -0.623162 0.763250 0.181833 -0.716126 0.673869 0.173797 -0.752601 0.635127 0.127945 -0.829036 0.544361 0.124824 -0.839683 0.528537 0.099061 -0.908074 0.406925 0.095607 -0.915762 0.390179 0.070164 -0.963150 0.259650 0.066077 -0.968543 0.239915 0.038639 -0.993703 0.105172 0.034281 -0.995858 0.084213 0.006537 -0.998622 -0.052070 0.001975 -0.997277 -0.073721 -0.017613 -0.978575 -0.205135 -0.024116 -0.971598 -0.235407 -0.087165 -0.968941 -0.231423 -0.126128 -0.915016 -0.383195 -0.108402 -0.935874 -0.335244 -0.145877 -0.842091 -0.519233 -0.139860 -0.868217 -0.476065 -0.128646 -0.762653 -0.633886 -0.197463 -0.790350 -0.579962 -0.076997 -0.733192 -0.675649 -0.137887 -0.759015 -0.636304 -0.125519 -0.660940 -0.739867 -0.134796 -0.636317 -0.759559 -0.260359 -0.593121 -0.761854 -0.241992 -0.478747 -0.843944 -0.233013 -0.552140 -0.800529 
						-0.143736 -0.532716 -0.833999 0.128472 -0.528481 -0.839168 0.100215 -0.168476 -0.980598 -0.266360 -0.325079 -0.907400 -0.229764 -0.199148 -0.952653 -0.227687 -0.239096 -0.943924 -0.217153 -0.050446 -0.974833 -0.216938 -0.069557 -0.973704 -0.213130 0.108361 -0.970996 -0.213438 0.093410 -0.972481 -0.206815 0.266286 -0.941445 -0.207589 0.252016 -0.945196 -0.195144 0.417156 -0.887637 -0.196316 0.404279 -0.893319 -0.179726 0.557861 -0.810241 -0.181386 0.545413 -0.818305 -0.162200 0.685239 -0.710027 -0.164821 0.671216 -0.722706 -0.133910 0.791375 -0.596484 -0.135997 0.783341 -0.606533 -0.103257 0.878026 -0.467343 -0.104693 0.874125 -0.474284 -0.071700 0.943002 -0.324972 -0.072739 0.941162 -0.330034 -0.039672 0.984110 -0.173070 -0.040639 0.983246 -0.177696 -0.004464 0.999811 -0.018907 -0.004604 0.999798 -0.019583 0.027960 0.989959 0.138559 0.027782 0.990095 0.137623 0.060447 0.954600 0.291693 0.060413 0.954622 0.291628 0.094579 0.895725 0.434432 0.095581 0.893186 0.439412 0.147464 0.584594 0.797812 0.163131 0.446938 0.879565 0.154329 0.446291 0.881480 0.141466 0.584051 0.799295 0.172919 0.297746 0.938854 0.161989 0.296988 0.941041 0.173421 0.140990 0.974704 0.163903 0.140032 0.976487 0.175069 -0.019570 0.984362 0.162027 -0.020493 0.986574 0.167986 -0.179486 0.969312 0.153844 -0.180426 0.971483 0.155719 -0.334716 0.929364 0.140543 -0.335609 0.931458 0.139469 -0.481294 0.865393 0.122476 -0.482023 0.867556 0.122122 -0.615562 0.778569 0.101698 -0.615936 0.781205 0.092462 -0.733445 0.673431 0.072325 -0.733635 0.675684 0.064213 -0.832583 0.550165 0.042712 -0.832392 0.552540 0.034267 -0.910224 0.412695 0.010290 -0.909531 0.415508 0.000506 -0.964193 0.265200 -0.025727 -0.962949 0.268454 -0.035073 -0.993170 0.111282 -0.062311 -0.991428 0.114839 -0.068806 -0.996581 -0.045729 -0.091867 -0.994852 -0.042784 
						-0.097331 -0.974438 -0.202478 -0.091297 -0.974374 -0.205571 -0.120568 -0.927127 -0.354823 -0.060202 -0.927427 -0.369127 -0.148899 -0.855481 -0.495966 -0.075821 -0.855205 -0.512714 -0.160327 -0.761764 -0.627702 -0.074711 -0.760192 -0.645388 -0.100498 -0.760405 -0.641626 -0.140222 -0.647187 -0.749325 -0.215845 -0.646356 -0.731871 -0.163887 -0.761056 -0.627642 -0.155662 -0.516406 -0.842077 -0.231257 -0.516118 -0.824708 -0.163285 -0.372112 -0.913713 -0.196238 -0.373003 -0.906841 -0.162420 -0.218043 -0.962329 -0.151485 -0.219105 -0.963870 -0.167868 -0.058808 -0.984054 -0.149007 -0.059916 -0.987019 -0.168418 0.101950 -0.980429 -0.151703 0.100763 -0.983277 -0.164958 0.260051 -0.951400 -0.151112 0.258907 -0.954009 -0.159053 0.411399 -0.897470 -0.146070 0.410427 -0.900118 -0.143744 0.552214 -0.821217 -0.133436 0.551321 -0.823553 -0.129242 0.678686 -0.722967 -0.119967 0.678036 -0.725172 -0.108949 0.787640 -0.606427 -0.100143 0.787158 -0.608567 -0.084455 0.876232 -0.474432 -0.077630 0.875910 -0.476187 -0.058287 0.942155 -0.330070 -0.052761 0.941977 -0.331505 -0.028498 0.983703 -0.177531 -0.025010 0.983619 -0.178515 -0.000169 0.999800 -0.020019 0.001761 0.999787 -0.020549 0.028982 0.990026 0.137874 0.029828 0.990027 0.137685 0.059292 0.954620 0.291864 0.057553 0.954605 0.292262 0.085395 0.894535 0.438765 0.082104 0.894432 0.439602 0.111470 0.811278 0.573936 0.105979 0.811089 0.575242 0.131876 0.707065 0.694743 0.125404 0.706716 0.696295 0.153151 0.583439 0.797586 0.132713 0.706190 0.695473 0.169081 0.445549 0.879146 0.177220 0.295869 0.938645 0.181554 0.138615 0.973563 0.184079 -0.021964 0.982666 0.176525 -0.182323 0.967263 0.167041 -0.337699 0.926313 0.152418 -0.484327 0.861508 0.131481 -0.618457 0.774741 0.104584 -0.736550 0.668248 0.081169 -0.835346 0.543699 0.048578 -0.912574 0.406016 0.014542 -0.966059 0.257910 
						-0.020207 -0.994449 0.103264 -0.057654 -0.996901 -0.053525 -0.096995 -0.973246 -0.208288 -0.145597 -0.923252 -0.355537 -0.177252 -0.850446 -0.495301 -0.175235 -0.758567 -0.627590 -0.106779 -0.649643 -0.752703 -0.065324 -0.763023 -0.643062 -0.143039 -0.518778 -0.842858 -0.154023 -0.375225 -0.914048 -0.165374 -0.221675 -0.960995 -0.173964 -0.062181 -0.982787 -0.177968 0.099021 -0.979042 -0.175921 0.257616 -0.950098 -0.166520 0.409361 -0.897048 -0.152853 0.550542 -0.820695 -0.136511 0.677553 -0.722694 -0.111581 0.786683 -0.607190 -0.087911 0.875675 -0.474832 -0.060150 0.941852 -0.330600 -0.031035 0.983594 -0.177708 -0.001519 0.999798 -0.020069 0.029961 0.990042 0.137551 0.058441 0.954560 0.292233 0.085562 0.894271 0.439269 0.111918 0.810824 0.574490 0.156287 0.579159 0.800093 0.134764 0.702159 0.699151 0.136415 0.709950 0.690914 0.151651 0.590757 0.792470 0.115826 0.812194 0.571774 0.114033 0.809054 0.576566 0.173540 0.441213 0.880463 0.170399 0.452818 0.875169 0.181879 0.304482 0.934992 0.190117 -0.029105 0.981330 0.185954 -0.009097 0.982516 0.181448 -0.192272 0.964421 0.180425 -0.167599 0.969205 0.172978 -0.346972 0.921786 0.169994 -0.321955 0.931369 0.159180 -0.492903 0.855399 0.156374 -0.469234 0.869118 0.137861 -0.627437 0.766366 0.141267 -0.606224 0.782647 0.110265 -0.746157 0.656576 0.112210 -0.722077 0.682652 0.088998 -0.841763 0.532461 0.087463 -0.823873 0.559985 0.055552 -0.918386 0.391767 0.058866 -0.903910 0.423653 0.022078 -0.970138 0.241548 0.026993 -0.960349 0.277490 -0.012638 -0.996290 0.085131 -0.006925 -0.992134 0.124991 -0.049771 -0.996009 -0.074094 -0.039853 -0.998690 -0.032100 -0.068258 -0.978940 -0.192396 -0.148002 -0.500947 -0.852730 -0.171344 -0.236156 -0.956489 -0.174680 -0.203553 -0.963355 -0.180778 -0.074442 -0.980703 -0.183648 -0.047210 -0.981858 -0.185156 0.089536 -0.978622 
						-0.182939 0.113345 -0.976569 -0.182315 0.249912 -0.950950 -0.177354 0.270783 -0.946162 -0.172314 0.402431 -0.899087 -0.169720 0.419568 -0.891716 -0.158553 0.545121 -0.823228 -0.152078 0.560527 -0.814053 -0.141343 0.674035 -0.725051 -0.136973 0.683764 -0.716732 -0.115240 0.782762 -0.611558 -0.115297 0.791044 -0.600796 -0.091303 0.873649 -0.477913 -0.089525 0.878474 -0.469328 -0.062786 0.940701 -0.333376 -0.062209 0.943244 -0.326220 -0.033088 0.983196 -0.179528 -0.031111 0.984248 -0.174034 -0.002524 0.999780 -0.020838 -0.001750 0.999828 -0.018462 0.029679 0.990145 0.136863 0.028631 0.990025 0.137952 0.058985 0.954264 0.293088 0.060407 0.954623 0.291626 0.087033 0.893163 0.441232 0.087456 0.895355 0.436682 -0.163422 -0.589078 -0.791379 -0.142879 -0.708975 -0.690608 -0.179862 -0.454513 -0.872392 -0.191777 -0.308672 -0.931635 -0.198868 -0.155214 -0.967657 -0.200953 0.002018 -0.979599 -0.197979 0.159094 -0.967209 -0.190020 0.312109 -0.930849 -0.177273 0.457276 -0.871478 -0.160054 0.591083 -0.790572 -0.138770 0.710527 -0.689851 -0.113865 0.813128 -0.570840 -0.085773 0.896450 -0.434765 -0.055037 0.957279 -0.283879 -0.022768 0.991754 -0.126114 0.008397 0.999863 0.014289 0.035457 0.993535 0.107846 0.062409 0.977338 0.202274 0.093634 0.931177 0.352337 0.119920 0.884085 0.451678 0.155269 0.515259 0.842852 0.137020 0.596959 0.790485 0.169646 0.367472 0.914431 0.183315 0.275280 0.943725 0.195178 0.180506 0.964014 0.200285 0.036908 0.979042 0.198317 -0.127669 0.971788 0.190732 -0.289613 0.937948 0.178542 -0.440429 0.879855 0.162243 -0.577297 0.800254 0.142102 -0.698543 0.701316 0.118442 -0.802187 0.585207 0.091750 -0.885993 0.454531 0.062672 -0.947867 0.312443 0.031938 -0.986199 0.162457 0.000343 -0.999965 0.008359 -0.031318 -0.988787 -0.146010 -0.062248 -0.952907 -0.296805 -0.091645 -0.893212 -0.440197 
						-0.118752 -0.811206 -0.572575 -0.140636 -0.706971 -0.693119 -0.158890 -0.584510 -0.795677 -0.158297 -0.584206 -0.796019 -0.140331 -0.706836 -0.693318 -0.172832 -0.446946 -0.877706 -0.171932 -0.446442 -0.878139 -0.182012 -0.297839 -0.937104 -0.180780 -0.297118 -0.937571 -0.186108 -0.141051 -0.972352 -0.184524 -0.140112 -0.972790 -0.184925 0.019363 -0.982562 -0.182959 0.020506 -0.982907 -0.178382 0.179251 -0.967496 -0.175998 0.180570 -0.967688 -0.166546 0.334473 -0.927572 -0.163642 0.335923 -0.927565 -0.149617 0.481017 -0.863850 -0.146003 0.482535 -0.863622 -0.128150 0.615101 -0.777964 -0.123825 0.616598 -0.777479 -0.103523 0.733329 -0.671946 -0.099790 0.734710 -0.671002 -0.078402 0.832785 -0.548016 -0.079927 0.834019 -0.545916 -0.056310 0.910992 -0.408561 -0.072848 0.912002 -0.403665 -0.038929 0.965703 -0.256714 -0.084040 0.965520 -0.246389 -0.019084 0.994964 -0.098404 -0.099789 0.991686 -0.081244 0.034071 0.997984 0.053542 -0.047611 0.996282 0.071802 0.162991 0.969755 0.181685 0.170371 0.967366 0.187556 0.311422 0.904653 0.290893 0.418863 0.867017 0.269879 0.384149 0.827303 0.409878 0.514131 0.773247 0.371159 0.395775 0.742533 0.540377 0.552535 0.682369 0.478620 -0.121366 0.725630 0.677297 -0.104099 0.612780 0.783367 -0.303049 0.578162 0.757556 -0.289065 0.691968 0.661530 -0.057007 0.490488 0.869581 -0.223315 0.475761 0.850754 0.061703 0.362534 0.929926 0.023046 0.367823 0.929610 0.178801 0.218112 0.959405 0.250387 0.219034 0.943043 0.209531 0.060435 0.975932 0.288408 0.059772 0.955640 0.196084 -0.101267 0.975344 0.245284 -0.100794 0.964197 0.175305 -0.260389 0.949455 0.196399 -0.259181 0.945649 0.156631 -0.412214 0.897522 0.161049 -0.410630 0.897466 0.139614 -0.552993 0.821405 0.137446 -0.551397 0.822842 0.121685 -0.679338 0.723666 0.118356 -0.678000 0.725471 0.101034 -0.788110 0.607186 
						0.098240 -0.787117 0.608930 0.077197 -0.876531 0.475115 0.075044 -0.875860 0.476694 0.050642 -0.942312 0.330884 0.048933 -0.941912 0.332275 0.022164 -0.983745 0.178199 0.020784 -0.983560 0.179382 -0.007355 -0.999753 0.020983 -0.008442 -0.999724 0.021933 -0.037045 -0.989917 -0.136716 -0.037847 -0.989983 -0.136016 -0.066055 -0.954491 -0.290833 -0.066573 -0.954591 -0.290386 -0.093529 -0.894388 -0.437404 -0.093768 -0.894463 -0.437199 -0.118631 -0.811162 -0.572663 -0.118599 -0.811157 -0.572677 -0.141677 -0.708137 -0.691715 -0.118682 -0.811206 -0.572590 -0.161009 -0.587144 -0.793308 -0.176150 -0.451300 -0.874814 -0.186662 -0.304062 -0.934186 -0.192232 -0.149177 -0.969945 -0.192672 0.009425 -0.981218 -0.187916 0.167716 -0.967760 -0.178038 0.321692 -0.929955 -0.163239 0.467470 -0.868806 -0.143931 0.601463 -0.785828 -0.120867 0.720573 -0.682763 -0.095248 0.822178 -0.561205 -0.068523 0.903700 -0.422648 -0.041495 0.961994 -0.269900 -0.011941 0.993706 -0.111379 0.030540 0.999070 0.030445 0.098324 0.986526 0.130762 0.166920 0.959923 0.225135 0.204028 0.909381 0.362489 0.231376 0.833276 0.502112 0.003502 0.639410 0.768858 0.057513 0.549084 0.833786 0.078579 0.415102 0.906375 0.132424 0.312103 0.940774 0.181035 0.200668 0.962787 0.194717 0.051381 0.979513 0.189659 -0.113709 0.975244 0.178811 -0.275951 0.944393 0.165590 -0.428024 0.888468 0.149974 -0.566882 0.810033 0.131278 -0.690381 0.711436 0.109193 -0.796219 0.595073 0.083961 -0.881989 0.463731 0.056197 -0.945526 0.320660 0.026662 -0.985176 0.169461 -0.003816 -0.999895 0.013971 -0.034407 -0.989286 -0.141875 -0.064297 -0.953599 -0.294133 -0.092652 -0.893730 -0.438934 -0.817263 0.039372 0.574918 -0.564565 -0.281400 0.775939 -0.599891 -0.499903 0.624682 -0.889170 -0.334234 0.312514 0.092164 -0.569410 0.816871 0.090777 -0.557475 0.825216 0.004950 -0.578732 0.815503 
						-0.000778 -0.570947 0.820987 -0.099240 -0.595033 0.797551 -0.128975 -0.572799 0.809486 -0.004497 -0.574844 0.818251 -0.054447 -0.585423 0.808898 -0.011149 -0.577942 0.816002 -0.001644 -0.581621 0.813458 -0.092337 -0.535094 0.839731 -0.057563 -0.556399 0.828919 0.002121 -0.583797 0.811897 -0.124113 -0.543827 0.829968 0.004869 -0.585125 0.810928 -0.001856 -0.590448 0.807073 -0.097547 -0.543078 0.833997 -0.128000 -0.556200 0.821132 -0.004774 -0.587623 0.809121 -0.069867 -0.559750 0.825711 0.010790 -0.569185 0.822139 0.016489 -0.576748 0.816756 -0.092031 -0.596578 0.797261 -0.053198 -0.582798 0.810874 0.008344 -0.580384 0.814301 -0.126661 -0.583785 0.801968 0.162409 -0.562305 0.810825 0.126786 -0.567868 0.813297 0.119469 -0.606774 0.785845 0.154614 -0.609976 0.777190 0.157503 -0.608258 0.777955 0.165720 -0.584467 0.794314 0.035920 -0.566179 0.823499 0.089392 -0.543536 0.834613 0.124886 -0.545819 0.828544 0.054905 -0.565722 0.822766 0.077627 -0.621152 0.779836 0.091427 -0.636440 0.765888 0.027411 -0.593323 0.804498 0.038727 -0.596901 0.801380 0.131492 -0.624527 0.769854 0.103520 -0.618371 0.779038 0.156069 -0.555546 0.816707 0.132184 -0.553874 0.822040 0.104904 -0.646024 0.756075 -0.415460 -0.362194 0.834391 -0.566592 -0.133982 0.813033 -0.009513 -0.652266 0.757931 0.084508 -0.490141 0.867537 -0.063304 -0.470812 0.879959 -0.697976 -0.527500 0.484328 -0.507426 -0.545772 0.666821 0.130617 -0.596675 0.791782 0.145160 -0.603147 0.784310 0.143659 -0.611136 0.778380 0.127079 -0.612305 0.780342 -0.161462 0.607329 -0.777870 -0.163703 0.604669 -0.779472 -0.162475 0.604412 -0.779928 -0.161684 0.605477 -0.779266 -0.162612 0.596564 -0.785919 -0.190561 0.686069 -0.702137 -0.155900 0.627985 -0.762450 -0.150420 0.604395 -0.782355 -0.164433 0.580465 -0.797510 -0.137428 0.600993 -0.787351 -0.028655 -0.598068 0.800933 
						-0.276083 -0.935618 0.219995 -0.294553 -0.870959 0.393279 0.096612 -0.545580 0.832472 -0.259352 0.542345 -0.799123 -0.156249 0.565239 -0.809994 -0.165408 0.576798 -0.799965 -0.506252 0.840062 -0.194947 -0.166488 0.648636 -0.742666 -0.537273 0.807915 -0.242097 0.177767 -0.610978 0.771430 0.136534 -0.598252 0.789590 0.131000 -0.611434 0.780376 0.177413 -0.603064 0.777714 -0.162600 0.596582 -0.785908 -0.150949 0.604545 -0.782138 -0.362016 0.639070 -0.678627 -0.172141 0.569056 -0.804079 -0.162207 0.594545 -0.787531 -0.240608 -0.952787 0.185216 -0.006554 -0.599243 0.800541 0.097314 -0.544050 0.833391 -0.298236 -0.869099 0.394617 -0.217988 0.552407 -0.804567 -0.168395 0.595795 -0.785285 -0.422935 0.478732 -0.769378 0.373072 -0.915962 0.147752 0.347508 -0.637629 0.687508 0.421271 -0.526491 0.738470 0.641778 -0.765302 -0.049335 -0.791920 0.386955 -0.472365 -0.016784 0.878408 -0.477616 0.395894 0.874487 -0.280252 -0.642216 0.592427 -0.486404 -0.777501 0.482320 -0.403559 0.330559 -0.514428 0.791261 0.594516 0.145933 0.790730 0.783606 0.160901 0.600060 0.367600 -0.593383 0.716077 -0.065020 0.184309 -0.980715 -0.667363 0.405565 -0.624615 0.254809 -0.096694 -0.962145 0.522766 -0.711074 0.470201 0.627935 -0.758027 -0.176330 0.688327 -0.723038 -0.058500 0.472846 -0.560097 0.680227 -0.147791 0.703336 -0.695325 0.020801 0.625794 -0.779711 -0.231658 0.625603 -0.744953 -0.163649 0.590208 -0.790490 -0.190411 0.400567 -0.896264 0.799214 0.278170 0.532802 0.546190 -0.334363 0.768035 0.413192 -0.537943 0.734772 0.790270 0.167038 0.589552 0.026661 0.526156 -0.849970 -0.162075 0.598941 -0.784220 -0.228373 0.542140 -0.808659 -0.731005 0.082423 -0.677376 -0.177079 0.515850 -0.838178 -0.154384 0.666977 -0.728908 -0.609280 0.761704 -0.220422 -0.166584 0.574849 -0.801123 -0.174964 0.584092 -0.792606 -0.174996 0.584119 -0.792579 
						-0.166574 0.574915 -0.801078 -0.166602 0.574720 -0.801212 -0.174950 0.584017 -0.792664 -0.166544 0.575070 -0.800973 -0.175229 0.583882 -0.792702 -0.166274 0.575472 -0.800741 -0.173113 0.580946 -0.795320 -0.165801 0.574738 -0.801365 -0.155022 0.584046 -0.796780 -0.154386 0.583902 -0.797009 -0.165788 0.574695 -0.801399 -0.165784 0.574889 -0.801260 -0.154851 0.584104 -0.796771 -0.149635 0.585415 -0.796806 -0.165615 0.575345 -0.800968 -0.165777 0.574943 -0.801223 -0.154713 0.584123 -0.796784 -0.141715 0.590906 -0.794196 -0.165281 0.575669 -0.800804 -0.166343 0.573752 -0.801960 -0.163833 0.574920 -0.801639 -0.995122 0.076502 -0.062281 -0.179606 0.558607 -0.809753 -0.959786 0.276127 0.050635 -0.167983 0.632516 -0.756112 0.127655 -0.628337 0.767396 0.142833 -0.620000 0.771491 0.143104 -0.652045 0.744553 0.136778 -0.668668 0.730872 0.133771 -0.623952 0.769928 0.173161 -0.598292 0.782344 0.146307 -0.638795 0.755338 0.167736 -0.588470 0.790929 0.171130 -0.626565 0.760349 -0.007093 -0.692783 0.721111 0.065954 -0.756453 0.650714 0.174668 -0.642680 0.745958 0.309733 -0.499923 0.808791 0.751071 -0.659936 0.019406 0.176113 -0.593022 0.785690 0.783208 -0.552042 0.286068 0.176637 -0.550921 0.815650 0.829041 -0.247193 0.501584 -0.224055 -0.803796 0.551100 0.189968 -0.583540 0.789552 -0.186219 -0.783455 0.592891 0.179178 -0.578823 0.795524 0.271201 -0.638506 0.720250 0.860659 0.037122 0.507827 0.731531 -0.680167 0.047273 0.288341 -0.575207 0.765504 0.778249 -0.525467 0.343821 0.172290 -0.625922 0.760617 0.796885 -0.198854 0.570465 0.185434 -0.510287 0.839775 0.794290 0.078102 0.602498 0.253716 -0.554292 0.792710 -0.558212 0.301117 0.773128 -0.069646 -0.533230 0.843099 -0.927126 0.339313 0.159073 -0.728979 -0.681273 0.066757 -0.988031 -0.052777 -0.144948 -0.144831 -0.603093 0.784413 0.024514 -0.588124 0.808399 
						0.011950 -0.588280 0.808569 0.004432 -0.565876 0.824478 0.024603 -0.569516 0.821612 -0.059415 -0.550018 0.833037 -0.036716 -0.546252 0.836816 -0.055519 -0.589155 0.806111 -0.020986 -0.597280 0.801758 0.110166 -0.594408 0.796582 0.134107 -0.569594 0.810912 -0.023913 -0.588434 0.808191 -0.031960 -0.557953 0.829257 0.026377 -0.563792 0.825496 0.033784 -0.592223 0.805066 -0.056432 -0.545861 0.835973 -0.051636 -0.730890 0.680539 0.320560 -0.388916 0.863705 0.376357 -0.583231 0.719859 -0.942761 -0.263389 0.204521 -0.059163 -0.583597 0.809885 -0.893919 0.073832 0.442105 0.995925 0.074480 0.050844 0.946603 -0.262616 -0.187019 0.384363 -0.545599 0.744706 -0.151575 -0.390937 0.907851 0.462792 -0.688007 0.558990 0.913248 0.084336 -0.398578 0.359498 0.241097 -0.901462 0.384126 0.239973 -0.891549 0.967365 0.037601 -0.250582 0.904687 0.044308 -0.423768 0.992756 -0.119940 -0.007029 0.996415 -0.084382 0.006078 0.099491 0.336318 -0.936478 -0.409590 0.369499 -0.834090 -0.408342 0.537947 -0.737475 -0.993923 0.059366 -0.092702 -0.995411 -0.095676 -0.001932 -0.373277 0.470610 -0.799494 -0.996128 -0.009226 -0.087434 -0.928653 -0.212006 0.304395 -0.939223 -0.223696 0.260422 0.654764 -0.296998 0.695037 0.983531 -0.067728 -0.167572 0.628423 -0.368613 0.684988 0.457302 -0.370543 0.808438 -0.078648 -0.536135 0.840461 -0.034348 -0.327519 0.944220 -0.791456 0.058227 0.608446 -0.170001 -0.560453 0.810550 -0.840572 0.196104 0.504957 0.949523 0.013798 -0.313395 0.042469 0.348172 -0.936468 -0.033575 0.101813 -0.994237 0.944248 0.009254 -0.329104 0.978168 -0.136822 -0.156421 -0.308605 0.234386 -0.921860 -0.942324 -0.278879 -0.185075 -0.853888 -0.469186 -0.225255 -0.316649 -0.030429 -0.948055 -0.982197 -0.135214 0.130407 -0.955264 -0.282336 0.088073 -0.910165 0.081106 0.406229 -0.006088 -0.505687 0.862695 -0.019682 -0.617190 0.786568 
						-0.960470 -0.163239 0.225501 0.370518 -0.520258 0.769447 0.911929 -0.287672 -0.292627 0.304094 -0.704412 0.641350 0.945540 0.137084 -0.295232 0.942025 -0.018952 -0.335006 0.078832 0.987993 0.132872 0.279090 0.250344 0.927058 0.997554 -0.060088 -0.035716 0.987230 0.157820 0.021697 0.933387 -0.048132 -0.355629 0.861147 0.181461 -0.474865 -0.080603 -0.016178 -0.996615 -0.084406 -0.905644 -0.415554 -0.932413 -0.349223 0.092999 -0.806658 0.159890 0.568979 -0.191075 -0.642347 -0.742213 -0.115805 -0.929250 -0.350832 -0.170708 -0.924690 -0.340305 -0.169224 -0.654315 -0.737045 -0.253536 0.370425 -0.893591 -0.233503 0.358702 -0.903775 -0.179283 0.754189 -0.631709 -0.197808 0.769779 -0.606887 -0.015008 0.924982 0.379714 -0.014409 0.926258 0.376614 0.079763 0.657517 0.749206 0.073225 0.640542 0.764424 0.194137 0.649039 0.735567 0.239910 -0.358618 0.902129 0.255599 0.639337 0.725202 0.091993 -0.771147 0.629976 -0.035867 -0.249085 0.967817 0.416683 -0.303748 0.856804 -0.781549 0.197048 0.591907 -0.996360 0.052046 -0.067511 -0.914359 -0.205612 0.348815 -0.415141 0.390850 -0.821519 0.045552 0.314701 -0.948097 0.872799 -0.000666 -0.488079 0.996137 -0.030442 0.082368 -0.296424 0.656228 -0.693900 -0.153368 0.656436 -0.738627 -0.198720 -0.209732 -0.957352 -0.200663 -0.215420 -0.955682 -0.288696 0.873354 -0.392310 0.086996 0.811917 -0.577255 0.101329 0.964892 -0.242314 -0.997583 -0.033368 -0.060944 -0.912641 0.213401 0.348636 -0.309383 0.811945 -0.495003 0.136288 0.750512 0.646650 0.133168 0.754357 0.642816 -0.042770 0.977759 -0.205322 0.108873 0.873364 -0.474743 0.891067 -0.033359 -0.452644 0.976027 0.213330 -0.043149 -0.121978 -0.750668 -0.649321 -0.133491 -0.754397 -0.642702 0.042451 -0.977756 0.205405 0.041404 -0.976516 0.211430 -0.351844 0.924968 -0.143667 0.166883 0.632653 -0.756240 0.154498 -0.660813 0.734477 
						0.153081 -0.656428 0.738694 0.198445 0.209726 0.957410 0.195985 0.215417 0.956653 -0.133442 -0.754397 -0.642712 -0.142313 -0.750362 -0.645527 -0.253836 0.834795 -0.488554 -0.110634 0.839063 -0.532667 -0.202753 0.068117 -0.976858 -0.205030 0.062302 -0.976771 -0.236281 0.961607 -0.139584 0.136797 0.931462 -0.337142 0.157083 0.987229 0.026538 -0.997389 0.040270 -0.059940 -0.901906 0.162089 0.400365 -0.259571 0.931481 -0.254885 0.173128 0.539103 0.824254 0.170259 0.544007 0.821625 0.013654 0.997677 0.066737 0.161281 0.961606 -0.222043 0.891253 0.040272 -0.451714 0.986746 0.162044 0.008570 -0.158831 -0.539315 -0.826990 -0.170550 -0.544040 -0.821543 -0.013977 -0.997678 -0.066658 -0.015006 -0.998055 -0.060514 -0.298351 0.947596 0.114229 0.207893 0.803014 -0.558525 0.111567 -0.842207 0.527485 0.110354 -0.839051 0.532744 0.202498 -0.068117 0.976911 0.200368 -0.062301 0.977738 -0.170554 -0.544040 -0.821542 -0.179138 -0.538906 -0.823097 -0.189558 0.965478 -0.178662 -0.045889 0.974302 -0.220522 -0.185895 0.404291 -0.895540 -0.188559 0.398955 -0.897374 -0.167423 0.966932 0.192385 0.204995 0.978728 -0.008337 0.224770 0.908292 0.352823 -0.991417 0.126967 -0.031173 -0.893213 0.081153 0.442249 -0.191373 0.978729 0.073930 0.200216 0.219530 0.954840 0.197726 0.225216 0.954035 0.081946 0.914623 0.395916 0.230135 0.966929 0.109933 0.897230 0.126969 -0.422915 0.995429 0.081114 0.050417 -0.185964 -0.219824 -0.957651 -0.198014 -0.225279 -0.953960 -0.082241 -0.914634 -0.395829 -0.083382 -0.916969 -0.390147 -0.233340 0.873303 0.427661 0.269652 0.926988 -0.260730 0.046674 -0.975591 0.214576 0.045620 -0.974298 0.220596 0.185619 -0.404303 0.895592 0.183885 -0.398970 0.898337 -0.198037 -0.225279 -0.953955 -0.206204 -0.219334 -0.953610 -0.133185 0.986704 0.093154 0.011079 0.998471 0.054158 -0.155647 0.643226 -0.749690 
						-0.158606 0.638756 -0.752884 -0.113929 0.885569 0.450320 0.260130 0.930600 0.257520 0.273049 0.763254 0.585566 -0.982362 0.186570 0.012485 -0.890654 0.007789 0.454615 -0.136236 0.930589 0.339770 0.204791 -0.061129 0.976895 0.202632 -0.055308 0.977692 0.130472 0.765659 0.629876 0.283632 0.885566 0.367866 0.906279 0.186584 -0.379270 0.997995 0.007781 0.062808 -0.190535 0.060823 -0.979794 -0.202937 0.055262 -0.977631 -0.130771 -0.765676 -0.629793 -0.132070 -0.769408 -0.624955 -0.186914 0.735158 0.651618 0.323745 0.946144 0.000073 -0.010331 -0.998131 -0.060231 -0.011357 -0.998472 -0.054076 0.155363 -0.643235 0.749740 0.153913 -0.638766 0.753850 -0.202938 0.055262 -0.977631 -0.210779 0.061338 -0.975607 -0.067842 0.910367 0.408203 0.077306 0.924407 0.373491 -0.103872 0.859722 -0.500088 -0.107087 0.856732 -0.504523 -0.059373 0.698293 0.713345 0.318994 0.777988 0.541274 0.317012 0.513231 0.797557 -0.967741 0.237893 0.082976 -0.893135 -0.079773 0.442659 -0.077378 0.777972 0.623516 0.189361 -0.386832 0.902498 0.187588 -0.381449 0.905156 0.174432 0.510745 0.841851 0.338201 0.698277 0.630895 0.920905 0.237899 -0.308769 0.995515 -0.079771 0.050860 -0.175117 0.386508 -0.905509 -0.187886 0.381395 -0.905117 -0.174744 -0.510763 -0.841775 -0.176344 -0.515759 -0.838388 -0.144487 0.496180 0.856113 0.386364 0.871522 0.301948 -0.076487 -0.922168 -0.379151 -0.077602 -0.924410 -0.373423 0.103596 -0.859727 0.500137 0.102404 -0.856736 0.505487 -0.187880 0.381395 -0.905118 -0.195320 0.386998 -0.901156 -0.015021 0.748553 0.662905 0.131057 0.763302 0.632610 -0.045446 0.974793 -0.218436 -0.048801 0.973474 -0.223534 -0.022659 0.454688 0.890362 0.361547 0.558612 0.746483 0.340672 0.229867 0.911649 -0.951824 0.261786 0.159682 -0.900555 -0.153083 0.406898 -0.034828 0.558582 0.828718 0.156336 -0.650513 0.743231 
						0.154860 -0.646075 0.747399 0.197796 0.223091 0.954519 0.374900 0.454668 0.807916 0.936812 0.261788 -0.232057 0.988103 -0.153051 0.015090 -0.142111 0.650225 -0.746332 -0.155181 0.646032 -0.747369 -0.198112 -0.223109 -0.954450 -0.200052 -0.228783 -0.952700 -0.121525 0.224775 0.966803 0.436886 0.715195 0.545551 -0.130038 -0.759535 -0.637335 -0.131344 -0.763316 -0.632532 0.045168 -0.974794 0.218488 0.044115 -0.973476 0.224497 -0.155159 0.646032 -0.747374 -0.162273 0.650643 -0.741843 0.030628 0.468446 0.882961 0.177766 0.482220 0.857825 0.028260 0.990185 0.136875 0.024885 0.990980 0.131679 -0.001294 0.114953 0.993370 0.391301 0.234492 0.889886 0.344464 -0.128814 0.929920 -0.932351 0.257681 0.253617 -0.914542 -0.219969 0.339450 -0.005080 0.234454 0.972114 0.098975 -0.878861 0.466698 0.097789 -0.876068 0.472167 0.200933 -0.139775 0.969582 0.396273 0.114940 0.910910 0.956299 0.257714 -0.138117 0.974112 -0.219924 -0.052335 -0.084774 0.878648 -0.469884 -0.098096 0.876043 -0.472150 -0.201243 0.139755 -0.969521 -0.203611 0.133988 -0.969840 -0.117564 -0.119337 0.985869 0.480417 0.445538 0.755444 -0.176423 -0.477112 -0.860952 -0.178066 -0.482231 -0.857756 -0.028538 -0.990184 -0.136826 -0.029571 -0.990977 -0.130726 -0.098067 0.876043 -0.472157 -0.104900 0.878931 -0.465271 0.050350 0.202329 0.978023 0.198239 0.214040 0.956498 0.084105 0.909926 0.406155 0.080825 0.912323 0.401415 -0.002772 -0.165457 0.986213 0.396873 -0.044725 0.916783 0.328875 -0.401537 0.854757 -0.917988 0.230429 0.322802 -0.928430 -0.252522 0.272488 0.000496 -0.044766 0.998997 0.044390 -0.978063 0.203525 0.043320 -0.976835 0.209563 0.184626 -0.414792 0.890989 0.394790 -0.165490 0.903745 0.970652 0.230393 -0.068951 0.960227 -0.252456 -0.119288 -0.030178 0.977925 -0.206767 -0.043608 0.976823 -0.209559 -0.184937 0.414774 -0.890932 
						-0.187629 0.409466 -0.892823 -0.132287 -0.381372 0.914908 0.499104 0.189858 0.845488 -0.196581 -0.208350 -0.958095 -0.198540 -0.214054 -0.956433 -0.084383 -0.909917 -0.406117 -0.085514 -0.912314 -0.400464 -0.043619 0.976823 -0.209557 -0.050331 0.978074 -0.202084 -0.425838 -0.772941 -0.470344 -0.209751 -0.624714 0.752155 0.624984 -0.587623 0.513901 0.252717 -0.757342 -0.602135 0.116057 -0.968294 0.221218 0.498279 -0.470522 0.728236 0.232364 -0.676566 0.698759 0.054534 -0.772935 -0.632137 -0.024738 -0.779331 -0.626124 0.015285 -0.803503 -0.595105 0.082698 -0.491466 0.866962 0.150068 0.805618 0.573114 0.822060 0.522991 0.225163 0.046734 -0.766497 -0.640545 -0.040112 -0.803772 -0.593583 -0.065081 -0.809788 -0.583101 -0.028884 -0.784094 -0.619969 -0.086160 -0.792019 -0.604387 -0.045557 -0.808727 -0.586417 -0.094034 -0.810854 -0.577645 -0.087367 -0.799397 -0.594417 -0.025414 0.487947 -0.872503 -0.021129 -0.801906 -0.597077 -0.545112 -0.722150 -0.425856 -0.580565 0.434632 -0.688505 -0.215598 -0.969964 -0.112641 -0.321701 -0.793465 -0.516644 -0.188687 -0.913417 -0.360648 -0.265763 -0.055991 -0.962411 -0.258057 0.490214 -0.832525 -0.466442 0.626505 -0.624439 -0.063015 0.802602 0.593177 -0.216661 0.667563 -0.712333 -0.706336 0.498108 0.502969 -0.137155 -0.815797 -0.561839 -0.206858 -0.944372 -0.255677 -0.184020 -0.878820 -0.440241 -0.165176 -0.810422 -0.562080 -0.146705 -0.829630 -0.538694 -0.106623 -0.811313 -0.574807 -0.149928 -0.834298 -0.530536 -0.154635 -0.810616 -0.564792 -0.081588 -0.805369 -0.587132 -0.073282 -0.815439 -0.574185 -0.064033 -0.594603 0.801466 0.380827 -0.555226 0.739388 0.272167 -0.735408 0.620565 -0.005018 -0.398706 0.917065 -0.890641 0.077076 0.448127 -0.941696 -0.267140 0.204559 -0.055385 -0.554838 0.830113 0.377536 -0.594820 0.709687 0.995477 0.076533 0.056284 0.945067 -0.267981 -0.187174 -0.196862 -0.685005 0.701437 
						0.507754 -0.397350 0.764395 0.924742 0.167733 -0.341640 0.966440 0.031912 -0.254903 0.452459 0.672286 -0.585929 0.429571 0.686182 -0.587046 0.928205 0.201731 -0.312634 0.984228 -0.168606 -0.053542 0.988716 -0.147791 -0.024469 -0.406298 0.587139 -0.700135 -0.358042 0.729947 -0.582223 0.158868 0.739242 -0.654433 -0.350005 0.659576 -0.665174 -0.949888 0.220790 0.221280 -0.965630 0.256224 0.043684 -0.905059 0.009823 0.425173 -0.903817 -0.039393 0.426101 -0.956221 0.270989 0.110483 0.603961 -0.673418 0.426309 0.591739 -0.636751 0.494362 0.991754 -0.011306 -0.127653 0.407461 -0.717725 0.564664 -0.097652 -0.759718 0.642878 -0.091869 -0.589807 0.802301 -0.861537 -0.430396 0.269282 -0.923179 -0.368540 0.109172 -0.174238 -0.536775 0.825539 0.962304 0.099745 -0.253025 0.960439 0.120417 -0.251110 0.081365 0.890400 -0.447848 0.101672 0.748451 -0.655350 0.998207 -0.000327 -0.059863 -0.222729 0.834062 -0.504710 -0.178238 0.945463 -0.272638 -0.720306 0.511436 0.468606 -0.843244 0.433644 0.317636 -0.889427 0.184640 0.418124 -0.947587 0.107518 0.300863 -0.955294 -0.227094 0.189316 -0.932373 0.026824 0.360502 -0.007245 -0.534052 0.845421 -0.025499 -0.635379 0.771779 0.355895 -0.622025 0.697440 0.343350 -0.438306 0.830662 0.983341 0.178133 0.036177 0.966020 0.128774 -0.224103 0.931436 0.054032 -0.359872 0.986259 -0.141141 -0.085861 0.102741 -0.992435 0.067203 -0.131579 -0.432795 -0.891838 0.864333 0.218943 -0.452761 0.964617 0.160183 -0.209417 0.930041 -0.251964 -0.267466 0.150272 0.682831 0.714955 0.058222 0.940513 -0.334731 -0.857177 0.192659 0.477630 -0.894491 -0.415719 0.164510 0.035929 0.932794 0.358615 0.059134 0.927489 0.369145 0.057108 0.633740 0.771435 0.114079 0.634269 0.764649 -0.174787 0.765021 -0.619832 -0.196806 0.755995 -0.624291 -0.257799 0.367720 -0.893489 -0.234512 0.391253 -0.889902 
						-0.248098 -0.632057 -0.734133 -0.248009 -0.634716 -0.731865 -0.152425 -0.922327 -0.355077 -0.158440 -0.929852 -0.332071 -0.034007 -0.929246 -0.367893 0.031527 -0.928189 -0.370771 0.181922 -0.764730 0.618136 0.151274 -0.368384 0.917284 0.349635 -0.773372 0.528820 -0.117584 -0.806108 0.579969 -0.881801 -0.451287 0.136993 -0.970070 0.234855 0.061710 -0.896914 -0.084851 0.433987 -0.368636 0.714481 -0.594663 0.111740 0.765783 -0.633317 0.915021 0.280231 -0.290185 0.964149 -0.254307 -0.075799 0.776593 -0.434463 0.456228 0.996745 -0.080365 -0.006409 0.953388 -0.212569 0.214163 0.866360 -0.339039 0.366706 0.801524 -0.417800 0.427787 -0.730866 0.462740 -0.501704 -0.788528 0.428499 -0.441148 -0.853524 0.404341 -0.328642 -0.943629 0.304578 -0.129601 -0.986181 0.148062 0.074328 -0.309140 -0.791941 -0.526556 -0.671219 -0.125015 -0.730641 -0.380843 -0.159194 -0.910833 -0.192625 -0.805389 -0.560575 -0.729233 0.454690 -0.511348 -0.438512 0.548607 -0.711855 0.731221 -0.469455 0.494903 0.502822 -0.862813 0.052185 0.223211 -0.968319 0.111960 0.425715 -0.574212 0.699319 0.072755 -0.799512 -0.596228 -0.040918 -0.812150 -0.582012 -0.205511 -0.812021 -0.546248 -0.169416 -0.983103 0.069331 -0.742146 -0.650518 0.161387 -0.289435 -0.799513 -0.526314 -0.973601 -0.099954 0.205209 -0.966689 -0.058657 0.249144 -0.940172 -0.167067 0.296927 -0.133412 -0.806758 -0.575624 -0.116104 -0.809161 -0.576002 0.038482 -0.799387 -0.599583 -0.119019 -0.828616 -0.547019 -0.120150 -0.786702 -0.605528 0.605618 -0.202135 -0.769655 -0.057724 -0.281891 -0.957708 -0.051801 -0.804985 -0.591029 0.925556 0.038357 -0.376662 0.946231 0.045749 -0.320240 0.943213 -0.039334 -0.329850 -0.065497 -0.935012 -0.348514 0.660383 -0.736995 -0.143987 0.655276 -0.671168 -0.346622 -0.086089 -0.886053 -0.455520 0.985458 -0.157899 0.062774 0.991536 -0.067091 -0.111158 -0.169872 -0.591632 -0.788109 
						-0.766573 -0.150505 -0.624271 -0.745930 -0.150118 -0.648886 -0.166113 -0.614230 -0.771445 -0.930346 0.303554 -0.205697 -0.907668 0.319578 -0.272046 -0.380719 0.569846 -0.728236 0.456583 -0.556748 0.693948 -0.178023 -0.820751 -0.542840 -0.059121 -0.797946 -0.599822 0.067282 -0.648297 -0.758409 -0.303968 -0.899272 -0.314505 -0.135047 -0.956175 -0.259791 -0.089332 -0.575990 -0.812561 -0.966288 0.244034 -0.082067 -0.991801 0.089303 0.091412 -0.063465 -0.939915 -0.335459 -0.149738 -0.716418 -0.681413 0.578295 -0.541827 0.609917 0.729803 -0.474386 0.492286 0.904533 -0.329103 0.271131 0.876250 -0.366447 0.312896 -0.582629 0.507110 -0.635125 -0.927340 0.287181 -0.239932 -0.829553 0.387271 -0.402321 0.942734 -0.263236 0.204838 -0.057310 -0.949909 -0.307228 -0.164307 -0.629521 -0.759412 -0.523036 -0.224611 -0.822182 0.352374 -0.935853 0.003515 0.561867 -0.779911 -0.275762 -0.753841 -0.410098 -0.513365 0.451314 -0.888112 0.087020 -0.613764 -0.137912 -0.777351 0.631803 -0.774369 -0.034315 0.609954 -0.791885 -0.029583 0.547599 -0.540259 -0.638949 -0.726968 -0.652108 -0.215110 -0.814346 -0.397120 -0.423245 -0.801852 -0.229383 -0.551740 -0.603975 -0.763518 -0.228594 0.397427 -0.567835 -0.720844 -0.575801 -0.413006 0.705605 0.808936 -0.413001 0.418394 0.808936 -0.413006 0.418389 -0.575799 -0.412998 0.705612 0.165278 -0.584824 0.794144 0.165279 -0.584824 0.794144 0.165279 -0.584824 0.794143 0.165279 -0.584824 0.794144 0.164208 -0.584825 0.794365 0.164208 -0.584825 0.794365 0.164209 -0.584825 0.794364 0.164208 -0.584825 0.794365 0.979215 0.000378 -0.202824 0.979213 0.000364 -0.202835 -0.979105 0.000372 0.203354 -0.979104 0.000378 0.203358 -0.575810 -0.413028 0.705586 0.808939 -0.413024 0.418364 0.808938 -0.413030 0.418361 -0.575809 -0.413022 0.705590 0.165280 -0.584828 0.794140 0.165280 -0.584828 0.794141 0.165279 -0.584828 0.794141 
						0.165280 -0.584828 0.794141 0.164208 -0.584830 0.794361 0.164208 -0.584830 0.794361 0.164208 -0.584830 0.794361 0.164208 -0.584830 0.794361 0.979212 0.000357 -0.202842 0.979210 0.000349 -0.202847 -0.979107 0.000354 0.203343 -0.979106 0.000363 0.203349 -0.575795 -0.412954 0.705642 0.808950 -0.412944 0.418423 0.808950 -0.412949 0.418417 -0.575793 -0.412945 0.705648 0.165281 -0.584820 0.794146 0.165280 -0.584820 0.794147 0.165279 -0.584820 0.794147 0.165280 -0.584820 0.794147 0.164209 -0.584825 0.794364 0.164208 -0.584825 0.794365 0.164207 -0.584825 0.794365 0.164208 -0.584825 0.794365 0.979219 0.000415 -0.202806 0.979218 0.000408 -0.202811 -0.979100 0.000400 0.203381 -0.979097 0.000415 0.203392 -0.575785 -0.412904 0.705679 0.808957 -0.412891 0.418461 0.808956 -0.412899 0.418455 -0.575783 -0.412895 0.705686 0.165278 -0.584827 0.794142 0.165279 -0.584827 0.794141 0.165280 -0.584827 0.794141 0.165279 -0.584827 0.794141 0.164207 -0.584825 0.794365 0.164208 -0.584825 0.794365 0.164209 -0.584825 0.794365 0.164208 -0.584825 0.794365 0.979224 0.000460 -0.202783 0.979221 0.000444 -0.202794 -0.979094 0.000440 0.203409 -0.979093 0.000448 0.203414 -0.575790 -0.412928 0.705660 0.808953 -0.412921 0.418440 0.808950 -0.412930 0.418435 -0.575788 -0.412920 0.705666 0.165280 -0.584827 0.794141 0.165280 -0.584827 0.794141 0.165280 -0.584827 0.794141 0.165280 -0.584827 0.794141 0.164208 -0.584830 0.794361 0.164208 -0.584830 0.794361 0.164208 -0.584830 0.794361 0.164208 -0.584830 0.794361 0.979222 0.000430 -0.202792 0.979220 0.000419 -0.202800 -0.979097 0.000423 0.203394 -0.979095 0.000435 0.203403 -0.575794 -0.412955 0.705642 0.808948 -0.412945 0.418425 0.808948 -0.412953 0.418418 -0.575792 -0.412948 0.705647 0.165280 -0.584824 0.794143 0.165279 -0.584825 0.794143 0.165279 -0.584825 0.794143 
						0.165279 -0.584824 0.794143 0.164210 -0.584820 0.794369 0.164209 -0.584820 0.794369 0.164208 -0.584820 0.794369 0.164209 -0.584820 0.794369 0.979219 0.000415 -0.202806 0.979218 0.000408 -0.202811 -0.979100 0.000400 0.203381 -0.979097 0.000414 0.203391 -0.575800 -0.413020 0.705598 0.808938 -0.413015 0.418376 0.808935 -0.413022 0.418374 -0.575798 -0.413012 0.705604 0.165280 -0.584826 0.794142 0.165280 -0.584826 0.794142 0.165280 -0.584826 0.794142 0.165280 -0.584826 0.794142 0.164208 -0.584828 0.794363 0.164208 -0.584828 0.794363 0.164208 -0.584828 0.794363 0.164208 -0.584828 0.794363 0.979211 0.000369 -0.202842 0.979210 0.000359 -0.202849 -0.979106 0.000361 0.203352 -0.979104 0.000371 0.203359 -0.575800 -0.413019 0.705598 0.808933 -0.413014 0.418385 0.808933 -0.413021 0.418380 -0.575798 -0.413013 0.705604 0.165280 -0.584823 0.794144 0.165279 -0.584823 0.794144 0.165278 -0.584823 0.794144 0.165279 -0.584823 0.794144 0.164209 -0.584822 0.794367 0.164208 -0.584822 0.794367 0.164207 -0.584822 0.794367 0.164208 -0.584822 0.794367 0.979213 0.000364 -0.202834 0.979212 0.000358 -0.202838 -0.979106 0.000356 0.203348 -0.979104 0.000370 0.203358 -0.575797 -0.413021 0.705600 0.808937 -0.413015 0.418377 0.808934 -0.413023 0.418374 -0.575796 -0.413014 0.705605 0.165280 -0.584828 0.794140 0.165280 -0.584828 0.794140 0.165280 -0.584828 0.794140 0.165280 -0.584828 0.794140 0.164209 -0.584826 0.794364 0.164209 -0.584826 0.794364 0.164209 -0.584826 0.794364 0.164209 -0.584826 0.794364 0.979211 0.000369 -0.202842 0.979210 0.000360 -0.202849 -0.979105 0.000359 0.203356 -0.979103 0.000369 0.203363 -0.575797 -0.413020 0.705600 0.808937 -0.413014 0.418378 0.808935 -0.413022 0.418374 -0.575795 -0.413014 0.705606 0.165280 -0.584826 0.794142 0.165280 -0.584826 0.794142 0.165280 -0.584826 0.794142 
						0.165280 -0.584826 0.794142 0.164209 -0.584827 0.794363 0.164209 -0.584827 0.794363 0.164209 -0.584827 0.794363 0.164209 -0.584827 0.794363 0.979211 0.000369 -0.202843 0.979210 0.000359 -0.202849 -0.979105 0.000359 0.203356 -0.979103 0.000368 0.203363 -0.575801 -0.413006 0.705606 0.808942 -0.412996 0.418387 0.808942 -0.413002 0.418381 -0.575799 -0.412999 0.705612 0.165279 -0.584822 0.794145 0.165280 -0.584822 0.794145 0.165281 -0.584822 0.794145 0.165280 -0.584822 0.794145 0.164207 -0.584824 0.794366 0.164208 -0.584824 0.794366 0.164209 -0.584824 0.794365 0.164208 -0.584824 0.794366 0.979214 0.000384 -0.202832 0.979211 0.000369 -0.202842 -0.979104 0.000367 0.203361 -0.979103 0.000372 0.203366 -0.575799 -0.412991 0.705616 0.808945 -0.412981 0.418395 0.808945 -0.412987 0.418388 -0.575798 -0.412984 0.705621 0.165278 -0.584823 0.794144 0.165279 -0.584823 0.794144 0.165280 -0.584823 0.794144 0.165279 -0.584823 0.794144 0.164207 -0.584822 0.794367 0.164208 -0.584822 0.794367 0.164209 -0.584822 0.794366 0.164208 -0.584822 0.794367 0.979215 0.000393 -0.202826 0.979213 0.000379 -0.202836 -0.979102 0.000376 0.203369 -0.979101 0.000382 0.203373 -0.575797 -0.412980 0.705624 0.808942 -0.412972 0.418410 0.808942 -0.412979 0.418402 -0.575796 -0.412973 0.705629 0.165278 -0.584825 0.794143 0.165279 -0.584825 0.794142 0.165280 -0.584826 0.794142 0.165279 -0.584825 0.794142 0.164207 -0.584825 0.794365 0.164208 -0.584825 0.794365 0.164209 -0.584825 0.794364 0.164208 -0.584825 0.794365 0.979217 0.000398 -0.202814 0.979215 0.000383 -0.202825 -0.979102 0.000388 0.203369 -0.979101 0.000394 0.203374 -0.575792 -0.412979 0.705628 0.808947 -0.412957 0.418416 0.808947 -0.412963 0.418410 -0.575791 -0.412954 0.705643 0.165280 -0.584828 0.794141 0.165280 -0.584828 0.794141 0.165280 -0.584828 0.794141 
						0.165280 -0.584828 0.794141 0.164208 -0.584828 0.794362 0.164208 -0.584828 0.794362 0.164208 -0.584828 0.794362 0.164208 -0.584828 0.794362 0.979218 0.000410 -0.202809 0.979217 0.000400 -0.202816 -0.979101 0.000376 0.203374 -0.979096 0.000407 0.203397 0.114986 -0.549220 0.827729 0.176951 -0.574698 0.799006 0.170667 -0.580673 0.796048 0.089368 -0.511044 0.854896 0.175864 -0.573676 0.799980 0.123590 -0.548553 0.826931 0.173458 -0.578470 0.797048 0.086921 -0.512103 0.854515 0.080773 -0.516591 0.852414 0.169112 -0.581671 0.795651 0.078233 -0.508206 0.857675 0.077931 -0.512016 0.855433 0.083044 -0.508261 0.857190 0.082360 -0.512479 0.854741 0.077773 -0.512132 0.855378 0.178579 -0.574654 0.798675 0.178420 -0.575916 0.797801 0.177112 -0.574690 0.798976 0.178556 -0.574672 0.798668 0.176913 -0.575916 0.798137 0.097913 -0.571487 0.814749 0.171032 -0.580831 0.795854 0.169349 -0.585177 0.793025 0.087891 -0.530813 0.842919 0.170071 -0.579942 0.796708 0.104622 -0.571616 0.813824 0.172059 -0.583143 0.793940 0.085597 -0.532651 0.841995 0.078945 -0.537305 0.839685 0.167671 -0.586380 0.792493 0.065021 -0.537885 0.840507 0.064754 -0.541641 0.838112 0.069845 -0.538030 0.840027 0.069128 -0.542127 0.837448 0.064505 -0.541824 0.838013 0.303176 -0.481931 0.822087 0.229354 -0.617332 0.752527 0.232474 -0.616112 0.752570 0.278460 -0.503839 0.817683 0.290087 -0.495878 0.818507 0.481267 -0.462901 0.744382 0.481711 -0.467427 0.741260 0.479191 -0.465347 0.744197 0.479322 -0.465669 0.743910 0.477951 -0.466908 0.744017 0.065375 -0.628435 0.775110 0.168198 -0.586542 0.792261 0.171072 -0.591008 0.788317 0.098051 -0.590323 0.801189 0.167181 -0.585682 0.793113 0.068395 -0.631279 0.772535 0.173796 -0.588990 0.789231 0.100666 -0.594312 0.797909 0.090524 -0.600679 0.794349 0.169417 -0.592224 0.787762 
						0.049566 -0.620319 0.782782 0.049349 -0.623868 0.779970 0.054380 -0.620648 0.782202 0.053639 -0.624329 0.779318 0.048935 -0.624162 0.779761 0.163351 -0.626798 0.761866 0.245438 -0.662123 0.708063 0.240804 -0.663164 0.708680 0.161056 -0.628427 0.761013 0.159706 -0.623594 0.765261 0.268658 -0.752508 0.601294 0.268175 -0.754107 0.599504 0.266927 -0.753464 0.600868 0.266991 -0.753553 0.600727 0.266182 -0.754109 0.600389 0.056916 -0.653532 0.754756 0.165617 -0.590056 0.790193 0.171164 -0.594086 0.785980 0.110007 -0.620607 0.776367 0.164560 -0.589202 0.791050 0.059884 -0.657383 0.751174 0.173877 -0.592078 0.786899 0.116673 -0.624999 0.771858 0.103980 -0.632614 0.767455 0.169514 -0.595303 0.785416 0.052718 -0.658812 0.750459 0.052482 -0.662228 0.747462 0.057498 -0.659178 0.749786 0.056778 -0.662631 0.746791 0.052036 -0.662536 0.747220 0.249572 -0.549851 0.797106 0.266712 -0.667825 0.694892 0.264280 -0.669231 0.694468 0.240923 -0.556864 0.794895 0.238867 -0.554707 0.797021 0.462300 -0.634287 0.619643 0.462047 -0.638247 0.615754 0.459589 -0.636873 0.619008 0.459617 -0.637119 0.618734 0.458014 -0.638510 0.618489 0.080442 -0.600493 0.795573 0.169982 -0.583289 0.794280 0.170276 -0.587784 0.790896 0.091725 -0.560271 0.823215 0.169007 -0.582405 0.795136 0.084831 -0.602037 0.793949 0.173014 -0.585754 0.791807 0.091126 -0.563241 0.821252 0.083126 -0.568542 0.818444 0.168617 -0.589000 0.790347 0.055357 -0.579389 0.813169 0.055114 -0.583058 0.810559 0.060172 -0.579634 0.812652 0.059451 -0.583535 0.809909 0.054770 -0.583307 0.810403 0.277398 -0.490787 0.825941 0.169682 -0.550073 0.817697 0.172033 -0.544053 0.821226 0.258465 -0.506928 0.822326 0.270672 -0.500489 0.822343 0.325805 -0.366853 0.871361 0.325832 -0.369231 0.870346 0.324570 -0.367972 0.871350 0.324734 -0.368149 0.871214 
						0.324069 -0.368653 0.871249 -0.963802 0.116805 0.239673 -0.847496 0.227408 0.479620 -0.978469 0.004737 0.206338 -0.979982 0.003734 0.199053 0.109143 0.780222 0.615908 -0.953864 0.078838 0.289705 0.090906 0.842582 0.530841 0.115657 0.818348 0.562966 0.127706 0.842666 0.523073 0.122666 0.803909 0.581966 -0.886810 0.348437 0.303579 -0.979883 0.002040 0.199561 -0.979632 -0.003199 0.200775 0.118918 0.803908 0.582744 0.117791 0.818347 0.562524 0.144769 0.780335 0.608374 0.934498 0.348086 -0.074489 0.990351 0.079004 -0.113860 0.978209 0.002602 -0.207608 0.978581 -0.003771 -0.205829 0.979539 0.117058 -0.163710 0.968219 0.227794 0.103256 0.979892 0.005303 -0.199460 0.978122 0.004517 -0.207983 0.120570 0.803117 0.583494 0.116079 0.819057 0.561846 0.116959 0.819056 0.561665 0.121448 0.803116 0.583314 
					</float_array>
					<technique_common>
						<accessor count="2589" offset="0" source="#meshId0-tangents-array" stride="3">
							<param name="X" type="float" />
							<param name="Y" type="float" />
							<param name="Z" type="float" />
						</accessor>
					</technique_common>
				</source>
				<source id="meshId0-bitangents" name="meshId0-bitangents">
					<float_array id="meshId0-bitangents-array" count="7767"> 
						0.119171 0.811444 0.572152 0.118216 0.811446 0.572347 0.118226 0.811440 0.572352 0.119174 0.811446 0.572148 0.979068 0.000318 -0.203533 0.979068 0.000318 -0.203534 0.979068 0.000318 -0.203534 0.979068 0.000318 -0.203534 -0.979248 0.000322 0.202664 -0.979248 0.000322 0.202664 -0.979248 0.000322 0.202664 -0.979248 0.000322 0.202664 0.118300 0.811158 0.572737 0.118312 0.811158 0.572734 0.119243 0.811161 0.572537 0.119256 0.811161 0.572534 -0.094336 0.836480 0.539816 -0.963621 0.215403 0.158228 -0.928881 0.049493 0.367057 -0.074335 0.755466 0.650958 -0.153897 0.887747 0.433843 0.327076 0.755180 0.568089 0.377950 0.654319 0.654996 -0.087250 0.654247 0.751231 0.312963 0.887966 0.337002 0.301142 0.836640 0.457545 0.987901 -0.029416 0.152273 0.885383 0.327474 -0.329935 0.179542 -0.872149 -0.455105 0.663519 -0.480325 -0.573611 0.661874 -0.495907 -0.562138 0.114654 -0.866196 -0.486373 -0.088911 -0.872595 -0.480284 0.138065 -0.907161 -0.397489 -0.040228 -0.814584 -0.578648 0.148041 -0.856209 -0.494965 0.131273 -0.771158 -0.622963 0.104811 -0.182404 -0.977621 -0.263508 -0.569690 -0.778471 -0.216775 -0.584523 -0.781883 0.194578 -0.201883 -0.959887 -0.045859 -0.705509 -0.707215 -0.144670 -0.733665 -0.663933 -0.376182 -0.604575 -0.702123 0.119443 -0.971148 0.206412 0.080330 -0.896180 -0.436358 0.047790 -0.980450 0.190875 0.071626 -0.896857 -0.436484 -0.541800 -0.836524 0.081733 0.005295 -0.942669 -0.333687 -0.474988 -0.827795 -0.298566 -0.608075 -0.793385 0.028027 -0.467729 -0.830252 -0.303168 -0.052897 -0.862440 -0.503388 0.187238 -0.818354 -0.543359 0.299952 -0.905675 -0.299636 -0.199427 -0.823879 -0.530522 -0.088968 -0.877918 -0.470473 0.299032 -0.752795 -0.586413 0.074122 -0.500562 -0.862522 0.289700 -0.401594 -0.868790 0.486511 -0.793293 -0.366050 -0.275373 -0.617659 -0.736660 -0.088395 -0.598349 -0.796345 
						-0.269975 -0.860961 -0.431115 -0.160094 -0.899913 -0.405618 -0.179935 -0.799962 -0.572437 -0.017272 -0.763874 -0.645135 -0.105089 -0.904678 -0.412933 -0.324717 -0.874475 -0.360350 -0.285340 -0.770250 -0.570348 -0.944762 0.145485 -0.293698 -0.932859 0.179272 -0.312466 -0.740513 0.014693 -0.671882 -0.656388 0.714127 0.243265 -0.760698 0.553301 -0.339407 -0.081783 0.698357 0.711062 0.108015 0.887432 0.448103 -0.948383 0.312865 0.051819 -0.352489 0.919222 0.175450 -0.953318 0.111896 -0.280472 0.067426 -0.607653 -0.791335 -0.255101 -0.933894 -0.250529 -0.972829 0.023165 0.230364 -0.975094 0.039144 0.218309 -0.939859 0.049135 0.338010 -0.955683 -0.073888 0.284974 -0.966783 -0.128361 0.221029 -0.969637 -0.016420 0.243997 -0.982812 -0.108636 0.149259 -0.967669 -0.054511 0.246263 -0.996874 -0.043332 0.066070 -0.981937 -0.084175 0.169453 -0.996556 0.035483 0.074946 -0.988766 -0.053524 0.139561 -0.980693 0.111126 0.160907 -0.968021 -0.018347 0.250198 -0.957932 0.066449 0.279195 -0.983313 0.029419 0.179529 0.144820 -0.920124 -0.363866 0.169866 -0.843083 -0.510252 -0.202646 -0.959772 -0.194354 -0.041430 -0.764240 -0.643600 -0.101061 -0.768089 -0.632318 0.079312 -0.840928 -0.535303 0.094017 -0.907605 -0.409164 -0.157603 -0.893391 -0.420731 -0.023471 -0.752252 -0.658457 -0.094326 0.836476 0.539825 -0.963621 0.215398 0.158234 -0.928886 0.049500 0.367042 -0.074339 0.755477 0.650944 -0.153902 0.887745 0.433847 0.327076 0.755188 0.568078 0.377974 0.654320 0.654981 -0.087293 0.654246 0.751227 0.312941 0.887972 0.337006 0.301136 0.836646 0.457538 0.987900 -0.029411 0.152275 0.885381 0.327481 -0.329935 -0.326983 -0.884683 -0.332293 -0.124873 -0.956345 0.264217 -0.142662 -0.955975 0.256436 -0.282704 -0.876839 -0.388887 -0.231675 -0.790884 -0.566418 -0.377636 -0.845075 -0.378470 -0.139930 -0.850219 -0.507491 -0.279920 -0.891488 -0.356222 
						-0.130701 -0.929936 -0.343710 0.513659 -0.850016 -0.116737 0.225827 -0.765999 -0.601870 0.204544 -0.796193 -0.569419 0.462268 -0.885490 -0.047075 0.022522 -0.880478 -0.473552 0.002999 -0.823472 -0.567349 0.183289 -0.683032 -0.707017 -0.826879 -0.436746 -0.354295 -0.326897 -0.842928 -0.427329 -0.801585 -0.423137 -0.422394 -0.324722 -0.839768 -0.435139 -0.458357 -0.176041 -0.871159 -0.406147 -0.763120 -0.502686 -0.212712 -0.473625 -0.854654 -0.373462 -0.163310 -0.913157 -0.213352 -0.481331 -0.850177 -0.219635 -0.817010 -0.533156 -0.232993 -0.921913 -0.309501 -0.490655 -0.841309 -0.226843 -0.132449 -0.754072 -0.643299 -0.241930 -0.786706 -0.567947 -0.192331 -0.963549 -0.185962 0.230786 -0.929647 -0.287218 0.238451 -0.969684 -0.053429 -0.424536 -0.905221 -0.018531 0.168592 -0.757315 -0.630913 0.167588 -0.867904 -0.467607 -0.204492 -0.673288 -0.710540 -0.280108 -0.722318 -0.632295 -0.093528 -0.779275 -0.619664 -0.067281 -0.879829 -0.470503 -0.294378 -0.753208 -0.588234 -0.245812 -0.606790 -0.755898 -0.044231 -0.717312 -0.695347 0.573911 0.263210 -0.775465 0.605866 0.263342 -0.750717 0.684391 -0.167241 -0.709676 0.504825 0.843924 -0.181507 0.824740 0.378293 -0.420356 0.007336 0.932671 0.360654 0.257991 0.767851 0.586384 0.451615 0.606441 -0.654426 0.599788 0.781112 0.173547 0.544858 0.257822 -0.797908 0.112400 -0.934556 -0.337596 -0.380870 -0.589430 -0.712397 -0.972822 0.023179 0.230389 -0.975097 0.039102 0.218306 -0.939861 0.049109 0.338009 -0.955676 -0.073868 0.285003 -0.966769 -0.128384 0.221080 -0.969636 -0.016422 0.244002 -0.982818 -0.108614 0.149236 -0.967672 -0.054500 0.246254 -0.996875 -0.043292 0.066082 -0.981938 -0.084163 0.169452 -0.996556 0.035487 0.074942 -0.988767 -0.053518 0.139555 -0.980712 0.111069 0.160833 -0.968034 -0.018324 0.250151 -0.957961 0.066387 0.279111 -0.983307 0.029384 0.179566 -0.411218 -0.830789 -0.375085 
						-0.267068 -0.904406 -0.332754 -0.451853 -0.585096 -0.673417 -0.061535 -0.868818 -0.491294 -0.054389 -0.837876 -0.543144 -0.222066 -0.883443 -0.412571 -0.357098 -0.835339 -0.417959 -0.266157 -0.730658 -0.628728 -0.048603 -0.880439 -0.471661 -0.944164 -0.096373 0.315066 -0.983815 -0.004973 0.179120 -0.979156 -0.000118 0.203110 -0.979135 -0.000070 0.203212 -0.190857 -0.978947 -0.072359 -0.997481 -0.039856 0.058673 -0.229950 -0.938546 -0.257400 -0.238693 -0.960142 0.145440 0.108633 -0.938568 -0.327550 0.160286 -0.836917 -0.523335 -0.974718 -0.014312 0.222978 -0.979122 0.000020 0.203275 -0.979144 0.000127 0.203169 -0.355065 -0.836980 -0.416405 0.276856 -0.960140 0.038505 0.146334 -0.978948 -0.142294 -0.981858 0.023274 0.188184 -0.979860 0.024423 0.198185 -0.979190 -0.000017 0.202946 -0.979178 -0.000164 0.203003 0.865670 -0.056240 -0.497445 0.981593 -0.179900 0.064124 -0.975952 0.020380 0.217033 -0.973895 0.004971 0.226946 -0.979162 0.000148 0.203080 -0.979186 0.000078 0.202967 -0.984018 0.005382 0.177988 -0.979174 -0.000125 0.203025 -0.939681 -0.060432 0.336671 -0.983345 -0.011497 0.181386 -0.979148 -0.000131 0.203150 -0.979130 -0.000036 0.203235 -0.135145 -0.971203 0.196217 -0.994104 -0.078341 0.074968 -0.175015 -0.984538 0.007455 -0.185601 -0.897000 0.401178 0.163571 -0.984536 -0.062720 0.210932 -0.936825 -0.279045 -0.974078 -0.008158 0.226065 -0.979126 0.000065 0.203252 -0.979151 0.000150 0.203135 -0.304406 -0.936864 -0.172113 0.329876 -0.896989 0.294265 0.202053 -0.971198 0.126293 -0.983044 0.018170 0.182468 -0.981192 0.022106 0.191764 -0.979186 -0.000055 0.202965 -0.979166 -0.000138 0.203062 0.871278 -0.139920 -0.470421 0.989604 -0.100611 0.102769 -0.977206 0.023533 0.210984 -0.974365 0.011506 0.224677 -0.979170 0.000130 0.203044 -0.979189 0.000038 0.202952 -0.984117 -0.001868 0.177510 -0.979166 -0.000144 0.203060 
						-0.937191 -0.009471 0.348688 -0.982278 -0.018355 0.186528 -0.979140 -0.000102 0.203189 -0.979126 0.000015 0.203252 -0.069883 -0.856799 0.510894 -0.987113 -0.117480 0.108657 -0.106485 -0.935145 0.337882 -0.127788 -0.722094 0.679890 0.232110 -0.935117 0.267733 0.278646 -0.959227 0.047326 -0.973800 0.000362 0.227408 -0.979131 0.000120 0.203228 -0.979161 0.000135 0.203086 -0.236680 -0.959261 0.154278 0.387614 -0.722104 0.572993 0.267308 -0.856789 0.440976 -0.984047 0.009927 0.177633 -0.982582 0.016859 0.185064 -0.979179 -0.000093 0.202998 -0.979156 -0.000140 0.203111 0.884422 -0.228278 -0.407047 0.992899 0.008291 0.118673 -0.978938 0.024891 0.202636 -0.975434 0.018370 0.219525 -0.979178 0.000109 0.203001 -0.979192 -0.000016 0.202936 -0.983670 -0.010662 0.179666 -0.979156 -0.000144 0.203111 -0.937874 0.033016 0.345402 -0.981105 -0.022323 0.192185 -0.979135 -0.000072 0.203212 -0.979130 0.000056 0.203237 -0.025287 -0.687344 0.725891 -0.979705 -0.139025 0.144395 -0.056027 -0.811871 0.581142 -0.092059 -0.515127 0.852156 0.282556 -0.811838 0.510961 0.332102 -0.892513 0.305172 -0.974019 0.007275 0.226349 -0.979141 0.000144 0.203185 -0.979169 0.000134 0.203046 -0.183241 -0.892518 0.412110 0.423396 -0.515118 0.745244 0.311906 -0.687337 0.655959 -0.984400 0.002299 0.175933 -0.983389 0.011073 0.181173 -0.979175 -0.000131 0.203018 -0.979146 -0.000162 0.203160 0.899104 -0.280268 -0.336246 0.989870 0.096568 0.104075 -0.980343 0.023792 0.195860 -0.976608 0.022331 0.213867 -0.979183 0.000076 0.202977 -0.979187 -0.000055 0.202961 -0.982873 -0.016907 0.183510 -0.979148 -0.000130 0.203148 -0.941757 0.079893 0.326667 -0.979480 -0.024732 0.200021 -0.979129 -0.000032 0.203242 -0.979133 0.000106 0.203218 0.012731 -0.416245 0.909163 -0.969740 -0.150258 0.192425 -0.007989 -0.582595 0.812723 -0.066838 -0.217354 0.973802 
						0.330592 -0.582530 0.742541 0.387731 -0.721833 0.573255 -0.974779 0.014733 0.222684 -0.979151 0.000172 0.203134 -0.979177 0.000107 0.203007 -0.127617 -0.721819 0.680214 0.448643 -0.217354 0.866878 0.349918 -0.416241 0.839226 -0.984242 -0.006933 0.176689 -0.983876 0.003101 0.178824 -0.979164 -0.000134 0.203069 -0.979138 -0.000120 0.203198 0.919536 -0.312947 -0.237734 0.979964 0.191051 0.056296 -0.981851 0.020052 0.188589 -0.978229 0.024731 0.206052 -0.979188 0.000032 0.202955 -0.979183 -0.000103 0.202980 -0.981518 -0.022516 0.190043 -0.979140 -0.000107 0.203188 -0.947978 0.115412 0.296678 -0.977914 -0.024487 0.207566 -0.979129 0.000014 0.203240 -0.979142 0.000131 0.203175 0.029914 -0.122993 0.991957 -0.960316 -0.145659 0.237861 0.020493 -0.311562 0.950005 -0.062448 0.080763 0.994775 0.359068 -0.311492 0.879797 0.426362 -0.491286 0.759508 -0.975888 0.020160 0.217338 -0.979162 0.000176 0.203080 -0.979185 0.000080 0.202968 -0.088980 -0.491258 0.866457 0.452979 0.080765 0.887855 0.367096 -0.122988 0.922017 -0.983545 -0.014843 0.180052 -0.983828 -0.004632 0.179056 -0.979156 -0.000145 0.203111 -0.979134 -0.000074 0.203215 0.939447 -0.311994 -0.141775 0.965612 0.259667 -0.012902 -0.982954 0.014572 0.183271 -0.979795 0.024487 0.198502 -0.979186 -0.000013 0.202964 -0.979175 -0.000134 0.203018 -0.979988 -0.025495 0.197415 -0.979134 -0.000073 0.203215 -0.957663 0.142786 0.249990 -0.976201 -0.021223 0.215826 -0.979134 0.000060 0.203216 -0.979153 0.000153 0.203125 0.025728 0.234168 0.971856 -0.950259 -0.122519 0.286351 0.030570 0.042709 0.998620 -0.081251 0.418778 0.904446 0.369139 0.042767 0.928390 0.450855 -0.162341 0.877710 -0.977548 0.024050 0.209338 -0.979173 0.000149 0.203025 -0.979187 0.000026 0.202961 -0.064478 -0.162304 0.984632 0.434279 0.418793 0.797505 0.362926 0.234176 0.901913 
						-0.982153 -0.022243 0.186764 -0.983164 -0.013068 0.182258 -0.979145 -0.000129 0.203161 -0.979127 -0.000028 0.203249 0.961376 -0.272870 -0.036022 0.944318 0.308074 -0.115562 -0.983741 0.006401 0.179478 -0.981510 0.021216 0.190232 -0.979186 -0.000068 0.202963 -0.979164 -0.000149 0.203070 -0.978062 -0.025860 0.206702 -0.979130 -0.000025 0.203233 -0.966306 0.151169 0.208328 -0.975088 -0.016649 0.221191 -0.979139 0.000091 0.203193 -0.979162 0.000143 0.203082 0.004267 0.495862 0.868391 -0.943931 -0.092718 0.316855 0.019902 0.319966 0.947220 -0.112591 0.648016 0.753258 0.358469 0.320009 0.876980 0.452256 0.113958 0.884578 -0.978988 0.024886 0.202392 -0.979183 0.000131 0.202977 -0.979190 -0.000016 0.202947 -0.063057 0.114016 0.991476 0.402930 0.648021 0.646309 0.341464 0.495867 0.798448 -0.980736 -0.026038 0.193593 -0.982235 -0.018549 0.186737 -0.979139 -0.000105 0.203192 -0.979130 0.000015 0.203236 0.975757 -0.216308 0.033306 0.925921 0.317729 -0.204252 -0.983909 -0.000679 0.178667 -0.982622 0.016642 0.184870 -0.979180 -0.000096 0.202996 -0.979155 -0.000151 0.203112 -0.976602 -0.023733 0.213742 -0.979128 0.000016 0.203245 -0.334136 -0.743983 -0.578656 -0.312921 -0.829853 -0.461978 -0.961116 -0.176437 0.212431 -0.999618 -0.022925 -0.015438 -0.386759 -0.646642 -0.657474 0.159732 -0.890024 -0.427017 0.103342 -0.830109 -0.547941 0.076317 -0.743816 -0.664014 0.092536 -0.646708 -0.757104 -0.317279 -0.889774 -0.328079 0.946056 -0.320504 -0.047483 0.841759 0.039928 -0.538376 0.425125 0.670687 0.607821 0.360568 0.709883 0.605025 0.806875 0.578926 0.117459 0.805838 0.584064 0.097439 0.158294 0.741806 0.651664 0.196397 0.803914 0.561383 0.385709 0.629965 0.674072 0.209644 0.955229 -0.208776 0.346367 0.814303 0.465769 0.379529 0.719193 0.581996 0.300098 0.932516 -0.200884 -0.023432 0.950118 0.311009 
						-0.074864 0.949772 0.303856 -0.181915 0.904657 0.385361 0.079541 0.874863 0.477794 0.169279 0.891993 0.419158 0.325146 0.076675 0.942550 0.257925 0.106136 0.960317 0.328307 0.674780 0.660973 0.306346 0.680932 0.665195 0.240007 0.615189 0.750959 -0.352985 0.255920 0.899948 -0.254342 0.614544 0.746757 -0.243248 0.619301 0.746523 -0.423227 0.304191 0.853432 0.194466 0.754289 0.627082 0.037903 0.788961 0.613273 0.515258 0.536173 0.668601 0.414865 0.744828 0.522606 0.158885 0.730659 0.663997 0.500358 0.752837 0.427642 0.672141 0.534752 0.512120 0.438572 0.898139 0.031636 0.246885 0.955832 0.159478 0.109486 0.947045 0.301859 -0.075974 0.925995 0.369812 -0.030059 0.718486 0.694891 0.214263 0.848004 0.484749 0.058192 0.815103 0.576387 0.077524 0.688362 0.721213 0.140599 0.684409 0.715414 -0.045714 0.819763 0.570875 -0.079161 0.671693 0.736588 -0.921632 0.375583 -0.097633 -0.930491 0.363119 -0.048279 -0.837820 0.264846 -0.477404 -0.811964 -0.371152 -0.450511 -0.659470 0.746825 -0.085741 -0.997036 -0.002350 -0.076897 -0.142674 -0.720696 -0.678411 -0.295106 -0.870984 -0.392810 -0.926577 0.376026 -0.007695 -0.558656 -0.417103 -0.716888 0.267601 0.919631 0.287519 -0.009094 0.578207 0.815840 -0.981161 -0.035235 0.189950 -0.953315 -0.057232 0.296505 -0.969314 -0.149858 0.194869 -0.985037 -0.027868 0.170075 -0.972207 -0.034502 0.231567 -0.946068 0.020696 0.323308 -0.963275 -0.025930 0.267260 -0.954657 0.080019 0.286753 -0.960147 0.059764 0.273031 -0.968518 0.145659 0.201881 -0.985183 0.113222 0.128819 -0.969044 0.081955 0.232889 -0.996325 0.002564 0.085613 -0.981405 -0.099022 0.164433 -0.970973 -0.040430 0.235749 -0.985671 0.013846 0.168113 0.391101 0.724198 0.567959 0.374891 0.619385 0.689796 0.046421 0.528913 0.847406 0.185615 0.849884 0.493198 0.130006 0.849516 0.511293 
						0.307775 0.758548 0.574352 0.327349 0.663597 0.672667 0.090049 0.705334 0.703133 0.200487 0.856974 0.474763 0.107177 0.849419 0.516721 0.107178 0.849419 0.516721 0.107178 0.849418 0.516722 0.107178 0.849418 0.516722 0.107178 0.849418 0.516722 0.107179 0.849419 0.516721 0.107179 0.849418 0.516723 0.107178 0.849418 0.516722 0.107180 0.849417 0.516724 0.107178 0.849419 0.516721 0.107176 0.849419 0.516720 0.107178 0.849418 0.516723 0.107179 0.849418 0.516722 0.107177 0.849417 0.516725 0.107178 0.849418 0.516723 0.107180 0.849419 0.516721 0.107176 0.849418 0.516722 0.107177 0.849418 0.516722 0.107179 0.849419 0.516721 0.107179 0.849419 0.516721 0.107178 0.849418 0.516722 0.107177 0.849419 0.516721 0.107179 0.849416 0.516725 0.107178 0.849418 0.516723 0.107178 0.849419 0.516721 0.107179 0.849417 0.516724 0.107177 0.849421 0.516718 0.107178 0.849420 0.516720 0.107179 0.849417 0.516723 0.107180 0.849416 0.516725 0.107179 0.849416 0.516726 0.107176 0.849418 0.516723 0.107177 0.849420 0.516719 0.107179 0.849419 0.516720 0.107179 0.849417 0.516723 0.107178 0.849417 0.516723 0.107177 0.849419 0.516720 0.107179 0.849419 0.516720 0.107178 0.849418 0.516722 0.107178 0.849419 0.516721 -0.118442 -0.812352 -0.571013 -0.118442 -0.812348 -0.571019 -0.118440 -0.812349 -0.571018 -0.118441 -0.812347 -0.571019 -0.118440 -0.812351 -0.571014 -0.118441 -0.812347 -0.571021 -0.118440 -0.812350 -0.571017 -0.118440 -0.812350 -0.571017 -0.118439 -0.812351 -0.571015 -0.118438 -0.812353 -0.571012 -0.118442 -0.812347 -0.571020 -0.118444 -0.812341 -0.571029 -0.118442 -0.812349 -0.571017 -0.118441 -0.812350 -0.571016 -0.118441 -0.812341 -0.571029 -0.118440 -0.812350 -0.571017 -0.118440 -0.812350 -0.571016 -0.118440 -0.812348 -0.571019 -0.118441 -0.812348 -0.571019 -0.118441 -0.812347 -0.571020 
						-0.118440 -0.812348 -0.571019 -0.118441 -0.812347 -0.571020 -0.118441 -0.812349 -0.571018 -0.118440 -0.812347 -0.571020 -0.118441 -0.812347 -0.571020 -0.118441 -0.812347 -0.571020 -0.118441 -0.812347 -0.571020 -0.118440 -0.812354 -0.571011 -0.118440 -0.812352 -0.571013 -0.118439 -0.812348 -0.571019 -0.118441 -0.812345 -0.571023 -0.118441 -0.812348 -0.571019 -0.118440 -0.812352 -0.571013 -0.118441 -0.812349 -0.571018 -0.118439 -0.812351 -0.571015 -0.118438 -0.812352 -0.571013 -0.118441 -0.812349 -0.571017 -0.118440 -0.812350 -0.571016 -0.118437 -0.812352 -0.571014 -0.118441 -0.812351 -0.571014 0.802935 0.309100 -0.509659 0.099903 0.673296 -0.732592 0.080333 0.556365 -0.827046 0.794400 0.255234 -0.551166 0.813024 0.356174 -0.460578 0.122942 0.773839 -0.621336 0.824426 0.395278 -0.405065 0.148870 0.855431 -0.496059 -0.986095 0.143812 0.083272 -0.399005 0.767022 -0.502466 -0.373065 0.847464 -0.377660 -0.981461 0.160028 0.105474 -0.990192 0.124381 0.063635 -0.422040 0.667577 -0.613371 -0.993549 0.102940 0.047579 -0.441599 0.551668 -0.707568 0.836890 0.425490 -0.344346 0.177071 0.916095 -0.359744 -0.344844 0.906943 -0.241943 -0.976480 0.172549 0.129279 0.850121 0.446079 -0.279835 0.206837 0.954274 -0.215824 -0.315069 0.943915 -0.098776 -0.971112 0.181474 0.154945 0.863835 0.456573 -0.212908 0.237439 0.969033 -0.067800 -0.284465 0.957469 0.048310 -0.965438 0.186456 0.182111 0.877691 0.456701 -0.145201 0.268122 0.960003 0.080657 -0.253790 0.947265 0.195651 -0.959809 0.187382 0.208936 0.891392 0.446444 -0.078150 0.298132 0.927397 0.225946 -0.223815 0.913544 0.339624 -0.954090 0.184121 0.236247 0.904620 0.426012 -0.013298 0.326730 0.872028 0.364438 -0.195287 0.857162 0.476589 -0.948518 0.176750 0.262817 0.917056 0.395878 0.047848 0.353205 0.795276 0.492730 -0.168906 0.779534 0.603157 -0.943225 0.165458 0.288009 
						0.928404 0.356759 0.103871 0.376911 0.699015 0.607714 -0.145325 0.682573 0.716222 -0.938451 0.151383 0.310472 0.938418 0.309496 0.153573 0.397255 0.585719 0.706485 -0.125137 0.568789 0.812908 -0.933897 0.132063 0.332260 0.946842 0.255262 0.195782 0.413747 0.458172 0.786697 -0.108827 0.440973 0.890898 -0.930084 0.111078 0.350150 0.953487 0.195314 0.229598 0.425982 0.319577 0.846410 -0.096798 0.302383 0.948259 -0.926920 0.087958 0.364806 0.958175 0.131298 0.254288 0.433667 0.173594 0.884193 -0.089335 0.156669 0.983603 -0.924448 0.062405 0.376167 0.960779 0.065249 0.269530 0.436629 0.024509 0.899308 -0.086576 0.008113 0.996212 -0.922672 0.036613 0.383844 0.961099 0.002333 0.276193 0.434914 -0.119599 0.892494 -0.088293 -0.136031 0.986762 -0.921184 0.014206 0.388869 0.958022 -0.032257 0.284875 0.429535 -0.233730 0.872278 -0.092507 -0.256148 0.962201 -0.918651 0.000485 0.395070 0.939507 0.025770 0.341559 0.422282 -0.272360 0.864580 -0.093179 -0.324340 0.941340 -0.913272 -0.004832 0.407323 0.883305 0.120561 0.453030 0.411322 -0.296598 0.861884 -0.085436 -0.350234 0.932758 -0.911291 -0.030160 0.410657 0.324302 -0.846107 0.423003 0.790273 -0.598099 -0.133214 0.847410 -0.519267 -0.110712 0.321467 -0.869957 0.373945 -0.942160 -0.205535 0.264744 -0.165538 -0.812191 0.559412 -0.180571 -0.832610 0.523598 -0.947561 -0.198264 0.250640 0.892827 -0.447895 -0.047443 0.321877 -0.880147 0.348908 -0.195417 -0.861219 0.469164 -0.949646 -0.183431 0.254019 0.889254 -0.449997 -0.082033 0.300557 -0.922592 0.241848 -0.219143 -0.907597 0.358112 -0.954454 -0.186770 0.232670 0.877218 -0.458159 -0.143457 0.272089 -0.956685 0.103547 -0.247868 -0.943365 0.220508 -0.959832 -0.188771 0.207576 0.863914 -0.458057 -0.209371 0.241883 -0.969363 -0.042763 -0.278148 -0.957596 0.075119 -0.965415 -0.187476 0.181179 
						0.850511 -0.448120 -0.275353 0.211451 -0.958723 -0.190100 -0.308669 -0.948482 -0.071448 -0.970890 -0.182407 0.155245 0.837446 -0.428292 -0.339484 0.181647 -0.924760 -0.334401 -0.338585 -0.916016 -0.215117 -0.976121 -0.173707 0.130438 0.825057 -0.398906 -0.400193 0.153235 -0.868192 -0.471976 -0.367133 -0.860909 -0.352206 -0.981195 -0.161158 0.106231 0.813650 -0.360584 -0.456018 0.126938 -0.790373 -0.599330 -0.393594 -0.784499 -0.479214 -0.985880 -0.144951 0.083839 0.803502 -0.314162 -0.505655 0.103407 -0.693175 -0.713313 -0.417304 -0.688636 -0.592990 -0.989837 -0.126458 0.065046 0.794846 -0.260650 -0.547980 0.083229 -0.578947 -0.811106 -0.437669 -0.575700 -0.690662 -0.993440 -0.103893 0.047773 0.787899 -0.201337 -0.581961 0.066914 -0.450565 -0.890232 -0.454180 -0.448504 -0.769783 -0.996175 -0.080168 0.034756 0.782812 -0.137474 -0.606882 0.054857 -0.311118 -0.948787 -0.466422 -0.310188 -0.828392 -0.998203 -0.054424 0.025095 0.779708 -0.070655 -0.622144 0.047363 -0.164152 -0.985297 -0.474096 -0.164261 -0.865015 -0.999437 -0.027482 0.019227 0.778645 -0.002345 -0.627460 0.044599 -0.013212 -0.998918 -0.477015 -0.014302 -0.878779 -0.999850 -0.000594 0.017304 0.779638 0.065756 -0.622769 0.046630 0.137857 -0.989354 -0.475112 0.135876 -0.869371 -0.999443 0.027245 0.019293 0.782643 0.132257 -0.608258 0.053391 0.285422 -0.956914 -0.468452 0.282529 -0.837096 -0.998252 0.053545 0.025025 0.787594 0.195850 -0.584242 0.064711 0.426024 -0.902395 -0.457195 0.422250 -0.782737 -0.996310 0.078662 0.034332 0.502538 -0.657067 0.561888 0.989254 -0.106978 -0.099660 0.992769 -0.086979 -0.082730 0.522601 -0.541451 0.658574 0.478879 -0.754991 0.447954 0.985068 -0.123655 -0.119796 0.452265 -0.832554 0.319859 0.980342 -0.136469 -0.142501 0.259302 0.748210 -0.610691 0.949823 0.117888 -0.289723 0.953450 0.129844 -0.272166 0.284575 0.824769 -0.488643 
						0.236775 0.652967 -0.719425 0.946573 0.103489 -0.305432 0.217554 0.541389 -0.812138 0.943766 0.086932 -0.318980 0.423405 -0.887675 0.181001 0.975210 -0.145029 -0.167129 0.957375 0.139113 -0.253144 0.311961 0.880731 -0.356361 0.393073 -0.918837 0.035096 0.969826 -0.149043 -0.192935 0.961511 0.145524 -0.233066 0.340764 0.914720 -0.217181 0.362071 -0.925158 -0.113961 0.964347 -0.148342 -0.219155 0.965773 0.148970 -0.212344 0.370261 0.925929 -0.074580 0.331240 -0.906411 -0.262106 0.958946 -0.142893 -0.244956 0.970076 0.149410 -0.191385 0.399714 0.914123 0.067887 0.301424 -0.863044 -0.405337 0.953790 -0.132811 -0.269529 0.974335 0.146859 -0.170600 0.428397 0.879638 0.206672 0.273414 -0.796154 -0.539800 0.949033 -0.118333 -0.292121 0.978460 0.141402 -0.150402 0.455594 0.823382 0.338342 0.247972 -0.707454 -0.661830 0.944825 -0.099832 -0.311993 0.982379 0.133160 -0.131148 0.480642 0.746777 0.459682 0.225782 -0.599181 -0.768117 0.941303 -0.077778 -0.328482 0.986034 0.122228 -0.113121 0.502964 0.651575 0.567870 0.207466 -0.474093 -0.855683 0.938596 -0.052825 -0.340949 0.989401 0.108513 -0.096495 0.522075 0.539557 0.660542 0.193571 -0.335625 -0.921892 0.936840 -0.025969 -0.348794 0.992459 0.091576 -0.081478 0.537545 0.412359 0.735531 0.184521 -0.187839 -0.964712 0.936114 0.001603 -0.351693 0.995098 0.071123 -0.068706 0.548866 0.272277 0.790324 0.180543 -0.033930 -0.982982 0.936347 0.030003 -0.349791 0.997022 0.049293 -0.059315 0.555403 0.125532 0.822052 0.181828 0.130546 -0.974626 0.937269 0.066709 -0.342165 0.997903 0.037648 -0.052653 0.556893 -0.009072 0.830534 0.189540 0.314408 -0.930173 0.938841 0.124548 -0.321039 0.997782 0.053554 -0.039533 0.554336 -0.105484 0.825581 0.201051 0.434193 -0.878097 0.943291 0.136476 -0.302616 0.998704 0.043484 -0.026447 0.548857 -0.208954 0.809379 
						0.199192 0.410380 -0.889893 0.938812 0.051028 -0.340628 0.998236 -0.032356 -0.049776 0.539273 -0.362697 0.760023 0.180722 0.366768 -0.912590 0.932668 0.038755 -0.358647 0.996453 -0.059670 -0.059337 0.527164 -0.464160 0.711796 0.953886 0.176200 -0.243011 0.252597 0.780076 -0.572430 0.261617 0.767391 -0.585379 0.951810 0.127173 -0.279077 0.481060 -0.725362 0.492372 0.989721 -0.104982 -0.097116 0.975897 -0.154544 -0.154083 0.469281 -0.777144 0.419312 0.255211 0.743309 -0.618352 0.932350 0.078641 -0.352901 0.957282 -0.186053 -0.221350 0.438608 -0.855439 0.275405 0.276799 0.813814 -0.510969 0.935446 0.102845 -0.338177 0.959722 -0.169519 -0.224046 0.419822 -0.890433 0.175723 0.313730 0.886625 -0.339809 0.949627 0.133110 -0.283708 0.965689 -0.154197 -0.208967 0.401807 -0.912031 0.082161 0.346627 0.919952 -0.183137 0.957507 0.145907 -0.248781 0.963653 -0.150158 -0.220967 0.374648 -0.925821 -0.049945 0.378226 0.925171 -0.031671 0.963298 0.151538 -0.221571 0.958954 -0.144965 -0.243707 0.344198 -0.917997 -0.196999 0.409407 0.904704 0.117884 0.968956 0.152260 -0.194784 0.954341 -0.136045 -0.265940 0.314328 -0.885851 -0.341270 0.439464 0.859196 0.262018 0.974605 0.147993 -0.168056 0.950382 -0.124184 -0.285224 0.286381 -0.831254 -0.476448 0.467489 0.790122 0.396436 0.980011 0.138856 -0.142469 0.947041 -0.110106 -0.301645 0.260878 -0.756329 -0.599925 0.492725 0.699595 0.517483 0.984954 0.125277 -0.119046 0.944216 -0.094104 -0.315594 0.238210 -0.662965 -0.709742 0.514531 0.590210 0.622021 0.989275 0.107811 -0.098550 0.941878 -0.076353 -0.327165 0.218819 -0.553252 -0.803760 0.532346 0.465008 0.707372 0.992854 0.087109 -0.081565 0.940046 -0.057076 -0.336236 0.203149 -0.429737 -0.879805 0.545716 0.327429 0.771352 0.995602 0.063876 -0.068531 0.938765 -0.036600 -0.342609 0.191592 -0.295397 -0.935966 
						0.554306 0.181152 0.812360 0.997458 0.038808 -0.059755 0.938074 -0.015344 -0.346096 0.184456 -0.153593 -0.970765 0.557899 0.030048 0.829365 0.998382 0.012634 -0.055440 0.937997 0.006229 -0.346587 0.181931 -0.007893 -0.983280 0.556412 -0.121787 0.821933 0.998353 -0.013821 -0.055683 0.938542 0.027686 -0.344054 0.184081 0.138063 -0.973166 0.549895 -0.270223 0.790313 0.997381 -0.039722 -0.060435 0.939702 0.048605 -0.338523 0.190863 0.280647 -0.940643 0.538527 -0.411337 0.735385 0.995503 -0.064332 -0.069534 0.941457 0.068505 -0.330099 0.202117 0.416231 -0.886510 0.975135 -0.018194 -0.220864 0.973361 -0.018761 -0.228508 0.971464 -0.017129 -0.236566 0.969547 -0.013237 -0.244546 0.967693 -0.007111 -0.252032 0.966039 0.001165 -0.258394 0.964627 0.011381 -0.263373 0.963586 0.023240 -0.266387 0.962992 0.036343 -0.267069 0.962889 0.050252 -0.265177 0.963283 0.064584 -0.260605 0.964252 0.078645 -0.253047 0.965763 0.092002 -0.242565 0.967802 0.104095 -0.229182 0.970272 0.114807 -0.213054 0.973085 0.124197 -0.194116 0.975878 0.135469 -0.171201 0.975434 0.178726 -0.128782 0.942228 0.334776 0.011424 0.787497 0.536604 0.303158 0.649010 -0.502351 -0.571340 0.850879 -0.241440 -0.466596 0.940917 -0.079285 -0.329226 0.955415 -0.037291 -0.292902 0.958675 -0.018721 -0.283887 0.960826 -0.004581 -0.277114 0.962996 0.006920 -0.269426 0.965280 0.015902 -0.260733 0.967621 0.022369 -0.251414 0.969942 0.026369 -0.241902 0.972168 0.027988 -0.232609 0.974201 0.027440 -0.224008 0.975981 0.024908 -0.216427 0.977419 0.020788 -0.210287 0.978471 0.015319 -0.205813 0.979084 0.008956 -0.203259 0.979214 0.001979 -0.202822 0.978835 -0.004874 -0.204592 0.977973 -0.010942 -0.208446 0.976710 -0.015496 -0.214005 0.143006 -0.710064 0.689463 0.117382 -0.816050 0.565936 -0.119788 0.807539 -0.577522 -0.144054 0.704919 -0.694506 
						0.088569 -0.899887 0.427035 -0.092559 0.890112 -0.446243 0.057340 -0.959312 0.276463 -0.063051 0.950594 -0.303968 0.024532 -0.992679 0.118262 -0.032000 0.987511 -0.154265 -0.008986 -0.999022 -0.043303 -0.000175 1.000000 -0.000857 -0.042287 -0.978096 -0.203814 0.031624 0.987804 0.152454 -0.074445 -0.930405 -0.358894 0.062613 0.951290 0.301873 -0.104611 -0.857145 -0.504341 0.092038 0.891419 0.443736 -0.131957 -0.760179 -0.636172 0.119185 0.809698 0.574616 -0.155733 -0.641921 -0.750790 0.143444 0.707928 0.691564 -0.175261 -0.505329 -0.844942 0.164312 0.587774 0.792164 -0.189934 -0.354154 -0.915696 0.181315 0.450558 0.874141 -0.199276 -0.193020 -0.960746 0.193846 0.298367 0.934559 -0.203028 -0.025614 -0.978838 0.201139 0.138547 0.969716 -0.200682 0.153755 -0.967516 0.203095 -0.004939 0.979147 -0.189827 0.355552 -0.915177 0.202091 -0.099388 0.974311 -0.178593 0.476167 -0.861028 0.199039 -0.198877 0.959600 -0.185024 0.412376 -0.892027 0.189839 -0.355366 0.915246 -0.192777 0.314652 -0.929425 0.182383 -0.439971 0.879296 -0.092628 0.889931 -0.446591 -0.110127 0.840221 -0.530944 0.102743 -0.862602 0.495341 0.120638 -0.804466 0.581619 -0.123597 0.793526 -0.595853 0.072363 -0.934372 0.348874 -0.100436 0.869167 -0.484212 0.052931 -0.965442 0.255187 -0.061349 0.953293 -0.295751 0.034392 -0.985558 0.165807 -0.025898 0.991837 -0.124854 0.005593 -0.999621 0.026961 0.008269 0.999172 0.039835 -0.027555 -0.990753 -0.132847 0.042038 0.978348 0.202653 -0.060158 -0.955125 -0.290029 0.074609 0.930086 0.359686 -0.090522 -0.895179 -0.436417 0.104976 0.856052 0.506118 -0.118087 -0.813593 -0.569318 0.132333 0.758583 0.637996 -0.142512 -0.712476 -0.687072 0.155971 0.640527 0.751930 -0.163386 -0.593998 -0.787700 0.175277 0.505201 0.845015 -0.180250 -0.460801 -0.869007 0.189767 0.356359 0.914875 -0.192688 -0.316048 -0.928970 
						0.199079 0.198007 0.959771 -0.200371 -0.163327 -0.966010 0.202978 0.034343 0.978581 -0.203094 -0.006468 -0.979138 0.201370 -0.130158 0.970829 -0.200779 0.150638 -0.967986 0.194306 -0.290986 0.936788 -0.193477 0.304108 -0.932783 0.181987 -0.443876 0.877414 -0.181366 0.450042 -0.874396 0.164737 -0.584837 0.794246 -0.164751 0.584772 -0.794291 0.892346 -0.412594 0.182989 0.735324 0.360401 -0.573942 0.731522 0.375585 -0.569044 0.860550 -0.506609 0.052923 0.909516 -0.321899 0.262986 0.729272 0.317701 -0.605994 0.767563 0.483350 -0.420975 0.866657 -0.495659 0.056815 0.779747 0.512012 -0.360331 0.845785 -0.531873 -0.041927 -0.789875 -0.527247 0.313221 -0.817239 -0.550755 0.169673 -0.848601 0.528741 0.017611 0.809432 0.545267 -0.217953 0.817580 0.547162 -0.179378 0.812987 -0.546323 -0.201454 0.829315 0.545961 -0.119008 0.789223 -0.528798 -0.312250 0.849905 0.526481 -0.021878 0.775238 -0.503230 -0.381793 0.869338 0.489198 0.070260 0.762053 -0.468571 -0.446897 0.885827 0.439367 0.149223 0.748772 -0.421502 -0.511543 0.893516 0.406457 0.190845 0.730360 -0.334115 -0.595769 0.910295 0.316039 0.267360 0.724893 -0.286549 -0.626435 0.919453 0.239905 0.311530 0.716841 -0.208622 -0.665294 0.925839 0.159774 0.342482 0.711250 -0.122917 -0.692109 0.929654 0.074341 0.360856 0.708636 -0.035198 -0.704695 0.930652 -0.012975 0.365675 0.708909 0.053391 -0.703276 0.928974 -0.091883 0.358559 0.712289 0.148528 -0.685992 -0.925043 0.164943 -0.342182 -0.917225 0.254708 -0.306305 -0.712445 -0.162053 0.682760 -0.909150 0.321059 -0.265269 -0.718769 -0.241665 0.651896 -0.904733 0.352006 -0.239897 -0.720241 -0.284375 0.632759 -0.742839 -0.409819 0.529376 -0.903371 0.359782 -0.233406 -0.896220 0.395380 -0.201158 -0.751586 -0.433877 0.496860 0.866706 -0.491299 0.086296 0.860807 -0.507281 0.040940 0.746272 0.426282 -0.511236 
						-0.882547 0.450275 -0.135509 -0.872095 0.342675 -0.349319 -0.794453 -0.606887 0.023077 0.840302 -0.539483 -0.053393 0.836011 -0.541541 -0.088425 0.787395 0.525092 -0.322936 0.822684 -0.546974 -0.154955 0.809361 0.544854 -0.219245 0.805633 -0.542765 -0.237405 0.828058 0.545518 -0.129341 0.788177 -0.524755 -0.321571 0.845762 0.531745 -0.043973 0.771596 -0.493389 -0.401506 0.862857 0.503982 0.038460 0.756014 -0.448656 -0.476603 0.878586 0.463701 0.114317 0.741618 -0.390002 -0.545803 0.892309 0.413679 0.180705 0.730678 -0.327768 -0.598897 0.905614 0.346534 0.244493 0.721631 -0.257230 -0.642714 0.916272 0.270188 0.295711 0.714696 -0.178695 -0.676223 0.923995 0.188154 0.332914 0.710257 -0.094056 -0.697631 0.928796 0.102738 0.356067 0.708625 -0.010178 -0.705511 0.930759 0.011444 0.365453 0.709743 0.077949 -0.700135 0.929703 -0.076176 0.360347 0.713641 0.162989 -0.681286 0.925742 -0.162847 0.341295 0.719833 0.239912 -0.651370 0.918577 -0.249216 0.306769 -0.985273 0.016237 0.170216 -0.984863 0.020824 0.172078 -0.983850 -0.012462 0.178562 -0.982807 -0.013914 0.184113 -0.984530 0.024880 0.173441 -0.984945 -0.009660 0.172596 -0.984841 0.028433 0.171112 -0.986066 -0.005302 0.166271 -0.983891 0.033280 0.175647 -0.986778 0.000856 0.162078 -0.983393 0.038013 0.177465 -0.987414 0.008429 0.157932 -0.982701 0.042992 0.180140 -0.987719 0.017328 0.155275 -0.981651 0.047563 0.184658 -0.987616 0.027169 0.154521 -0.979974 0.049524 0.192869 -0.986891 0.036454 0.157216 -0.979075 0.056165 0.195597 -0.986139 0.048829 0.158574 -0.977398 0.058802 0.203065 -0.984608 0.058744 0.164608 -0.975532 0.059267 0.211719 -0.982640 0.067777 0.172697 -0.973631 0.060024 0.220088 -0.980227 0.077004 0.182278 -0.971604 0.059958 0.228892 -0.977386 0.083912 0.194103 -0.969643 0.056024 0.238021 -0.974918 0.081112 0.207259 
						-0.968300 0.045691 0.245574 -0.975917 0.046476 0.213133 -0.967949 0.030469 0.249293 -0.980249 -0.014860 0.197208 -0.967220 0.021662 0.253016 -0.981864 -0.025574 0.187856 -0.969265 0.001280 0.246015 -0.985140 -0.044106 0.165994 -0.977282 -0.045505 0.207001 -0.976528 -0.034572 0.212598 -0.967528 0.040610 0.249480 -0.974281 0.025128 0.223931 -0.978266 -0.037626 0.203911 -0.967210 0.030474 0.252145 -0.980677 -0.039933 0.191515 -0.977625 0.002973 0.210332 -0.983747 -0.039889 0.175073 -0.987455 -0.010404 0.157556 -0.984817 -0.034768 0.170076 -0.988761 -0.003274 0.149469 -0.985648 -0.029077 0.166291 -0.988214 0.005162 0.152994 -0.986086 -0.023361 0.164586 -0.987114 0.011869 0.159577 -0.985934 -0.018915 0.166061 -0.985751 0.016342 0.167418 -0.986380 -0.012906 0.163975 -0.984703 0.020195 0.173066 -0.985968 -0.010267 0.166619 -0.983172 0.020224 0.181558 -0.985798 -0.007176 0.167784 -0.982037 0.020112 0.187614 -0.985702 -0.003797 0.168455 -0.980976 0.018135 0.193281 -0.985524 -0.001578 0.169527 -0.980106 0.014759 0.197928 -0.985436 0.002138 0.170034 -0.979521 0.011575 0.201010 -0.985286 0.003255 0.170884 -0.979165 0.005897 0.202979 -0.985202 0.004982 0.171325 -0.979123 0.001231 0.203267 -0.985051 0.008580 0.172050 -0.979336 -0.002868 0.202219 -0.985063 0.009709 0.171923 -0.979927 -0.007951 0.199198 -0.984879 0.013112 0.172749 -0.980626 -0.010593 0.195602 -0.984982 0.014674 0.172035 -0.981665 -0.013164 0.190161 -0.969384 -0.068065 0.235929 -0.967160 -0.061190 0.246691 -0.971856 -0.073088 0.223953 -0.975034 -0.076875 0.208323 -0.978077 -0.077231 0.193392 -0.980454 -0.074756 0.181994 -0.983599 -0.069653 0.166378 -0.985934 -0.062513 0.155003 -0.988021 -0.053365 0.144799 -0.989988 -0.041441 0.134929 -0.991662 -0.026365 0.126140 -0.992126 -0.015515 0.124278 -0.992622 0.001104 0.121244 -0.992421 0.017533 0.121628 
						-0.991583 0.033146 0.125160 -0.990028 0.050190 0.131624 -0.987539 0.068051 0.141903 -0.982728 0.093470 0.159717 -0.979106 0.101418 0.176252 -0.981222 0.082377 0.174408 -0.992616 0.025842 0.118511 -0.994604 -0.002267 0.103724 -0.989229 0.048190 0.138218 -0.988065 0.056684 0.143226 -0.985799 0.065997 0.154419 -0.982832 0.073257 0.169337 -0.979531 0.077266 0.185872 -0.976293 0.077984 0.201917 -0.973490 0.076423 0.215585 -0.970712 0.072114 0.229169 -0.967907 0.064158 0.242980 -0.966033 0.057447 0.251953 -0.963974 0.045348 0.262101 -0.962532 0.033004 0.269151 -0.961559 0.019152 0.273929 -0.961127 0.004081 0.276077 -0.961228 -0.009202 0.275601 -0.961937 -0.024433 0.272177 -0.963210 -0.038491 0.265978 -0.964823 -0.049734 0.258153 -0.756600 -0.450520 0.473907 -0.742840 -0.395367 0.540253 -0.899354 0.381197 -0.214130 -0.886949 0.435193 -0.154689 -0.910195 0.317250 -0.266267 -0.730351 -0.325155 0.600717 -0.771986 -0.494168 0.399794 -0.871584 0.483590 -0.080512 -0.855349 0.518046 -0.002316 -0.825073 -0.546463 0.143637 -0.821474 0.547181 0.160541 -0.843911 -0.533925 0.052329 -0.804208 0.542193 0.243468 -0.860905 -0.507903 -0.029628 -0.787245 0.524124 0.324867 -0.876924 -0.468604 -0.106836 -0.770713 0.492338 0.404481 -0.891916 -0.415093 -0.179399 -0.754865 0.445519 0.481343 -0.905138 -0.348274 -0.243783 -0.742321 0.395785 0.540661 -0.914925 -0.280388 -0.290338 -0.730343 0.329258 0.598489 -0.923104 -0.196776 -0.330390 -0.720789 0.255127 0.644495 -0.928231 -0.109634 -0.355481 -0.713802 0.175820 0.677919 -0.930371 -0.019481 -0.366102 -0.709431 0.092965 0.698616 -0.929343 0.073358 -0.361856 -0.707790 0.005539 0.706401 -0.709421 -0.087967 0.699274 -0.767667 -0.485415 0.418402 -0.849910 0.526457 0.022270 -0.800824 -0.539865 0.259281 -0.831434 0.544227 0.111952 -0.817558 -0.547244 0.179230 -0.812519 0.546187 0.203700 
						-0.835326 -0.541727 0.093605 -0.794202 0.532748 0.292271 -0.852615 -0.522438 0.010302 -0.777013 0.505471 0.375167 -0.868480 -0.491327 -0.065881 -0.760736 0.464052 0.453801 -0.884130 -0.445314 -0.141457 -0.745874 0.409061 0.525681 -0.897006 -0.392591 -0.203108 -0.733854 0.347836 0.583497 -0.908482 -0.328569 -0.258270 -0.723241 0.271722 0.634894 -0.917878 -0.255694 -0.303514 -0.715534 0.190436 0.672120 -0.924763 -0.177421 -0.336652 -0.710594 0.103172 0.695997 -0.929164 -0.092648 -0.357871 -0.708635 0.012915 0.705457 -0.930769 -0.008379 -0.365511 -0.709673 -0.075550 0.700469 -0.929677 0.077080 -0.360221 -0.713764 -0.164944 0.680687 -0.925743 0.162841 -0.341297 -0.720784 -0.249283 0.646783 -0.919386 0.241310 -0.310642 -0.233957 0.802421 -0.548985 -0.258142 0.700310 -0.665529 -0.206809 0.884506 -0.418186 -0.177383 0.944523 -0.276428 -0.146416 0.981003 -0.127264 -0.114680 0.993073 0.025571 -0.082969 0.980479 0.178260 -0.052071 0.943586 0.327009 -0.022749 0.883362 0.468139 0.004287 0.801305 0.598240 0.028430 0.699162 0.714398 0.049176 0.578485 0.814209 0.066025 0.440528 0.895308 0.078325 0.287573 0.954551 0.085306 0.127614 0.988149 0.087052 -0.014966 0.996091 0.086422 -0.110558 0.990105 0.084278 -0.207106 0.974682 0.075058 -0.359487 0.930126 0.066795 -0.461115 0.884823 -0.009595 -0.852373 0.522846 0.008234 -0.798670 0.601713 -0.039391 -0.924611 0.378871 -0.058867 -0.955196 0.290060 -0.078374 -0.976904 0.198787 -0.107381 -0.992443 0.059381 -0.140603 -0.984931 -0.100702 -0.173293 -0.950416 -0.258223 -0.203738 -0.891391 -0.404861 -0.231373 -0.810646 -0.537885 -0.255857 -0.710350 -0.655698 -0.276791 -0.592668 -0.756393 -0.293721 -0.460227 -0.837806 -0.306227 -0.316221 -0.897903 -0.313981 -0.164211 -0.935121 -0.316779 -0.008037 -0.948466 -0.314541 0.148410 -0.937571 -0.307319 0.301233 -0.902670 -0.295290 0.446551 -0.844628 
						-0.278758 0.580701 -0.764905 -0.986594 0.041535 0.157817 -0.985596 0.046621 0.162566 -0.980237 -0.003897 0.197791 -0.979642 -0.002407 0.200738 -0.984494 0.051246 0.167764 -0.980927 -0.004464 0.194327 -0.983296 0.055388 0.173380 -0.981670 -0.003983 0.190545 -0.982005 0.059028 0.179392 -0.982416 -0.002367 0.186691 -0.980623 0.062143 0.185784 -0.983112 0.000420 0.183006 -0.979157 0.064707 0.192521 -0.983707 0.004372 0.179727 -0.977609 0.066697 0.199580 -0.984156 0.009461 0.177052 -0.975979 0.068088 0.206951 -0.984413 0.015661 0.175174 -0.974238 0.068703 0.214802 -0.984360 0.022619 0.174712 -0.972304 0.067713 0.223696 -0.983739 0.028358 0.177350 -0.970110 0.062900 0.234373 -0.982288 0.027214 0.185392 -0.967790 0.050768 0.246587 -0.979990 0.009717 0.198808 -0.965808 0.029537 0.257571 -0.976957 -0.031152 0.211152 -0.964828 0.007483 0.262775 -0.974273 -0.080801 0.210389 -0.964240 0.018735 0.264369 -0.978078 -0.061088 0.199076 -0.952233 0.106421 0.286229 -0.965258 0.125572 0.229147 -0.917199 0.206097 0.340984 -0.888294 0.329577 0.319864 -0.893143 0.220503 0.392013 -0.839925 0.366221 0.400510 -0.892860 0.173457 0.415588 -0.819017 0.337951 0.463682 -0.969075 -0.234316 0.077387 -0.975902 -0.214814 0.038352 -0.943854 -0.291817 -0.154862 -0.944735 -0.317834 -0.080357 -0.984594 -0.171833 0.032375 -0.969074 -0.202385 -0.141195 -0.988770 -0.104855 0.106485 -0.996860 -0.062008 0.049248 -0.978270 -0.064616 0.197007 -0.967120 0.011766 0.254046 -0.975098 -0.061255 0.213146 -0.957430 0.005299 0.288617 -0.979769 -0.060854 0.190656 -0.969235 -0.004474 0.246097 -0.984482 -0.054162 0.166918 -0.979110 -0.000064 0.203331 -0.987395 -0.044409 0.151919 -0.983414 0.010097 0.181092 -0.988874 -0.034860 0.144610 -0.984151 0.017949 0.176419 -0.989577 -0.026469 0.141551 -0.983368 0.021335 0.180369 -0.989933 -0.018834 0.140276 
						-0.982229 0.021638 0.186435 -0.990116 -0.011432 0.139784 -0.981177 0.020444 0.192026 -0.990158 -0.004090 0.139894 -0.980304 0.018437 0.196632 -0.990058 0.003167 0.140624 -0.979620 0.015818 0.200237 -0.989815 0.010262 0.141989 -0.979131 0.012718 0.202833 -0.989432 0.017141 0.143982 -0.978845 0.009340 0.204388 -0.988911 0.023770 0.146592 -0.978764 0.005928 0.204903 -0.988259 0.030087 0.149797 -0.978880 0.002702 0.204417 -0.987484 0.036015 0.153550 -0.979180 -0.000147 0.202993 -0.781544 0.508875 -0.360881 -0.796490 0.422111 -0.432928 -0.764017 0.582985 -0.276416 -0.744345 0.642619 -0.181636 -0.723023 0.686302 -0.078911 -0.700580 0.712976 0.029192 -0.677572 0.722012 0.139983 -0.654572 0.713219 0.250705 -0.632149 0.686860 0.358623 -0.610848 0.643634 0.461086 -0.591169 0.584568 0.555698 -0.573531 0.510697 0.640509 -0.558292 0.422636 0.713925 -0.545871 0.320640 0.774089 -0.536864 0.206355 0.818043 -0.531911 0.088008 0.842215 -0.530454 -0.009616 0.847659 -0.527291 -0.059792 0.847579 -0.520737 -0.108065 0.846850 -0.523672 -0.211465 0.825257 -0.532947 -0.323220 0.781982 -0.580994 -0.624480 0.521987 -0.600039 -0.648475 0.468438 -0.621396 -0.690557 0.370133 -0.637112 -0.700288 0.322002 -0.650389 -0.709899 0.270254 -0.671121 -0.721298 0.171248 -0.695834 -0.716332 0.051800 -0.720074 -0.690798 -0.065512 -0.742407 -0.647123 -0.173387 -0.762509 -0.587847 -0.270215 -0.780233 -0.514667 -0.355463 -0.795353 -0.429066 -0.428155 -0.807567 -0.332860 -0.486867 -0.816578 -0.228328 -0.530158 -0.822151 -0.118042 -0.556896 -0.824137 -0.004768 -0.566371 -0.822478 0.108674 -0.558318 -0.817218 0.219473 -0.532904 -0.808480 0.324837 -0.490755 -0.375685 -0.792907 -0.479748 -0.254854 -0.834723 -0.488147 0.005458 -0.783311 -0.621606 0.087662 -0.794752 -0.600570 -0.205002 -0.813639 -0.544027 -0.025242 -0.829659 -0.557700 0.080202 -0.812656 -0.577198 
						0.590407 -0.662885 -0.460437 0.607565 -0.670992 -0.425011 0.083173 -0.819676 -0.566758 0.955740 -0.243187 -0.165593 0.942056 -0.298665 -0.152742 -0.998109 -0.042896 -0.044019 -0.764119 -0.524011 -0.376211 -0.777289 -0.488349 -0.396657 -0.993402 -0.050574 -0.102932 -0.313091 -0.771467 -0.553907 -0.316249 -0.771137 -0.552571 -0.319820 -0.769256 -0.553136 -0.806237 -0.476574 -0.350512 -0.792506 -0.464512 -0.395173 -0.317308 -0.761458 -0.565241 -0.988815 -0.117844 -0.091418 -0.993513 -0.035405 -0.108067 0.925547 -0.305514 -0.223661 0.643769 -0.618899 -0.450029 0.628686 -0.655712 -0.418087 0.945211 -0.291309 -0.147361 0.087219 -0.810803 -0.578784 0.088067 -0.811905 -0.577109 0.085485 -0.810627 -0.579290 0.082840 -0.810987 -0.579170 -0.316527 -0.773489 -0.549113 -0.318696 -0.775391 -0.545162 -0.283516 -0.782475 -0.554392 0.042449 -0.800477 -0.597858 0.958577 -0.213469 -0.188579 0.603780 -0.636869 -0.479425 0.613236 -0.614010 -0.496924 0.959238 -0.198887 -0.200764 -0.774725 -0.529908 -0.344962 -0.784780 -0.519492 -0.338007 -0.998452 -0.055208 -0.006698 -0.998330 -0.057508 0.005410 -0.787120 -0.537869 -0.301894 -0.979062 -0.201376 -0.029744 0.619663 -0.588823 -0.518947 0.906231 -0.268465 -0.326608 -0.802173 -0.504338 -0.319628 -0.714954 -0.437075 -0.545716 -0.785720 -0.209392 -0.582064 -0.986540 -0.117614 -0.113600 0.643781 -0.637675 -0.422985 0.916783 -0.375831 -0.135131 0.557647 -0.824676 -0.094549 0.490435 -0.819203 -0.297289 -0.916606 0.231693 0.325809 -0.915405 0.218935 0.337788 -0.974411 -0.224746 0.003381 -0.976475 -0.215400 -0.009997 -0.094608 -0.794107 -0.600369 0.911278 -0.209948 -0.354250 0.912513 -0.208680 -0.351813 -0.092121 -0.795468 -0.598952 -0.091427 -0.802204 -0.590009 -0.200037 -0.727375 -0.656438 -0.156568 -0.777840 -0.608647 0.914556 -0.215464 -0.342291 -0.088593 -0.813938 -0.574157 0.921396 -0.214157 -0.324293 0.988260 0.103346 0.112527 
						0.961128 -0.269545 0.059819 0.827361 -0.438369 -0.351149 0.914050 -0.282389 -0.291150 -0.954052 -0.272448 0.124730 -0.978689 -0.199225 0.049764 -0.146301 -0.816514 -0.558480 -0.862379 -0.492270 0.118202 -0.149150 -0.761078 -0.631281 -0.836037 -0.548033 0.026500 -0.903951 0.208445 0.373395 -0.916753 0.225735 0.329556 -0.976052 -0.217438 -0.006517 -0.968416 -0.247664 0.028869 -0.089910 -0.802153 -0.590311 0.908814 -0.226427 -0.350412 0.846786 -0.078925 -0.526046 -0.082318 -0.821719 -0.563917 -0.150886 -0.803659 -0.575644 0.964224 -0.212755 0.158140 0.984527 0.136320 0.110102 0.907376 -0.295531 -0.298880 0.819600 -0.445069 -0.360791 -0.960114 -0.269298 0.075234 -0.154582 -0.802766 -0.575909 -0.890506 -0.376716 0.255115 -0.660650 -0.150447 0.735464 -0.852842 0.089823 0.514385 -0.890389 -0.394919 0.226379 -0.766306 -0.642471 -0.002306 -0.071156 -0.826786 -0.557999 0.758524 -0.300034 -0.578464 0.829579 -0.471454 -0.299215 -0.158648 -0.723549 -0.671794 -0.179504 -0.785218 -0.592631 0.928766 0.326287 -0.175872 0.653546 0.485194 -0.580917 0.613305 -0.354406 -0.705871 0.840025 -0.118523 -0.529443 -0.881103 -0.471953 -0.030280 -0.090180 -0.876547 -0.472794 -0.939374 -0.260847 -0.222564 -0.733524 -0.094175 0.673107 -0.671290 -0.642177 0.370105 -0.725164 -0.687923 -0.030000 -0.865136 -0.441590 0.237777 -0.128561 -0.710742 -0.691605 0.900505 -0.350540 -0.257318 0.886764 -0.179061 -0.426130 -0.108065 -0.807195 -0.580309 -0.095223 -0.916199 -0.389247 0.555526 -0.003462 -0.831492 0.811805 0.437335 -0.386924 0.822017 -0.126882 -0.555147 0.603598 -0.377949 -0.702014 -0.978080 -0.161927 -0.130917 -0.133446 -0.800731 -0.583971 -0.959003 -0.268433 0.090868 0.627198 -0.309884 -0.714559 -0.100679 -0.856663 -0.505956 -0.139681 -0.745077 -0.652188 -0.786660 -0.615577 0.047221 -0.149166 -0.817817 -0.555810 -0.983888 -0.073654 0.162910 -0.983748 -0.070871 0.164975 
						-0.149348 -0.817766 -0.555837 -0.148847 -0.817916 -0.555751 -0.984178 -0.080804 0.157685 -0.149655 -0.817649 -0.555926 -0.984399 -0.090911 0.150642 -0.146274 -0.817455 -0.557110 -0.983747 -0.141091 0.111067 -0.084475 -0.817903 -0.569121 0.965658 -0.080638 -0.246987 0.963147 -0.090888 -0.253155 -0.083763 -0.817914 -0.569210 -0.084209 -0.817789 -0.569325 0.967492 -0.073570 -0.241963 0.947647 -0.145004 -0.284497 -0.087579 -0.817556 -0.569151 -0.084047 -0.817746 -0.569410 0.968201 -0.070845 -0.239934 0.934249 -0.185392 -0.304644 -0.084900 -0.817263 -0.569977 -0.149315 -0.818568 -0.554663 -0.982294 -0.169929 0.078884 -0.020154 -0.775693 -0.630789 -0.112291 -0.829400 -0.547254 -0.262625 -0.819429 -0.509475 -0.130015 -0.774527 -0.619035 -0.784339 -0.537524 -0.309646 -0.786330 -0.544461 -0.291970 -0.313799 -0.743374 -0.590699 -0.301046 -0.730969 -0.612418 -0.786269 -0.539729 -0.300789 -0.774791 -0.573152 -0.266825 -0.345803 -0.748409 -0.565954 -0.271887 -0.798794 -0.536662 0.039681 -0.766724 -0.640750 0.089135 -0.718696 -0.689587 -0.020998 -0.653042 -0.757031 0.068613 -0.747818 -0.660348 -0.737946 -0.662788 -0.127074 -0.631058 -0.726224 -0.272700 -0.302343 -0.792172 -0.530144 -0.309675 -0.745313 -0.590431 0.078633 -0.818133 -0.569627 0.072133 -0.842217 -0.534291 0.555028 -0.570054 -0.605790 0.662548 -0.517275 -0.541717 0.459993 -0.602746 -0.652000 0.551884 -0.610266 -0.568331 0.575719 -0.492071 -0.653004 0.423817 -0.605003 -0.674055 -0.651659 -0.717891 -0.244893 -0.748191 -0.634254 -0.194764 -0.292520 -0.787853 -0.541960 -0.209925 -0.777756 -0.592475 0.160578 -0.840588 -0.517327 -0.019519 -0.856340 -0.516043 0.529437 -0.575405 -0.623382 0.593682 -0.557771 -0.580029 -0.784948 0.110227 -0.609677 -0.913873 0.372971 0.160398 -0.362094 -0.701725 -0.613571 0.677234 -0.703559 0.215312 0.118141 -0.863090 -0.491038 0.975123 0.047452 0.216527 0.998891 -0.018102 -0.043461 
						0.999252 -0.022715 -0.031294 -0.979796 0.162401 0.116729 -0.980175 0.147883 0.131859 -0.973631 0.216062 0.073214 -0.958686 0.255628 0.124805 0.998331 -0.045606 0.035426 0.998642 0.025729 0.045306 -0.925052 0.231807 0.300907 0.981968 0.186410 -0.031459 0.999321 -0.036745 0.002815 -0.977499 0.190528 0.090521 -0.944568 0.256278 0.205212 0.995290 0.093176 0.026775 -0.094327 0.836477 0.539823 -0.963621 0.215403 0.158226 -0.928887 0.049499 0.367041 -0.074332 0.755474 0.650948 -0.153900 0.887744 0.433849 0.327072 0.755190 0.568077 0.377977 0.654318 0.654982 -0.087280 0.654249 0.751226 0.312933 0.887975 0.337006 0.301132 0.836648 0.457537 0.987901 -0.029413 0.152274 0.885377 0.327485 -0.329941 -0.038834 -0.955864 -0.291233 0.523934 -0.851551 -0.018806 0.508173 -0.861159 -0.012845 -0.056312 -0.932296 -0.357286 -0.187860 -0.851208 -0.490055 -0.117105 -0.952896 -0.279777 -0.068662 -0.848569 -0.524611 -0.025627 -0.939970 -0.340294 0.085154 -0.894825 -0.438220 0.578450 -0.472488 -0.664944 0.038844 -0.598806 -0.799952 0.062254 -0.632082 -0.772397 0.612843 -0.521895 -0.593337 0.061130 -0.787437 -0.613356 -0.039995 -0.758579 -0.650352 -0.094492 -0.560826 -0.822524 -0.533281 -0.833182 0.146351 -0.123027 -0.930067 -0.346179 -0.572150 -0.815629 0.085989 -0.128596 -0.927060 -0.352170 -0.794722 -0.475266 -0.377543 -0.255341 -0.910546 -0.325127 -0.514457 -0.600979 -0.611685 -0.780841 -0.425157 -0.457743 -0.508398 -0.607391 -0.610416 -0.146526 -0.863845 -0.481977 0.046943 -0.936974 -0.346231 -0.077730 -0.992050 -0.098964 -0.200443 -0.776840 -0.596944 -0.196616 -0.853067 -0.483342 0.174335 -0.938810 -0.297057 0.331628 -0.703163 -0.628955 0.516321 -0.709192 -0.480063 0.132968 -0.991040 -0.012603 -0.017874 -0.623777 -0.781398 0.143018 -0.701639 -0.698032 -0.323395 -0.751952 -0.574442 -0.291059 -0.824463 -0.485330 -0.150821 -0.775885 -0.612581 
						0.011533 -0.832672 -0.553646 -0.255224 -0.853547 -0.454222 -0.407309 -0.721194 -0.560338 -0.202010 -0.705604 -0.679202 -0.325173 0.438791 -0.837690 -0.289691 0.457863 -0.840500 -0.030900 0.135644 -0.990276 -0.200140 0.959382 -0.198821 0.016820 0.702277 -0.711705 -0.145220 0.835573 0.529839 0.226769 0.847156 0.480523 -0.458429 0.680908 -0.571145 0.128986 0.991292 -0.026524 -0.355186 0.416993 -0.836636 0.230740 -0.773326 -0.590530 -0.461843 -0.771248 -0.438038 -0.972824 0.023182 0.230381 -0.975099 0.039103 0.218296 -0.939862 0.049117 0.338003 -0.955679 -0.073865 0.284996 -0.966769 -0.128382 0.221080 -0.969636 -0.016419 0.244003 -0.982816 -0.108623 0.149245 -0.967669 -0.054509 0.246261 -0.996874 -0.043301 0.066080 -0.981937 -0.084174 0.169451 -0.996556 0.035494 0.074947 -0.988766 -0.053518 0.139560 -0.980712 0.111071 0.160833 -0.968033 -0.018330 0.250150 -0.957961 0.066384 0.279112 -0.983309 0.029383 0.179555 -0.140142 -0.957617 -0.251654 0.003667 -0.941955 -0.335718 -0.477194 -0.799973 -0.363770 -0.004426 -0.822492 -0.568759 -0.049808 -0.797815 -0.600842 -0.035237 -0.909240 -0.414778 -0.137077 -0.938136 -0.317980 -0.276994 -0.824036 -0.494206 0.021676 -0.823725 -0.566575 -0.941818 -0.080299 0.326391 -0.979134 -0.000104 0.203215 -0.979130 0.000030 0.203234 -0.979467 0.024739 0.200081 0.013001 0.413295 0.910504 -0.007603 0.579976 0.814598 -0.969640 0.150274 0.192913 -0.066700 0.214253 0.974498 0.388175 0.719731 0.575593 0.330973 0.579937 0.744399 -0.974791 -0.014806 0.222630 -0.979180 -0.000122 0.202993 -0.979151 -0.000174 0.203134 0.350200 0.413266 0.840578 0.448743 0.214251 0.867598 -0.127132 0.719707 0.682539 -0.984232 0.007054 0.176739 -0.979135 0.000135 0.203211 -0.979165 0.000148 0.203066 -0.983879 -0.003002 0.178809 0.919749 0.313092 -0.236717 0.979834 -0.191895 0.055690 -0.981863 -0.020011 0.188532 
						-0.979179 0.000089 0.202997 -0.979186 -0.000029 0.202965 -0.978244 -0.024738 0.205979 -0.979142 0.000097 0.203179 -0.981499 0.022581 0.190133 -0.947326 -0.112582 0.299830 -0.979143 -0.000122 0.203174 -0.979132 -0.000009 0.203224 -0.978059 0.024609 0.206870 0.029117 0.150594 0.988167 0.018612 0.337865 0.941011 -0.961160 0.146650 0.233808 -0.062056 -0.053530 0.996636 0.423452 0.514576 0.745587 0.357198 0.337819 0.870797 -0.975777 -0.019751 0.217873 -0.979186 -0.000086 0.202967 -0.979161 -0.000184 0.203085 0.366308 0.150589 0.918227 0.453356 -0.053528 0.889721 -0.091905 0.514552 0.852519 -0.983626 0.014183 0.179665 -0.979134 0.000078 0.203214 -0.979157 0.000148 0.203107 -0.983853 0.003943 0.178938 0.937645 0.313353 -0.150441 0.967086 -0.254384 -0.005771 -0.982867 -0.015152 0.183692 -0.979175 0.000121 0.203020 -0.979185 0.000009 0.202970 -0.979652 -0.024609 0.199192 -0.979134 0.000080 0.203218 -0.980131 0.025333 0.196729 -0.956357 -0.140340 0.256293 -0.979152 -0.000141 0.203129 -0.979133 -0.000056 0.203222 -0.976402 0.021800 0.214856 0.027689 -0.190450 0.981306 0.030751 0.002073 0.999525 -0.951410 0.126362 0.280805 -0.077514 -0.378840 0.922210 0.449175 0.205422 0.869508 0.369325 0.002019 0.929298 -0.977330 -0.023734 0.210389 -0.979190 -0.000035 0.202947 -0.979173 -0.000157 0.203029 0.364879 -0.190459 0.911366 0.437907 -0.378854 0.815296 -0.066191 0.205371 0.976443 -0.982347 0.021475 0.185830 -0.979131 0.000032 0.203231 -0.979147 0.000124 0.203151 -0.983279 0.012103 0.181702 0.958824 0.279859 -0.048332 0.947145 -0.304183 -0.101925 -0.983676 -0.007516 0.179794 -0.979165 0.000130 0.203068 -0.979185 0.000058 0.202970 -0.981311 -0.021790 0.191192 -0.979126 0.000037 0.203254 -0.978299 0.026008 0.205560 -0.964758 -0.150595 0.215786 -0.979160 -0.000151 0.203089 -0.979136 -0.000092 0.203205 
						-0.975263 0.017559 0.220350 0.009132 -0.452318 0.891810 0.022942 -0.272583 0.961859 -0.944913 0.098574 0.312127 -0.106101 -0.611155 0.784368 0.453198 -0.065498 0.889000 0.361514 -0.272618 0.891620 -0.978734 -0.024888 0.203620 -0.979190 0.000009 0.202944 -0.979181 -0.000133 0.202988 0.346321 -0.452325 0.821866 0.409330 -0.611160 0.677445 -0.062166 -0.065541 0.995912 -0.980994 0.025517 0.192352 -0.979128 -0.000008 0.203247 -0.979141 0.000105 0.203183 -0.982421 0.017684 0.185840 0.973477 0.227693 0.022354 0.929180 -0.317925 -0.188542 -0.983910 -0.000598 0.178662 -0.979157 0.000138 0.203104 -0.979181 0.000094 0.202988 -0.982447 -0.017553 0.185712 -0.979127 -0.000008 0.203248 -0.976845 0.024254 0.212571 -0.975017 -0.147238 0.166321 -0.979171 -0.000148 0.203037 -0.979144 -0.000121 0.203167 -0.974288 0.010749 0.225049 -0.031103 -0.715553 0.697866 -0.006074 -0.569421 0.822024 -0.939606 0.055564 0.337719 -0.155510 -0.823111 0.546173 0.437878 -0.379198 0.815151 0.332500 -0.569451 0.751777 -0.980407 -0.023693 0.195552 -0.979188 0.000059 0.202956 -0.979190 -0.000092 0.202945 0.306082 -0.715568 0.627914 0.359915 -0.823113 0.439256 -0.077496 -0.379258 0.922040 -0.979163 0.027687 0.201179 -0.979132 -0.000054 0.203227 -0.979134 0.000072 0.203215 -0.981036 0.022487 0.192515 0.986232 0.142545 0.083832 0.907840 -0.301500 -0.291417 -0.983667 0.007648 0.179836 -0.979148 0.000133 0.203150 -0.979173 0.000119 0.203027 -0.983421 -0.010743 0.181017 -0.979133 -0.000052 0.203222 -0.975334 0.019691 0.219854 -0.983827 -0.129414 0.123842 -0.979179 -0.000119 0.202998 -0.979153 -0.000131 0.203126 -0.973839 0.003355 0.227212 -0.082173 -0.888425 0.451607 -0.049284 -0.788073 0.613605 -0.937517 0.010090 0.347794 -0.211601 -0.937620 0.275852 0.405648 -0.632522 0.659823 0.289277 -0.788089 0.543355 -0.981804 -0.020224 0.188818 
						-0.979184 0.000105 0.202976 -0.979195 -0.000041 0.202919 0.255014 -0.888434 0.381646 0.303859 -0.937621 0.168927 -0.109690 -0.632575 0.766692 -0.977422 0.026926 0.209572 -0.979134 -0.000102 0.203215 -0.979131 0.000031 0.203228 -0.979534 0.024695 0.199756 0.992341 0.049272 0.113280 0.890086 -0.256127 -0.377024 -0.982961 0.014532 0.183239 -0.979140 0.000108 0.203186 -0.979165 0.000144 0.203065 -0.983870 -0.003340 0.178853 -0.979138 -0.000087 0.203198 -0.974278 0.013487 0.224945 -0.992162 -0.092821 0.083661 -0.979187 -0.000077 0.202959 -0.979162 -0.000126 0.203079 -0.973927 -0.005679 0.226792 -0.152327 -0.981801 0.113416 -0.114375 -0.947102 0.299861 -0.938795 -0.044198 0.341630 -0.282619 -0.956909 -0.066727 0.350020 -0.850973 0.391576 0.224188 -0.947114 0.229596 -0.983077 -0.013703 0.182681 -0.979173 0.000128 0.203029 -0.979194 0.000025 0.202928 0.184858 -0.981804 0.043467 0.232795 -0.956897 -0.173649 -0.165352 -0.851010 0.498438 -0.975559 0.022756 0.218558 -0.979143 -0.000140 0.203172 -0.979130 -0.000020 0.203235 -0.977697 0.024261 0.208612 0.991730 -0.065574 0.110325 0.874033 -0.171943 -0.454426 -0.981636 0.020795 0.189629 -0.979132 0.000071 0.203223 -0.979154 0.000152 0.203118 -0.983782 0.005707 0.179279 -0.979146 -0.000113 0.203157 -0.973600 0.004608 0.228214 -0.996510 -0.055104 0.062702 -0.979189 -0.000033 0.202949 -0.979170 -0.000124 0.203041 -0.974456 -0.012333 0.224238 -0.209524 -0.964230 -0.162357 -0.171160 -0.984899 0.026047 -0.942538 -0.083169 0.323580 -0.336744 -0.882829 -0.327437 0.297231 -0.944918 0.137054 0.167397 -0.984897 -0.044217 -0.983692 -0.007249 0.179714 -0.979165 0.000141 0.203067 -0.979192 0.000075 0.202938 0.127654 -0.964224 -0.232329 0.178691 -0.882829 -0.434375 -0.218139 -0.944947 0.243906 -0.974381 0.017342 0.224234 -0.979153 -0.000136 0.203125 -0.979133 -0.000057 0.203219 
						-0.976349 0.021653 0.215113 0.985374 -0.150622 0.079690 0.866355 -0.089059 -0.491423 -0.980322 0.023824 0.195960 -0.979128 0.000032 0.203244 -0.979146 0.000130 0.203156 -0.983251 0.012345 0.181838 -0.979152 -0.000146 0.203128 -0.973548 -0.002895 0.228464 -0.889483 0.262377 0.374137 -0.968267 0.239620 -0.070998 -0.763636 -0.323564 0.558719 -0.952565 -0.303821 -0.017660 0.021343 0.225103 0.974101 -0.857843 -0.145684 0.492831 -0.027806 0.713509 0.700094 0.104646 -0.625169 0.773443 0.100681 -0.625074 0.774045 -0.985186 -0.113773 0.128311 -0.991519 0.046941 0.121190 -0.975030 0.024616 0.220706 -0.546487 0.613618 0.569934 0.229308 -0.615889 0.753723 0.986317 0.063220 -0.152258 0.985183 0.040776 -0.166586 0.226159 -0.609271 0.760027 0.098679 -0.610444 0.785889 -0.983986 -0.064937 0.165997 0.983087 0.015960 -0.182440 0.225877 -0.597054 0.769744 -0.994634 0.075211 0.071033 -0.986285 -0.081063 0.143773 -0.821443 0.358533 0.443492 -0.810845 -0.231786 0.537406 0.223813 -0.161369 0.961181 -0.931335 0.166828 0.323703 0.147716 -0.389465 0.909119 -0.161073 -0.981700 0.101592 -0.262753 -0.864841 -0.427797 -0.877648 -0.239762 0.415028 -0.984147 -0.148702 0.096654 -0.966741 -0.045136 0.251741 -0.689117 -0.646347 -0.327648 0.977231 -0.018741 -0.211349 0.304700 -0.310517 0.900410 0.252573 -0.475128 0.842888 0.973393 -0.042182 -0.225227 0.231948 -0.558254 0.796588 0.981792 0.005502 -0.189882 0.108247 -0.547227 0.829955 -0.972838 0.025257 0.230104 0.983131 0.031722 -0.180130 0.983436 0.036619 -0.177519 -0.334138 -0.743984 -0.578654 -0.312924 -0.829850 -0.461982 -0.961115 -0.176442 0.212431 -0.999618 -0.022926 -0.015437 -0.386767 -0.646641 -0.657470 0.159725 -0.890026 -0.427014 0.103326 -0.830111 -0.547942 0.076304 -0.743814 -0.664016 0.092525 -0.646700 -0.757111 -0.317281 -0.889770 -0.328089 0.946055 -0.320507 -0.047484 
						0.841754 0.039934 -0.538382 0.191819 0.569901 0.799011 0.178488 0.630225 0.755618 0.672850 0.173855 0.719060 0.687957 0.172437 0.704969 0.053092 0.759847 0.647930 0.165197 0.767714 0.619132 0.105793 0.573225 0.812540 0.751137 0.650922 0.109974 0.315547 0.681469 0.660326 0.208748 0.622715 0.754089 0.784138 0.594763 0.177155 0.282483 0.909424 0.305207 0.258518 0.929316 0.263706 0.122886 0.963129 0.239334 0.191923 0.852669 0.485922 0.288523 0.809842 0.510794 -0.391352 0.215392 0.894679 -0.424604 0.275099 0.862573 0.106019 0.631973 0.767704 0.094309 0.648085 0.755706 -0.032386 0.648049 0.760910 -0.644847 0.649183 0.403404 -0.303292 0.861669 0.406866 -0.294548 0.860788 0.415074 -0.628236 0.706169 0.326565 0.095561 0.747005 0.657915 0.036092 0.840259 0.540983 0.131852 0.435773 0.890347 0.280205 0.610546 0.740755 0.039569 0.753998 0.655684 0.393247 0.550592 0.736346 0.319321 0.317657 0.892820 0.691924 0.577471 0.433322 0.533232 0.749415 0.392480 0.360341 0.846037 0.392908 0.202724 0.930170 0.306081 -0.091312 0.835642 0.541631 0.247841 0.773410 0.583448 0.084915 0.842060 0.532657 -0.064629 0.771463 0.632983 -0.028076 0.738850 0.673284 0.033477 0.889578 0.455556 -0.169955 0.830451 0.530534 -0.249710 0.688761 -0.680627 -0.293134 0.697399 -0.653993 -0.015035 0.440888 -0.897436 -0.350969 -0.099384 -0.931098 0.081806 0.891851 -0.444871 -0.502587 0.408751 -0.761793 -0.016057 -0.757116 -0.653083 -0.364176 -0.729078 -0.579502 -0.310529 0.719168 -0.621587 -0.062235 -0.331228 -0.941496 0.442710 0.749510 0.492181 -0.231530 0.745503 0.624995 -0.981161 -0.035234 0.189949 -0.953314 -0.057231 0.296509 -0.969314 -0.149859 0.194867 -0.985038 -0.027865 0.170073 -0.972206 -0.034502 0.231569 -0.946067 0.020698 0.323310 -0.963275 -0.025933 0.267261 -0.954656 0.080016 0.286756 
						-0.960147 0.059753 0.273034 -0.968518 0.145651 0.201888 -0.985183 0.113216 0.128827 -0.969043 0.081946 0.232896 -0.996325 0.002564 0.085622 -0.981404 -0.099021 0.164442 -0.970974 -0.040432 0.235744 -0.985671 0.013842 0.168111 0.226861 0.617533 0.753118 0.084042 0.573847 0.814638 -0.247073 0.689461 0.680880 0.227495 0.790110 0.569186 0.184829 0.819645 0.542237 0.194619 0.684859 0.702205 0.092005 0.626599 0.773892 -0.037098 0.774742 0.631188 0.251395 0.783896 0.567721 -0.618562 -0.388454 0.682997 -0.023299 -0.363247 0.931402 -0.283138 -0.384814 0.878494 -0.484674 -0.393662 0.781103 -0.586039 -0.406712 0.700816 -0.672237 -0.360923 0.646400 -0.603428 -0.400577 0.689502 -0.507903 -0.504814 0.697995 -0.304500 -0.645247 0.700668 -0.062651 -0.748627 0.660024 -0.936767 0.158085 0.312214 -0.740672 0.073895 0.667791 -0.924054 0.030457 0.381048 -0.967465 0.060379 0.245693 -0.674265 -0.350192 0.650179 -0.891177 -0.162992 0.423364 -0.671329 -0.366592 0.644149 -0.840942 -0.474324 0.260448 -0.953918 -0.193361 0.229463 -0.896691 -0.164120 0.411107 -0.983528 -0.156696 0.090106 -0.985369 -0.063656 0.158102 0.964544 -0.073617 -0.253448 0.964460 -0.179854 -0.193573 0.644556 -0.758726 -0.094247 0.947256 -0.160203 -0.277562 0.104810 -0.994409 0.012905 0.201633 -0.774097 0.600098 0.315033 -0.758158 0.570921 0.802129 -0.429016 0.415373 0.803553 -0.417387 0.424370 0.989975 0.112104 -0.085922 0.178753 -0.559815 0.809107 0.170286 -0.617238 0.768128 0.794829 0.200317 0.572818 0.996676 0.038968 -0.071543 0.985120 0.055928 -0.162516 0.365300 -0.351939 0.861797 0.315457 -0.349761 0.882130 0.327175 0.281840 0.901955 0.189293 -0.354565 0.915670 -0.029284 -0.216874 0.975760 0.151396 -0.332867 0.930741 0.180784 -0.463520 0.867448 -0.123538 -0.412129 0.902712 0.079242 -0.365485 0.927438 0.118735 -0.806194 0.579615 
						-0.247945 -0.827387 0.503938 -0.281306 -0.812090 0.511251 0.123201 -0.789112 0.601767 -0.351090 -0.575577 0.738544 -0.405993 -0.504357 0.762099 -0.917031 -0.131517 0.376508 -0.881717 -0.179032 0.436490 -0.913431 -0.067347 0.401384 -0.929273 -0.175489 0.325046 -0.583234 -0.642290 0.497295 -0.504484 -0.128101 0.853865 -0.040901 -0.256590 0.965655 -0.120946 -0.803512 0.582873 -0.229120 -0.669664 0.706438 -0.008347 -0.759053 0.650976 0.189395 -0.341372 0.920649 0.146292 -0.697651 0.701343 -0.804215 -0.252914 0.537840 -0.672075 -0.365843 0.643796 -0.405732 -0.468700 0.784667 -0.462902 -0.459823 0.757815 -0.806522 -0.264281 0.528846 -0.359564 -0.506107 0.783945 -0.547039 -0.418803 0.724812 -0.306808 -0.443455 0.842150 0.191537 -0.312479 0.930414 0.127229 -0.776969 0.616548 -0.831887 -0.075379 0.549802 -0.868998 -0.325803 0.372418 -0.475209 -0.577172 0.664115 -0.405746 -0.323997 0.854632 -0.385778 -0.106245 0.916454 -0.458573 -0.739221 0.493217 -0.146775 -0.162987 0.975650 -0.178897 -0.173972 0.968364 0.364648 -0.533205 0.763363 0.345388 -0.618005 0.706241 0.073672 -0.794088 0.603322 -0.129034 -0.835119 0.534722 0.697913 -0.645169 0.310927 0.767751 -0.224497 0.600133 0.119152 0.811427 0.572179 0.118242 0.811432 0.572360 0.118247 0.811430 0.572363 0.119159 0.811432 0.572171 0.979068 0.000317 -0.203532 0.979068 0.000317 -0.203532 0.979068 0.000318 -0.203533 0.979068 0.000317 -0.203532 -0.979248 0.000323 0.202663 -0.979248 0.000322 0.202664 -0.979248 0.000322 0.202664 -0.979248 0.000322 0.202664 0.118317 0.811160 0.572732 0.118334 0.811160 0.572728 0.119223 0.811157 0.572547 0.119230 0.811157 0.572546 0.119133 0.811416 0.572199 0.118269 0.811417 0.572377 0.118275 0.811414 0.572380 0.119137 0.811419 0.572194 0.979068 0.000318 -0.203534 0.979068 0.000318 -0.203533 0.979068 0.000318 -0.203533 
						0.979068 0.000318 -0.203533 -0.979248 0.000322 0.202665 -0.979248 0.000322 0.202664 -0.979248 0.000322 0.202664 -0.979248 0.000322 0.202664 0.118344 0.811159 0.572726 0.118352 0.811159 0.572724 0.119202 0.811157 0.572551 0.119213 0.811157 0.572549 0.119188 0.811454 0.572133 0.118190 0.811459 0.572333 0.118196 0.811456 0.572336 0.119195 0.811459 0.572125 0.979069 0.000322 -0.203530 0.979069 0.000321 -0.203529 0.979069 0.000321 -0.203529 0.979069 0.000321 -0.203529 -0.979249 0.000317 0.202661 -0.979249 0.000317 0.202660 -0.979249 0.000318 0.202659 -0.979249 0.000317 0.202660 0.118277 0.811159 0.572740 0.118285 0.811159 0.572739 0.119260 0.811159 0.572537 0.119278 0.811159 0.572533 0.119220 0.811483 0.572086 0.118136 0.811486 0.572307 0.118144 0.811482 0.572311 0.119227 0.811487 0.572078 0.979068 0.000317 -0.203532 0.979068 0.000318 -0.203533 0.979068 0.000318 -0.203534 0.979068 0.000318 -0.203533 -0.979249 0.000323 0.202663 -0.979248 0.000322 0.202664 -0.979248 0.000322 0.202664 -0.979248 0.000322 0.202664 0.118227 0.811161 0.572748 0.118246 0.811161 0.572744 0.119307 0.811161 0.572525 0.119317 0.811160 0.572523 0.119205 0.811468 0.572109 0.118165 0.811470 0.572323 0.118174 0.811465 0.572328 0.119210 0.811472 0.572103 0.979068 0.000318 -0.203533 0.979068 0.000318 -0.203533 0.979068 0.000318 -0.203533 0.979068 0.000318 -0.203533 -0.979248 0.000322 0.202664 -0.979248 0.000322 0.202664 -0.979248 0.000322 0.202664 -0.979248 0.000322 0.202664 0.118256 0.811159 0.572745 0.118270 0.811159 0.572742 0.119286 0.811159 0.572531 0.119301 0.811159 0.572529 0.119188 0.811454 0.572133 0.118190 0.811459 0.572333 0.118198 0.811455 0.572338 0.119192 0.811458 0.572127 0.979069 0.000323 -0.203530 0.979069 0.000323 -0.203529 0.979069 0.000322 -0.203528 
						0.979069 0.000323 -0.203529 -0.979249 0.000318 0.202661 -0.979249 0.000318 0.202661 -0.979249 0.000319 0.202660 -0.979249 0.000318 0.202661 0.118276 0.811159 0.572740 0.118285 0.811159 0.572739 0.119260 0.811159 0.572536 0.119277 0.811159 0.572533 0.119142 0.811422 0.572189 0.118261 0.811425 0.572367 0.118267 0.811422 0.572370 0.119148 0.811426 0.572182 0.979068 0.000317 -0.203534 0.979068 0.000317 -0.203534 0.979068 0.000317 -0.203534 0.979068 0.000317 -0.203534 -0.979249 0.000320 0.202663 -0.979249 0.000320 0.202663 -0.979249 0.000320 0.202663 -0.979249 0.000320 0.202663 0.118333 0.811162 0.572724 0.118345 0.811162 0.572722 0.119212 0.811159 0.572546 0.119224 0.811159 0.572544 0.119144 0.811421 0.572189 0.118253 0.811424 0.572370 0.118260 0.811421 0.572373 0.119149 0.811425 0.572183 0.979069 0.000322 -0.203531 0.979069 0.000321 -0.203530 0.979069 0.000321 -0.203529 0.979069 0.000321 -0.203530 -0.979249 0.000318 0.202662 -0.979249 0.000318 0.202661 -0.979249 0.000319 0.202660 -0.979249 0.000318 0.202661 0.118334 0.811157 0.572731 0.118341 0.811157 0.572730 0.119207 0.811157 0.572550 0.119224 0.811157 0.572547 0.119139 0.811423 0.572187 0.118259 0.811424 0.572369 0.118266 0.811420 0.572373 0.119144 0.811427 0.572181 0.979069 0.000322 -0.203530 0.979069 0.000322 -0.203530 0.979069 0.000322 -0.203530 0.979069 0.000322 -0.203530 -0.979248 0.000323 0.202665 -0.979248 0.000323 0.202665 -0.979248 0.000323 0.202665 -0.979248 0.000323 0.202665 0.118334 0.811160 0.572728 0.118345 0.811160 0.572725 0.119212 0.811162 0.572542 0.119224 0.811162 0.572540 0.119140 0.811424 0.572187 0.118260 0.811425 0.572366 0.118267 0.811422 0.572370 0.119145 0.811427 0.572181 0.979068 0.000317 -0.203534 0.979068 0.000317 -0.203534 0.979068 0.000317 -0.203534 
						0.979068 0.000317 -0.203534 -0.979248 0.000323 0.202665 -0.979248 0.000323 0.202665 -0.979248 0.000323 0.202665 -0.979248 0.000323 0.202665 0.118334 0.811162 0.572725 0.118345 0.811162 0.572722 0.119212 0.811162 0.572543 0.119223 0.811162 0.572540 0.119150 0.811429 0.572177 0.118240 0.811432 0.572361 0.118247 0.811428 0.572365 0.119156 0.811432 0.572171 0.979069 0.000321 -0.203529 0.979069 0.000322 -0.203529 0.979069 0.000323 -0.203530 0.979069 0.000322 -0.203529 -0.979249 0.000318 0.202660 -0.979249 0.000318 0.202660 -0.979249 0.000317 0.202661 -0.979249 0.000318 0.202660 0.118317 0.811158 0.572734 0.118334 0.811158 0.572730 0.119222 0.811160 0.572543 0.119229 0.811160 0.572542 0.119161 0.811436 0.572165 0.118228 0.811441 0.572352 0.118236 0.811437 0.572356 0.119166 0.811439 0.572159 0.979069 0.000321 -0.203529 0.979069 0.000322 -0.203529 0.979069 0.000323 -0.203530 0.979069 0.000322 -0.203529 -0.979249 0.000318 0.202660 -0.979249 0.000318 0.202660 -0.979249 0.000317 0.202661 -0.979249 0.000318 0.202660 0.118305 0.811160 0.572734 0.118322 0.811160 0.572730 0.119234 0.811160 0.572541 0.119241 0.811160 0.572539 0.119171 0.811441 0.572156 0.118214 0.811445 0.572348 0.118222 0.811441 0.572352 0.119176 0.811445 0.572149 0.979069 0.000321 -0.203528 0.979069 0.000322 -0.203529 0.979069 0.000323 -0.203530 0.979069 0.000322 -0.203529 -0.979249 0.000318 0.202659 -0.979249 0.000317 0.202660 -0.979249 0.000317 0.202661 -0.979249 0.000317 0.202660 0.118294 0.811160 0.572735 0.118313 0.811160 0.572731 0.119245 0.811156 0.572544 0.119252 0.811156 0.572543 0.119171 0.811443 0.572152 0.118202 0.811453 0.572339 0.118209 0.811450 0.572343 0.119187 0.811455 0.572132 0.979069 0.000323 -0.203530 0.979069 0.000323 -0.203530 0.979069 0.000323 -0.203530 
						0.979069 0.000323 -0.203530 -0.979249 0.000317 0.202661 -0.979249 0.000317 0.202661 -0.979249 0.000317 0.202661 -0.979249 0.000317 0.202661 0.118282 0.811160 0.572739 0.118294 0.811160 0.572736 0.119236 0.811161 0.572539 0.119275 0.811161 0.572531 -0.574036 0.643308 0.506595 -0.608528 0.574168 0.547746 0.770580 0.582149 0.259439 0.774575 0.575252 0.262906 0.608957 -0.575104 -0.546285 0.659109 -0.577574 -0.481647 -0.778997 -0.575756 -0.248334 -0.778248 -0.570385 -0.262663 -0.778910 -0.566323 -0.269403 -0.779951 -0.572522 -0.252774 -0.668113 0.611806 0.423461 -0.775229 -0.570632 -0.270924 0.778326 0.570251 0.262720 0.577156 -0.674668 -0.460125 -0.775245 -0.570527 -0.271099 -0.768758 -0.588113 -0.251263 -0.608246 0.572782 0.549507 0.608505 -0.574107 -0.547835 -0.768764 -0.588096 -0.251287 0.778246 0.578289 0.244775 -0.577253 0.634275 0.514270 -0.607005 0.574137 0.549464 0.773777 0.577301 0.260754 0.767094 0.575900 0.282678 0.609826 -0.573139 -0.547379 0.650504 -0.579652 -0.490764 -0.777326 -0.575451 -0.254206 -0.787734 -0.553622 -0.270143 -0.788429 -0.549106 -0.277241 -0.778284 -0.572152 -0.258680 -0.657157 0.610772 0.441703 -0.768320 -0.563003 -0.304487 0.789361 0.544690 0.283236 0.578946 -0.661834 -0.476232 -0.768341 -0.562827 -0.304758 -0.736817 -0.665629 -0.118482 -0.590468 0.526381 0.611776 0.592641 -0.523798 -0.611892 -0.746509 -0.649204 -0.145804 0.738462 0.659996 0.138128 -0.568440 -0.811244 -0.136965 -0.580251 0.463749 0.669511 0.487735 -0.563745 -0.666564 -0.570080 -0.809658 -0.139507 0.734211 0.677321 -0.046599 -0.595903 0.598467 0.535478 -0.603972 0.573865 0.553079 0.776084 0.573752 0.261730 0.751566 0.571638 0.329210 0.611675 -0.569287 -0.549331 0.622694 -0.577986 -0.527431 -0.776112 -0.575231 -0.258378 -0.811207 -0.513353 -0.280020 -0.812401 -0.505889 -0.289966 -0.777079 -0.571901 -0.262825 
						-0.624580 0.592341 0.508952 -0.754347 -0.535110 -0.380286 0.816840 0.478198 0.322644 0.595657 -0.606378 -0.526781 -0.754374 -0.534768 -0.380714 -0.780105 -0.554805 -0.289185 -0.573269 0.489871 0.656802 0.587072 -0.481927 -0.650456 -0.780582 -0.552960 -0.291424 0.784432 0.550792 0.285121 -0.813895 -0.511208 -0.276120 -0.652403 0.315720 0.688978 0.459249 -0.448693 -0.766658 -0.814443 -0.509666 -0.277350 0.781764 0.533272 0.323214 -0.609219 0.576185 0.544851 -0.602650 0.573691 0.554699 0.777746 0.571202 0.262374 0.747467 0.566505 0.346937 0.612541 -0.567554 -0.550160 0.607798 -0.572930 -0.549848 -0.775264 -0.575029 -0.261356 -0.821051 -0.497968 -0.279112 -0.822754 -0.488257 -0.290999 -0.776230 -0.571689 -0.265779 -0.607952 0.575012 0.547499 -0.751599 -0.519029 -0.407072 0.829107 0.449886 0.331939 0.608709 -0.569916 -0.551968 -0.751630 -0.518636 -0.407515 -0.760468 -0.620897 -0.190200 -0.572001 0.470608 0.671821 0.573266 -0.470055 -0.671129 -0.763252 -0.614615 -0.199236 0.757608 0.619889 0.204373 -0.668903 -0.708199 -0.225884 -0.584787 0.302718 0.752586 0.372849 -0.494227 -0.785317 -0.670749 -0.705652 -0.228364 0.745722 0.654684 0.123643 -0.585390 0.617549 0.525311 -0.605598 0.574018 0.551139 0.774727 0.575841 0.261162 0.758617 0.574835 0.306700 0.610692 -0.571344 -0.548289 0.636783 -0.580106 -0.507921 -0.776817 -0.575382 -0.255911 -0.799612 -0.532931 -0.276776 -0.800484 -0.527272 -0.284974 -0.777784 -0.572059 -0.260386 -0.640779 0.603964 0.473951 -0.760557 -0.550486 -0.344265 0.803165 0.511532 0.305387 0.585822 -0.636541 -0.501626 -0.760582 -0.550222 -0.344632 -0.749652 -0.648244 -0.133420 -0.618435 0.586583 0.522933 0.609947 -0.595799 -0.522483 -0.756389 -0.635701 -0.154141 0.739752 0.654779 0.155019 -0.634327 -0.768237 -0.086259 -0.612366 0.618956 0.491835 0.656585 -0.575459 -0.487588 -0.634876 -0.767617 -0.087730 
						0.789469 0.612829 -0.034342 -0.105024 0.659929 -0.743951 0.448904 0.789253 0.419004 0.122178 0.819042 0.560573 -0.145169 0.670810 -0.727283 -0.050855 0.623181 -0.780423 -0.213062 0.502102 -0.838152 -0.276715 0.533428 -0.799302 0.952045 0.070295 -0.297775 -0.064042 0.533296 -0.843501 0.952042 0.070301 -0.297782 -0.460055 -0.727874 -0.508476 -0.172791 0.491676 -0.853462 -0.117110 -0.803111 -0.584207 -0.991938 0.070301 0.105439 -0.991938 0.070295 0.105445 -0.263767 0.623037 -0.736377 0.219416 -0.728043 -0.649469 -0.138203 0.502076 -0.853709 -0.182033 0.491677 -0.851538 -0.125602 -0.803107 -0.582445 -0.199908 0.659881 -0.724289 -0.245696 0.789141 0.562930 0.110179 0.819040 0.563058 -0.157212 0.670800 -0.724784 -0.979212 -0.000362 0.202838 -0.979210 -0.000370 0.202847 0.979107 -0.000370 -0.203346 0.979105 -0.000362 -0.203355 
					</float_array>
					<technique_common>
						<accessor count="2589" offset="0" source="#meshId0-bitangents-array" stride="3">
							<param name="X" type="float" />
							<param name="Y" type="float" />
							<param name="Z" type="float" />
						</accessor>
					</technique_common>
				</source>
				<source id="meshId0-tex0" name="meshId0-tex0">
					<float_array id="meshId0-tex0-array" count="5178"> 
						0.945212 0.247174 0.953058 0.247170 0.953062 0.344837 0.945216 0.344841 0.945216 0.344841 0.953062 0.344837 0.953066 0.352682 0.945221 0.352687 0.945208 0.239328 0.953053 0.239324 0.953058 0.247170 0.945212 0.247174 0.960903 0.247165 0.960908 0.344832 0.937366 0.247178 0.937371 0.344845 0.669361 0.933342 0.669081 0.927474 0.685494 0.927412 0.685266 0.933274 0.663314 0.933128 0.669425 0.949254 0.663371 0.949517 0.691320 0.933008 0.691384 0.949398 0.685336 0.949187 0.669213 0.955302 0.685600 0.955242 0.656110 0.843438 0.647970 0.846987 0.646891 0.841846 0.655994 0.842817 0.657212 0.854410 0.662802 0.843027 0.662682 0.854152 0.648786 0.856542 0.631294 0.860965 0.628943 0.852146 0.620590 0.852288 0.620424 0.851728 0.627843 0.847053 0.622820 0.862331 0.617589 0.863886 0.614585 0.854577 0.671367 0.845787 0.662787 0.842436 0.671795 0.840268 0.671481 0.855786 0.694873 0.850078 0.691086 0.860115 0.703195 0.850421 0.696453 0.844128 0.703535 0.849894 0.649979 0.834443 0.643160 0.834860 0.632565 0.797362 0.640547 0.794430 0.667576 0.832982 0.628038 0.839420 0.622181 0.842493 0.611755 0.811181 0.617708 0.806878 0.614276 0.854070 0.606992 0.850073 
						0.703805 0.835830 0.696057 0.834622 0.692439 0.787435 0.700873 0.786700 0.675034 0.832339 0.664814 0.790578 0.673348 0.789143 0.639703 0.786894 0.664460 0.783829 0.630777 0.788689 0.630238 0.764154 0.639294 0.766479 0.640403 0.760699 0.660915 0.759304 0.662596 0.765002 0.671257 0.761239 0.674156 0.783564 0.592671 0.822192 0.699489 0.862534 0.644807 0.920844 0.661059 0.920727 0.661111 0.927640 0.644828 0.927755 0.636812 0.927804 0.636840 0.920925 0.620528 0.927972 0.620381 0.921097 0.612514 0.928080 0.612416 0.921168 0.596561 0.928224 0.596495 0.921461 0.693148 0.927378 0.685518 0.920645 0.693171 0.920769 0.669028 0.920708 0.681359 0.891543 0.669156 0.887122 0.688781 0.894169 0.630673 0.891658 0.625612 0.892515 0.638551 0.891013 0.651807 0.887438 0.658227 0.884983 0.662934 0.884793 0.851566 0.933342 0.851285 0.927474 0.867698 0.927413 0.867470 0.933274 0.845518 0.933128 0.851630 0.949254 0.845575 0.949517 0.873525 0.933008 0.873588 0.949398 0.867541 0.949187 0.851417 0.955302 0.867804 0.955242 0.838314 0.843438 0.830174 0.846987 0.829095 0.841846 0.838199 0.842817 0.839416 0.854410 0.845006 0.843027 0.844886 0.854152 0.830991 0.856542 
						0.813498 0.860965 0.811147 0.852146 0.802794 0.852288 0.802628 0.851728 0.810047 0.847053 0.805024 0.862331 0.799794 0.863886 0.796789 0.854577 0.853571 0.845787 0.844991 0.842436 0.853999 0.840268 0.853685 0.855786 0.877078 0.850078 0.873290 0.860115 0.885399 0.850421 0.878657 0.844128 0.885739 0.849894 0.832183 0.834443 0.825364 0.834860 0.814769 0.797362 0.822751 0.794430 0.849780 0.832982 0.810243 0.839420 0.804385 0.842493 0.793960 0.811181 0.799912 0.806878 0.796480 0.854070 0.789196 0.850073 0.886009 0.835830 0.878262 0.834622 0.874643 0.787435 0.883077 0.786700 0.857239 0.832339 0.847019 0.790578 0.855553 0.789143 0.821907 0.786894 0.846665 0.783829 0.812981 0.788689 0.812442 0.764154 0.821498 0.766479 0.822607 0.760698 0.843120 0.759304 0.844800 0.765002 0.853462 0.761239 0.856360 0.783564 0.774875 0.822192 0.881693 0.862534 0.827011 0.920844 0.843263 0.920727 0.843316 0.927640 0.827032 0.927755 0.819016 0.927804 0.819044 0.920925 0.802732 0.927972 0.802585 0.921097 0.794718 0.928080 0.794620 0.921168 0.778765 0.928224 0.778699 0.921461 0.875352 0.927378 0.867722 0.920645 0.875376 0.920769 0.851233 0.920708 0.863563 0.891543 
						0.851360 0.887122 0.870986 0.894169 0.812877 0.891658 0.807816 0.892515 0.820756 0.891013 0.834011 0.887438 0.840431 0.884983 0.845139 0.884793 0.069597 0.901334 0.061060 0.901335 0.061063 0.790342 0.069603 0.790341 0.068140 0.905950 0.081699 0.901332 0.083175 0.905929 0.063541 0.907417 0.068154 0.921006 0.063540 0.919558 0.090236 0.901332 0.081689 0.790340 0.090230 0.790339 0.087792 0.907378 0.087799 0.919518 0.083204 0.920985 0.131469 0.901328 0.122930 0.901329 0.122927 0.790336 0.131466 0.790335 0.069621 0.925603 0.081756 0.925600 0.110852 0.901330 0.102314 0.901331 0.102310 0.790338 0.110849 0.790337 0.048982 0.901336 0.048983 0.790343 0.069597 0.901334 0.061060 0.901335 0.061063 0.790342 0.069603 0.790341 0.068140 0.905950 0.081699 0.901332 0.083175 0.905929 0.063541 0.907417 0.068154 0.921006 0.063540 0.919558 0.090236 0.901332 0.081689 0.790340 0.090230 0.790339 0.087792 0.907378 0.087799 0.919518 0.083204 0.920985 0.131469 0.901328 0.122930 0.901329 0.122927 0.790336 0.131466 0.790335 0.069621 0.925603 0.081756 0.925600 0.110852 0.901330 0.102314 0.901331 0.102310 0.790338 0.110849 0.790337 0.048982 0.901336 0.048983 0.790343 
						0.069597 0.901334 0.061060 0.901335 0.061063 0.790342 0.069603 0.790341 0.068140 0.905950 0.081699 0.901332 0.083175 0.905929 0.063541 0.907417 0.068154 0.921006 0.063540 0.919558 0.090236 0.901332 0.081689 0.790340 0.090230 0.790339 0.087792 0.907378 0.087799 0.919518 0.083204 0.920985 0.131469 0.901328 0.122930 0.901329 0.122927 0.790336 0.131466 0.790335 0.069621 0.925603 0.081756 0.925600 0.110852 0.901330 0.102314 0.901331 0.102310 0.790338 0.110849 0.790337 0.048982 0.901336 0.048983 0.790343 0.069597 0.901334 0.061060 0.901335 0.061063 0.790342 0.069603 0.790341 0.068140 0.905950 0.081699 0.901332 0.083175 0.905929 0.063541 0.907417 0.068154 0.921006 0.063540 0.919558 0.090236 0.901332 0.081689 0.790340 0.090230 0.790339 0.087792 0.907378 0.087799 0.919518 0.083204 0.920985 0.131469 0.901328 0.122930 0.901329 0.122927 0.790336 0.131466 0.790335 0.069621 0.925603 0.081756 0.925600 0.110852 0.901330 0.102314 0.901331 0.102310 0.790338 0.110849 0.790337 0.048982 0.901336 0.048983 0.790343 0.069597 0.901334 0.061060 0.901335 0.061063 0.790342 0.069603 0.790341 0.068140 0.905950 0.081699 0.901332 0.083175 0.905929 0.063541 0.907417 
						0.068154 0.921006 0.063540 0.919558 0.090236 0.901332 0.081689 0.790340 0.090230 0.790339 0.087792 0.907378 0.087799 0.919518 0.083204 0.920985 0.131469 0.901328 0.122930 0.901329 0.122927 0.790336 0.131466 0.790335 0.069621 0.925603 0.081756 0.925600 0.110852 0.901330 0.102314 0.901331 0.102310 0.790338 0.110849 0.790337 0.048982 0.901336 0.048983 0.790343 0.069597 0.901334 0.061060 0.901335 0.061063 0.790342 0.069603 0.790341 0.068140 0.905950 0.081699 0.901332 0.083175 0.905929 0.063541 0.907417 0.068154 0.921006 0.063540 0.919558 0.090236 0.901332 0.081689 0.790340 0.090230 0.790339 0.087792 0.907378 0.087799 0.919518 0.083204 0.920985 0.131469 0.901328 0.122930 0.901329 0.122927 0.790336 0.131466 0.790335 0.069621 0.925603 0.081756 0.925600 0.110852 0.901330 0.102314 0.901331 0.102310 0.790338 0.110849 0.790337 0.048982 0.901336 0.048983 0.790343 0.069597 0.901334 0.061060 0.901335 0.061063 0.790342 0.069603 0.790341 0.068140 0.905950 0.081699 0.901332 0.083175 0.905929 0.063541 0.907417 0.068154 0.921006 0.063540 0.919558 0.090236 0.901332 0.081689 0.790340 0.090230 0.790339 0.087792 0.907378 0.087799 0.919518 0.083204 0.920985 
						0.131469 0.901328 0.122930 0.901329 0.122927 0.790336 0.131466 0.790335 0.069621 0.925603 0.081756 0.925600 0.110852 0.901330 0.102314 0.901331 0.102310 0.790338 0.110849 0.790337 0.048982 0.901336 0.048983 0.790343 0.069597 0.901334 0.061060 0.901335 0.061063 0.790342 0.069603 0.790341 0.068140 0.905950 0.081699 0.901332 0.083175 0.905929 0.063541 0.907417 0.068154 0.921006 0.063540 0.919558 0.090236 0.901332 0.081689 0.790340 0.090230 0.790339 0.087792 0.907378 0.087799 0.919518 0.083204 0.920985 0.131469 0.901328 0.122930 0.901329 0.122927 0.790336 0.131466 0.790335 0.069621 0.925603 0.081756 0.925600 0.110852 0.901330 0.102314 0.901331 0.102310 0.790338 0.110849 0.790337 0.048982 0.901336 0.048983 0.790343 0.851566 0.933342 0.867470 0.933274 0.867698 0.927413 0.851285 0.927474 0.845518 0.933128 0.845575 0.949517 0.851630 0.949254 0.867541 0.949187 0.873588 0.949398 0.873525 0.933008 0.851417 0.955302 0.867804 0.955242 0.838314 0.843438 0.838199 0.842817 0.829095 0.841846 0.830174 0.846987 0.839416 0.854410 0.844886 0.854152 0.845006 0.843027 0.811147 0.852146 0.813498 0.860965 0.830991 0.856542 0.810047 0.847053 0.802628 0.851728 
						0.802794 0.852288 0.796789 0.854577 0.799794 0.863886 0.805024 0.862331 0.853571 0.845787 0.853999 0.840268 0.844991 0.842436 0.853685 0.855786 0.873290 0.860115 0.877078 0.850078 0.885399 0.850421 0.885739 0.849894 0.878657 0.844128 0.832183 0.834443 0.822751 0.794430 0.814769 0.797362 0.825364 0.834860 0.849780 0.832982 0.810243 0.839420 0.799912 0.806878 0.793960 0.811181 0.804385 0.842493 0.789196 0.850073 0.796480 0.854070 0.886009 0.835830 0.883077 0.786700 0.874643 0.787435 0.878262 0.834622 0.857239 0.832339 0.855553 0.789143 0.847019 0.790578 0.846665 0.783829 0.821907 0.786894 0.821498 0.766479 0.812442 0.764154 0.812981 0.788689 0.844800 0.765002 0.843120 0.759304 0.822607 0.760698 0.856360 0.783564 0.853462 0.761239 0.774875 0.822192 0.881693 0.862534 0.827011 0.920844 0.827032 0.927755 0.843316 0.927640 0.843263 0.920727 0.819044 0.920925 0.819016 0.927804 0.802585 0.921097 0.802732 0.927972 0.794620 0.921168 0.794718 0.928080 0.778765 0.928224 0.778699 0.921461 0.875352 0.927378 0.875376 0.920769 0.867722 0.920645 0.851233 0.920708 0.851360 0.887122 0.863563 0.891543 0.870986 0.894169 0.812877 0.891658 0.807816 0.892515 
						0.820756 0.891013 0.834011 0.887438 0.840431 0.884983 0.845139 0.884793 0.296148 0.275665 0.301913 0.293636 0.187726 0.320355 0.287576 0.258852 0.276417 0.243631 0.262961 0.230398 0.247556 0.219494 0.230602 0.211203 0.212538 0.205739 0.193831 0.203243 0.174966 0.203780 0.156431 0.207337 0.138707 0.213820 0.122252 0.223063 0.107493 0.234826 0.094812 0.248804 0.084538 0.264635 0.076936 0.281909 0.072203 0.300179 0.070463 0.318971 0.071759 0.337799 0.076059 0.356176 0.083251 0.373624 0.093149 0.389694 0.105497 0.403967 0.119974 0.416075 0.136206 0.425703 0.153772 0.432604 0.172218 0.436597 0.191065 0.437579 0.209826 0.435526 0.228014 0.430489 0.245159 0.422600 0.260817 0.412063 0.274581 0.399151 0.286096 0.384198 0.295063 0.367592 0.301251 0.349762 0.304498 0.331171 0.304720 0.312299 0.521835 0.317840 0.517964 0.333409 0.423468 0.301648 0.511645 0.348156 0.503043 0.361698 0.492380 0.373685 0.479932 0.383807 0.466021 0.391800 0.451009 0.397459 0.435283 0.400636 0.419251 0.401249 0.403329 0.399283 0.387928 0.394788 0.373447 0.387881 0.360262 0.378740 0.348714 0.367603 0.339102 0.354757 0.331675 0.340536 0.326626 0.325308 0.324085 0.309467 
						0.324118 0.293424 0.326723 0.277593 0.331835 0.262386 0.339320 0.248195 0.348984 0.235389 0.360577 0.224299 0.373799 0.215212 0.388308 0.208363 0.403727 0.203932 0.419657 0.202030 0.435686 0.202709 0.451399 0.205950 0.466388 0.211670 0.480266 0.219720 0.492673 0.229891 0.503287 0.241922 0.511834 0.255499 0.518093 0.270272 0.521900 0.285857 0.523159 0.301851 0.495440 0.061348 0.495288 0.058662 0.518343 0.058405 0.518455 0.061092 0.472424 0.061679 0.472231 0.058993 0.449408 0.062082 0.449176 0.059395 0.471628 0.050728 0.471949 0.055164 0.448838 0.055568 0.448451 0.051131 0.494809 0.050396 0.495063 0.054834 0.517991 0.050138 0.518179 0.054578 0.426394 0.062555 0.426123 0.059870 0.425728 0.056042 0.425277 0.051607 0.403385 0.063100 0.403076 0.060415 0.402624 0.056587 0.402108 0.052153 0.380383 0.063714 0.380033 0.061031 0.379526 0.057202 0.378947 0.052770 0.357389 0.064399 0.357000 0.061716 0.356437 0.057888 0.355794 0.053457 0.334404 0.065154 0.333978 0.062473 0.333356 0.058644 0.332649 0.054216 0.311429 0.065978 0.310966 0.063299 0.310288 0.059470 0.309515 0.055044 0.288470 0.066872 0.287967 0.064196 0.287233 0.060367 0.286395 0.055944 
						0.265524 0.067838 0.264985 0.065165 0.264193 0.061336 0.263289 0.056916 0.242599 0.068876 0.242020 0.066204 0.241169 0.062378 0.240197 0.057960 0.219694 0.069987 0.219076 0.067318 0.218167 0.063493 0.217124 0.059079 0.196815 0.071173 0.196159 0.068509 0.195186 0.064685 0.194071 0.060275 0.173967 0.072440 0.173266 0.069780 0.172230 0.065958 0.171037 0.061553 0.151120 0.073796 0.150358 0.071140 0.149242 0.067322 0.147966 0.062923 0.128086 0.075266 0.127164 0.072618 0.125893 0.068810 0.124462 0.064425 0.104421 0.076979 0.103068 0.074367 0.101361 0.070592 0.099484 0.066222 0.080555 0.079731 0.078560 0.077155 0.076193 0.073427 0.073664 0.069002 0.059088 0.086701 0.055433 0.082827 0.051702 0.079190 0.045031 0.073631 0.959628 0.073731 0.956351 0.077686 0.934321 0.071078 0.936082 0.068503 0.969337 0.064336 0.963055 0.070025 0.938108 0.064757 0.940220 0.060339 0.910229 0.068806 0.911355 0.066168 0.912716 0.062366 0.914193 0.057968 0.886433 0.067551 0.887125 0.064884 0.888054 0.061057 0.889093 0.056647 0.863303 0.066524 0.863829 0.063854 0.864604 0.060018 0.865489 0.055597 0.840376 0.065609 0.840834 0.062936 0.841532 0.059098 0.842328 0.054673 
						0.817451 0.064786 0.817864 0.062110 0.818493 0.058272 0.819214 0.053844 0.794504 0.064048 0.794876 0.061369 0.795441 0.057530 0.796086 0.053100 0.771537 0.063388 0.771865 0.060708 0.772370 0.056869 0.772944 0.052437 0.748553 0.062806 0.748842 0.060123 0.749286 0.056285 0.749790 0.051851 0.725558 0.062298 0.725806 0.059614 0.726191 0.055777 0.726626 0.051341 0.702554 0.061864 0.702762 0.059179 0.703088 0.055342 0.703456 0.050905 0.679543 0.061503 0.679712 0.058816 0.679978 0.054982 0.680280 0.050543 0.656530 0.061215 0.656658 0.058528 0.656867 0.054694 0.657100 0.050255 0.633515 0.061000 0.633602 0.058313 0.633752 0.054481 0.633917 0.050041 0.610500 0.060859 0.610546 0.058173 0.610635 0.054341 0.610734 0.049902 0.587487 0.060796 0.587492 0.058110 0.587521 0.054279 0.587548 0.049839 0.564477 0.060814 0.564444 0.058127 0.564407 0.054297 0.564362 0.049854 0.541467 0.060912 0.541396 0.058226 0.541293 0.054397 0.541173 0.049958 0.516940 0.081889 0.516923 0.086188 0.493298 0.086144 0.493298 0.081845 0.540587 0.082024 0.540551 0.086324 0.564239 0.082250 0.564185 0.086551 0.540369 0.108136 0.540411 0.103119 0.563974 0.103350 0.563911 0.108367 
						0.516832 0.107997 0.516852 0.102981 0.493296 0.107950 0.493296 0.102934 0.587899 0.082568 0.587828 0.086870 0.587543 0.103673 0.587458 0.108692 0.611570 0.082979 0.611480 0.087283 0.611121 0.104092 0.611013 0.109113 0.635255 0.083488 0.635146 0.087794 0.634709 0.104611 0.634579 0.109632 0.658958 0.084098 0.658829 0.088406 0.658311 0.105231 0.658156 0.110255 0.682682 0.084811 0.682531 0.089122 0.681929 0.105957 0.681749 0.110983 0.706431 0.085633 0.706258 0.089946 0.705564 0.106793 0.705356 0.111821 0.730206 0.086567 0.730008 0.090884 0.729212 0.107742 0.728973 0.112773 0.754000 0.087624 0.753774 0.091942 0.752856 0.108808 0.752578 0.113840 0.777779 0.088814 0.777520 0.093130 0.776447 0.109984 0.776122 0.115010 0.801468 0.090150 0.801167 0.094452 0.799894 0.111236 0.799507 0.116239 0.824927 0.091636 0.824575 0.095899 0.823044 0.112495 0.822578 0.117438 0.847975 0.093257 0.847556 0.097449 0.845715 0.113685 0.845157 0.118518 0.870463 0.095057 0.869957 0.099152 0.867804 0.114896 0.867157 0.119588 0.892391 0.097511 0.891808 0.101527 0.889556 0.116909 0.888883 0.121528 0.913987 0.101546 0.913527 0.105550 0.911734 0.121208 0.911157 0.125943 
						0.937341 0.102808 0.937330 0.107258 0.936133 0.125513 0.935504 0.130972 0.962573 0.095724 0.964768 0.102379 0.964259 0.127627 0.961831 0.135428 0.045721 0.099588 0.047969 0.092959 0.073114 0.100281 0.073092 0.104722 0.048383 0.132601 0.046026 0.124794 0.074161 0.123016 0.074736 0.128429 0.096445 0.099155 0.096877 0.103154 0.098553 0.118788 0.099095 0.123517 0.118046 0.095256 0.118600 0.099274 0.120740 0.114657 0.121379 0.119276 0.139972 0.093000 0.140446 0.097094 0.142483 0.112829 0.143096 0.117518 0.162444 0.091360 0.162832 0.095550 0.164558 0.111777 0.165082 0.116607 0.185479 0.089892 0.185802 0.094154 0.187219 0.110740 0.187651 0.115681 0.208929 0.088562 0.209200 0.092862 0.210362 0.109636 0.210715 0.114637 0.232607 0.087381 0.232838 0.091695 0.233801 0.108540 0.234093 0.113564 0.256376 0.086345 0.256574 0.090662 0.257386 0.107518 0.257630 0.112548 0.280159 0.085440 0.280329 0.089755 0.281021 0.106603 0.281229 0.111631 0.303921 0.084654 0.304068 0.088965 0.304661 0.105801 0.304838 0.110826 0.327655 0.083977 0.327780 0.088285 0.328286 0.105108 0.328437 0.110131 0.351361 0.083401 0.351467 0.087706 0.351892 0.104518 0.352019 0.109539 
						0.375046 0.082919 0.375133 0.087222 0.375482 0.104026 0.375587 0.109045 0.398715 0.082529 0.398783 0.086830 0.399059 0.103628 0.399141 0.108645 0.422370 0.082230 0.422421 0.086530 0.422626 0.103323 0.422687 0.108339 0.446016 0.082017 0.446050 0.086316 0.446186 0.103106 0.446226 0.108122 0.469657 0.081889 0.469674 0.086188 0.469742 0.102977 0.469762 0.107992 0.495508 0.062571 0.472511 0.062902 0.449513 0.063304 0.426518 0.063778 0.403527 0.064322 0.380542 0.064936 0.357564 0.065620 0.334596 0.066373 0.311639 0.067197 0.288695 0.068091 0.265769 0.069055 0.242858 0.070091 0.219970 0.071200 0.197110 0.072385 0.174279 0.073650 0.151463 0.075004 0.128517 0.076477 0.105087 0.078179 0.081718 0.080872 0.061134 0.087429 0.954358 0.078444 0.933250 0.072232 0.909662 0.070021 0.886107 0.068771 0.863070 0.067738 0.840175 0.066824 0.817271 0.066003 0.794342 0.065265 0.771393 0.064607 0.748427 0.064026 0.725450 0.063519 0.702463 0.063085 0.679472 0.062725 0.656475 0.062437 0.633478 0.062222 0.610482 0.062082 0.587487 0.062018 0.564493 0.062035 0.541499 0.062134 0.518505 0.062314 0.516953 0.078204 0.540612 0.078339 0.540331 0.112325 0.516812 0.112185 
						0.564278 0.078564 0.563854 0.112556 0.587952 0.078880 0.587382 0.112882 0.611638 0.079291 0.610917 0.113303 0.635338 0.079799 0.634462 0.113824 0.659056 0.080407 0.658018 0.114448 0.682797 0.081118 0.681589 0.115178 0.706563 0.081938 0.705173 0.116017 0.730358 0.082871 0.728763 0.116970 0.754175 0.083926 0.752338 0.118038 0.777982 0.085117 0.775843 0.119205 0.801705 0.086460 0.799176 0.120422 0.825205 0.087963 0.822182 0.121592 0.848304 0.089613 0.844676 0.122624 0.870869 0.091450 0.866592 0.123640 0.892914 0.093944 0.888278 0.125582 0.914368 0.097958 0.910585 0.130022 0.937008 0.099102 0.934826 0.135163 0.961351 0.092318 0.960492 0.139572 0.049223 0.089566 0.073478 0.096582 0.075378 0.132496 0.049693 0.136760 0.096088 0.095566 0.099639 0.127599 0.117551 0.091687 0.121954 0.123326 0.139594 0.089392 0.143632 0.121573 0.162141 0.087716 0.165535 0.120714 0.185226 0.086220 0.188019 0.119835 0.208716 0.084873 0.211018 0.118819 0.232429 0.083685 0.234345 0.117758 0.256225 0.082649 0.257845 0.116744 0.280029 0.081745 0.281413 0.115827 0.303811 0.080961 0.304996 0.115021 0.327561 0.080286 0.328572 0.114324 0.351283 0.079712 0.352134 0.113730 
						0.374982 0.079232 0.375680 0.113235 0.398664 0.078842 0.399216 0.112835 0.422332 0.078544 0.422743 0.112527 0.445991 0.078332 0.446263 0.112309 0.469645 0.078204 0.469779 0.112179 0.493298 0.078160 0.493296 0.112137 0.494182 0.038946 0.494138 0.038800 0.470784 0.039175 0.470828 0.039233 0.517560 0.038909 0.517470 0.038328 0.447445 0.039436 0.447471 0.039788 0.424055 0.039987 0.424175 0.040192 0.424055 0.039987 0.400723 0.040678 0.400832 0.040600 0.400723 0.040678 0.377373 0.041085 0.377526 0.041442 0.354223 0.041839 0.354040 0.042074 0.330892 0.042551 0.330747 0.042894 0.307556 0.043273 0.307484 0.043852 0.284205 0.044084 0.284258 0.044865 0.260957 0.045275 0.260957 0.045633 0.237597 0.046106 0.237798 0.046926 0.214411 0.047178 0.214497 0.048124 0.191184 0.048391 0.191266 0.049331 0.167923 0.049672 0.168080 0.050636 0.144570 0.051058 0.144768 0.052020 0.120523 0.052729 0.120660 0.053359 0.120523 0.052729 0.094588 0.054985 0.094337 0.054252 0.067363 0.056351 0.067008 0.055461 0.038678 0.058058 0.038048 0.057290 0.974851 0.047841 0.974275 0.048639 0.945673 0.047261 0.945510 0.046756 0.945673 0.047261 0.918187 0.046149 0.918245 0.046357 
						0.918187 0.046149 0.891961 0.045186 0.891966 0.045171 0.891961 0.045186 0.867788 0.043947 0.867753 0.044318 0.844369 0.042819 0.844301 0.043594 0.821054 0.041927 0.820991 0.042819 0.797654 0.041241 0.797768 0.041993 0.774347 0.040635 0.774434 0.041252 0.751014 0.039966 0.751107 0.040740 0.727707 0.039735 0.727738 0.039927 0.704440 0.039099 0.704314 0.039688 0.681056 0.038717 0.680997 0.039340 0.657686 0.038402 0.657655 0.039075 0.634321 0.038133 0.634306 0.038916 0.610949 0.038070 0.610960 0.038696 0.587579 0.037943 0.587608 0.038704 0.564188 0.037951 0.564278 0.038733 0.540864 0.038163 0.540884 0.038715 0.470700 0.037757 0.447335 0.038185 0.445982 0.022561 0.469583 0.022151 0.423960 0.038651 0.422389 0.023045 0.400599 0.039187 0.398804 0.023601 0.377253 0.039839 0.375227 0.024231 0.353942 0.040521 0.351658 0.024934 0.330613 0.041298 0.328099 0.025709 0.307296 0.042167 0.304549 0.026557 0.283990 0.043122 0.281010 0.027479 0.260676 0.044035 0.257480 0.028475 0.237401 0.045180 0.233961 0.029547 0.214168 0.046366 0.210453 0.030697 0.190926 0.047577 0.186958 0.031925 0.167680 0.048889 0.163485 0.033237 0.144325 0.050272 0.140081 0.034609 
						0.120210 0.051654 0.116599 0.035685 0.094024 0.053101 0.090666 0.035096 0.066572 0.054354 0.062002 0.033636 0.035857 0.055955 0.025222 0.032239 0.976949 0.046478 0.946032 0.045790 0.948813 0.024603 0.985438 0.022544 0.918520 0.044699 0.920300 0.026662 0.892241 0.043718 0.894411 0.027740 0.868033 0.042715 0.870840 0.027123 0.844562 0.041853 0.847331 0.026211 0.821221 0.041054 0.823761 0.025361 0.797879 0.040256 0.800177 0.024597 0.774546 0.039555 0.776584 0.023914 0.751188 0.038992 0.752987 0.023312 0.727854 0.038393 0.729385 0.022788 0.704495 0.037997 0.705778 0.022341 0.681118 0.037637 0.682167 0.021970 0.657740 0.037356 0.658551 0.021676 0.634359 0.037165 0.634933 0.021458 0.610978 0.036992 0.611309 0.021317 0.587595 0.036959 0.587683 0.021256 0.564209 0.036983 0.564055 0.021275 0.540836 0.037037 0.540429 0.021375 0.517450 0.037220 0.516808 0.021556 0.494074 0.037429 0.493192 0.021815 0.470927 0.040829 0.494255 0.040490 0.447596 0.041209 0.424289 0.041701 0.400980 0.042269 0.377669 0.042856 0.354336 0.043564 0.331049 0.044317 0.307769 0.045118 0.284504 0.045978 0.261269 0.047038 0.238021 0.047996 0.214763 0.049069 0.191555 0.050278 
						0.168358 0.051547 0.145064 0.052933 0.121100 0.054576 0.095097 0.056233 0.068058 0.057708 0.039141 0.059788 0.944915 0.048498 0.973924 0.050362 0.917722 0.047913 0.891568 0.046800 0.867458 0.045718 0.844085 0.044710 0.820806 0.043830 0.797528 0.043131 0.774218 0.042492 0.750917 0.041864 0.727575 0.041442 0.704243 0.040950 0.680923 0.040579 0.657596 0.040278 0.634263 0.040035 0.610927 0.039932 0.587593 0.039838 0.564261 0.039851 0.540915 0.040003 0.517588 0.040179 0.470784 0.039175 0.494138 0.038800 0.494182 0.038946 0.470828 0.039233 0.517560 0.038909 0.517470 0.038328 0.447445 0.039436 0.447471 0.039788 0.424175 0.040192 0.377373 0.041085 0.377526 0.041442 0.354223 0.041839 0.354040 0.042074 0.330892 0.042551 0.330747 0.042894 0.307556 0.043273 0.307484 0.043852 0.284205 0.044084 0.284258 0.044865 0.260957 0.045275 0.260957 0.045633 0.237597 0.046106 0.237798 0.046926 0.214411 0.047178 0.214497 0.048124 0.191184 0.048391 0.191266 0.049331 0.167923 0.049672 0.168080 0.050636 0.144570 0.051058 0.144768 0.052020 0.120660 0.053359 0.918245 0.046357 0.867788 0.043947 0.867753 0.044318 0.844369 0.042819 0.844301 0.043594 0.821054 0.041927 
						0.820991 0.042819 0.797654 0.041241 0.797768 0.041993 0.774347 0.040635 0.774434 0.041252 0.751014 0.039966 0.751107 0.040740 0.727707 0.039735 0.727738 0.039927 0.704440 0.039099 0.704314 0.039688 0.681056 0.038717 0.680997 0.039340 0.657686 0.038402 0.657655 0.039075 0.634321 0.038133 0.634306 0.038916 0.610949 0.038070 0.610960 0.038696 0.587579 0.037943 0.587608 0.038704 0.564188 0.037951 0.564278 0.038733 0.540864 0.038163 0.540884 0.038715 0.540211 0.125349 0.516752 0.125208 0.563674 0.125583 0.587141 0.125913 0.610615 0.126339 0.634097 0.126865 0.657588 0.127494 0.681091 0.128230 0.704603 0.129075 0.728116 0.130035 0.751606 0.131108 0.775017 0.132272 0.798240 0.133460 0.821101 0.134551 0.843382 0.135436 0.864980 0.136275 0.886279 0.138136 0.908302 0.142677 0.932226 0.148490 0.957222 0.153452 0.077871 0.145818 0.052864 0.150654 0.101829 0.140258 0.123864 0.135887 0.145155 0.134208 0.166741 0.133523 0.189013 0.132790 0.211868 0.131853 0.235087 0.130820 0.258493 0.129809 0.281979 0.128886 0.305487 0.128072 0.328993 0.127369 0.352489 0.126769 0.375974 0.126269 0.399448 0.125864 0.422916 0.125553 0.446378 0.125333 0.469837 0.125202 
						0.493294 0.125160 0.516669 0.144010 0.540048 0.144152 0.539681 0.186674 0.516481 0.186531 0.563429 0.144387 0.562879 0.186910 0.586814 0.144718 0.586077 0.187241 0.610202 0.145146 0.609273 0.187670 0.633595 0.145674 0.632470 0.188199 0.656995 0.146305 0.655665 0.188832 0.680402 0.147043 0.678861 0.189573 0.703815 0.147893 0.702063 0.190433 0.727228 0.148858 0.725296 0.191424 0.750627 0.149930 0.748616 0.192527 0.773971 0.151056 0.772101 0.193593 0.797155 0.152098 0.795725 0.194217 0.819956 0.152838 0.819114 0.193747 0.842021 0.153120 0.841253 0.191643 0.863021 0.153277 0.860480 0.188505 0.883205 0.154874 0.875731 0.187978 0.903895 0.160093 0.889694 0.195616 0.926772 0.168213 0.907130 0.209383 0.951772 0.178306 0.928635 0.224700 0.058126 0.175511 0.083183 0.165615 0.102488 0.206879 0.080884 0.222022 0.106099 0.157674 0.120006 0.193262 0.126809 0.152633 0.134017 0.185765 0.146988 0.151205 0.149265 0.186422 0.167977 0.151200 0.168467 0.189699 0.190031 0.151070 0.190586 0.191957 0.212827 0.150485 0.213966 0.192589 0.236007 0.149598 0.237591 0.192127 0.259350 0.148626 0.261082 0.191218 0.282749 0.147704 0.284411 0.190268 0.306161 0.146885 
						0.307652 0.189424 0.329571 0.146177 0.330862 0.188705 0.352977 0.145575 0.354066 0.188099 0.376374 0.145072 0.377270 0.187594 0.399765 0.144666 0.400473 0.187187 0.423151 0.144353 0.423675 0.186873 0.446533 0.144132 0.446878 0.186652 0.469912 0.144001 0.470079 0.186521 0.493290 0.143960 0.493281 0.186481 0.516709 0.134977 0.493292 0.134928 0.540127 0.135118 0.563547 0.135353 0.586972 0.135683 0.610401 0.136110 0.633837 0.136637 0.657281 0.137267 0.680733 0.138003 0.704193 0.138850 0.727652 0.139813 0.751089 0.140887 0.774452 0.142040 0.797632 0.143178 0.820436 0.144140 0.842591 0.144789 0.863901 0.145330 0.884712 0.147031 0.906204 0.151837 0.929741 0.158621 0.954816 0.165687 0.055176 0.162894 0.080290 0.156019 0.103857 0.149415 0.125363 0.144787 0.146168 0.143261 0.167467 0.142874 0.189612 0.142377 0.212410 0.141569 0.235587 0.140585 0.258947 0.139585 0.282381 0.138661 0.305837 0.137845 0.329293 0.137140 0.352742 0.136539 0.376182 0.136038 0.399613 0.135633 0.423038 0.135321 0.446458 0.135101 0.469876 0.134969 0.924029 0.575620 0.901358 0.570492 0.904720 0.490794 0.927739 0.486315 0.878750 0.566307 0.881851 0.492467 0.080902 0.514072 
						0.080806 0.493550 0.098337 0.492941 0.099631 0.513806 0.080575 0.471250 0.095739 0.470540 0.081084 0.575582 0.081079 0.553289 0.098628 0.553729 0.096295 0.576143 0.081033 0.532761 0.099593 0.532873 0.159992 0.533571 0.159452 0.556191 0.139227 0.555692 0.140724 0.533372 0.158262 0.580078 0.136360 0.579208 0.157349 0.465873 0.158880 0.489767 0.138720 0.490535 0.135589 0.467037 0.159835 0.512403 0.140426 0.512852 0.040136 0.513252 0.062255 0.513850 0.062357 0.533138 0.040045 0.533824 0.179490 0.533525 0.179288 0.512187 0.065390 0.470268 0.063275 0.492768 0.041659 0.490993 0.044597 0.467757 0.063526 0.554203 0.041882 0.556128 0.065882 0.576691 0.045099 0.579379 0.179802 0.555597 0.179843 0.578933 0.179139 0.490041 0.178761 0.466671 0.880830 0.586825 0.898258 0.584605 0.910117 0.596120 0.885438 0.609523 0.884519 0.472146 0.890206 0.449842 0.914505 0.463940 0.901635 0.475555 0.540738 0.586633 0.537044 0.586777 0.537177 0.579628 0.540955 0.579479 0.437453 0.725134 0.437438 0.728907 0.415745 0.728839 0.415778 0.725066 0.441430 0.725140 0.438339 0.634780 0.442304 0.632290 0.441470 0.728911 0.809336 0.715007 0.809656 0.718771 0.532728 0.446261 
						0.537013 0.447469 0.535921 0.454454 0.532393 0.453400 0.442303 0.628535 0.808608 0.636396 0.808386 0.640166 0.438391 0.629866 0.416184 0.652465 0.415357 0.648240 0.565053 0.585846 0.561369 0.585932 0.561658 0.578787 0.565411 0.578678 0.411859 0.725071 0.411848 0.728849 0.214329 0.733233 0.214593 0.729298 0.412185 0.653217 0.563997 0.459968 0.566808 0.461042 0.566399 0.468243 0.562827 0.467043 0.411953 0.649426 0.214605 0.648209 0.214211 0.644157 0.756879 0.595267 0.753342 0.597342 0.754223 0.590464 0.757985 0.591667 0.210922 0.729093 0.209153 0.735894 0.195231 0.751540 0.196414 0.743528 0.210698 0.648377 0.755717 0.454979 0.759217 0.457204 0.760180 0.460849 0.756325 0.461904 0.209119 0.641510 0.196373 0.633403 0.195399 0.625797 0.780349 0.604282 0.775995 0.600424 0.777286 0.596250 0.781264 0.597639 0.192271 0.748668 0.192131 0.752677 0.088535 0.759496 0.089104 0.755698 0.192394 0.628577 0.778785 0.452949 0.783405 0.449309 0.783933 0.455995 0.779869 0.457179 0.192288 0.624622 0.091793 0.619579 0.091324 0.615768 0.064842 0.751721 0.067627 0.748751 0.069923 0.625909 0.067159 0.622936 0.923958 0.639232 0.924038 0.635458 0.947211 0.635154 
						0.947261 0.638925 0.904697 0.639496 0.905078 0.635720 0.885438 0.639783 0.886228 0.636008 0.846906 0.640319 0.848102 0.636549 0.905653 0.713175 0.906132 0.716940 0.887276 0.717144 0.886388 0.713391 0.924916 0.712937 0.925094 0.716706 0.849151 0.717594 0.847862 0.713868 0.948219 0.712634 0.948268 0.716406 0.829747 0.718124 0.828599 0.714394 0.827644 0.640206 0.828737 0.636436 0.054810 0.731074 0.058642 0.729964 0.056379 0.643625 0.060305 0.644435 0.541170 0.556406 0.537321 0.556596 0.536852 0.535036 0.540925 0.534609 0.562216 0.555513 0.566016 0.555409 0.561959 0.533321 0.566142 0.533252 0.522242 0.497873 0.526445 0.498878 0.549740 0.514571 0.554239 0.515085 0.757077 0.565993 0.760774 0.567600 0.758301 0.541575 0.762291 0.543064 0.758262 0.510672 0.762078 0.509300 0.532481 0.477119 0.529044 0.476296 0.558000 0.490996 0.561889 0.492095 0.758056 0.486392 0.761831 0.484938 0.780052 0.574909 0.783502 0.575867 0.777599 0.554539 0.781485 0.555886 0.777757 0.498915 0.781495 0.497676 0.781368 0.478655 0.784867 0.477870 0.914650 0.600627 0.886438 0.614720 0.931101 0.576074 0.918065 0.460535 0.932964 0.485238 0.891561 0.444676 0.049135 0.435933 
						0.071604 0.439089 0.072430 0.607816 0.049969 0.611176 0.109221 0.600615 0.145102 0.592061 0.108350 0.445929 0.144136 0.454079 0.180584 0.586111 0.179389 0.459465 0.090109 0.442198 0.090950 0.604534 0.162628 0.588590 0.161525 0.457391 0.851566 0.933342 0.851285 0.927474 0.867698 0.927413 0.867470 0.933274 0.845518 0.933128 0.851630 0.949254 0.845575 0.949517 0.873525 0.933008 0.873588 0.949398 0.867541 0.949187 0.851417 0.955302 0.867804 0.955242 0.838314 0.843438 0.830174 0.846987 0.829095 0.841846 0.838199 0.842817 0.839416 0.854410 0.845006 0.843027 0.844886 0.854152 0.830991 0.856542 0.813498 0.860965 0.811147 0.852146 0.802794 0.852288 0.802628 0.851728 0.810047 0.847053 0.805024 0.862331 0.799794 0.863886 0.796789 0.854577 0.853571 0.845787 0.844991 0.842436 0.853999 0.840268 0.853685 0.855786 0.877078 0.850078 0.873290 0.860115 0.885399 0.850421 0.878657 0.844128 0.885739 0.849894 0.832183 0.834443 0.825364 0.834860 0.814769 0.797362 0.822751 0.794430 0.849780 0.832982 0.810243 0.839420 0.804385 0.842493 0.793960 0.811181 0.799912 0.806878 0.796480 0.854070 0.789196 0.850073 0.886009 0.835830 0.878262 0.834622 0.874643 0.787435 
						0.883077 0.786700 0.857239 0.832339 0.847019 0.790578 0.855553 0.789143 0.821907 0.786894 0.846665 0.783829 0.812981 0.788689 0.812442 0.764154 0.821498 0.766479 0.822607 0.760698 0.843120 0.759304 0.844800 0.765002 0.853462 0.761239 0.856360 0.783564 0.774875 0.822192 0.881693 0.862534 0.827011 0.920844 0.843263 0.920727 0.843316 0.927640 0.827032 0.927755 0.819016 0.927804 0.819044 0.920925 0.802732 0.927972 0.802585 0.921097 0.794718 0.928080 0.794620 0.921168 0.778765 0.928224 0.778699 0.921461 0.875352 0.927378 0.867722 0.920645 0.875376 0.920769 0.851233 0.920708 0.863563 0.891543 0.851360 0.887122 0.870986 0.894169 0.812877 0.891658 0.807816 0.892515 0.820756 0.891013 0.834011 0.887438 0.840431 0.884983 0.845139 0.884793 0.069597 0.901334 0.069603 0.790341 0.061063 0.790342 0.061060 0.901335 0.068140 0.905950 0.083175 0.905929 0.081699 0.901332 0.063541 0.907417 0.063540 0.919558 0.068154 0.921006 0.090236 0.901332 0.090230 0.790339 0.081689 0.790340 0.083204 0.920985 0.087799 0.919517 0.087792 0.907378 0.131469 0.901328 0.131466 0.790335 0.122927 0.790336 0.122930 0.901329 0.069621 0.925603 0.081756 0.925600 0.110852 0.901330 
						0.110849 0.790337 0.102310 0.790338 0.102314 0.901331 0.048983 0.790343 0.048982 0.901336 0.069597 0.901334 0.069603 0.790341 0.061063 0.790342 0.061060 0.901335 0.068140 0.905950 0.083175 0.905929 0.081699 0.901332 0.063541 0.907417 0.063540 0.919558 0.068154 0.921006 0.090236 0.901332 0.090230 0.790339 0.081689 0.790340 0.083204 0.920985 0.087799 0.919517 0.087792 0.907378 0.131469 0.901328 0.131466 0.790335 0.122927 0.790336 0.122930 0.901329 0.069621 0.925603 0.081756 0.925600 0.110852 0.901330 0.110849 0.790337 0.102310 0.790338 0.102314 0.901331 0.048983 0.790343 0.048982 0.901336 0.069597 0.901334 0.069603 0.790341 0.061063 0.790342 0.061060 0.901335 0.068140 0.905950 0.083175 0.905929 0.081699 0.901332 0.063541 0.907417 0.063540 0.919558 0.068154 0.921006 0.090236 0.901332 0.090230 0.790339 0.081689 0.790340 0.083204 0.920985 0.087799 0.919517 0.087792 0.907378 0.131469 0.901328 0.131466 0.790335 0.122927 0.790336 0.122930 0.901329 0.069621 0.925603 0.081756 0.925600 0.110852 0.901330 0.110849 0.790337 0.102310 0.790338 0.102314 0.901331 0.048983 0.790343 0.048982 0.901336 0.069597 0.901334 0.069603 0.790341 0.061063 0.790342 
						0.061060 0.901335 0.068140 0.905950 0.083175 0.905929 0.081699 0.901332 0.063541 0.907417 0.063540 0.919558 0.068154 0.921006 0.090236 0.901332 0.090230 0.790339 0.081689 0.790340 0.083204 0.920985 0.087799 0.919517 0.087792 0.907378 0.131469 0.901328 0.131466 0.790335 0.122927 0.790336 0.122930 0.901329 0.069621 0.925603 0.081756 0.925600 0.110852 0.901330 0.110849 0.790337 0.102310 0.790338 0.102314 0.901331 0.048983 0.790343 0.048982 0.901336 0.069597 0.901334 0.069603 0.790341 0.061063 0.790342 0.061060 0.901335 0.068140 0.905950 0.083175 0.905929 0.081699 0.901332 0.063541 0.907417 0.063540 0.919558 0.068154 0.921006 0.090236 0.901332 0.090230 0.790339 0.081689 0.790340 0.083204 0.920985 0.087799 0.919517 0.087792 0.907378 0.131469 0.901328 0.131466 0.790335 0.122927 0.790336 0.122930 0.901329 0.069621 0.925603 0.081756 0.925600 0.110852 0.901330 0.110849 0.790337 0.102310 0.790338 0.102314 0.901331 0.048983 0.790343 0.048982 0.901336 0.069597 0.901334 0.069603 0.790341 0.061063 0.790342 0.061060 0.901335 0.068140 0.905950 0.083175 0.905929 0.081699 0.901332 0.063541 0.907417 0.063540 0.919558 0.068154 0.921006 0.090236 0.901332 
						0.090230 0.790339 0.081689 0.790340 0.083204 0.920985 0.087799 0.919517 0.087792 0.907378 0.131469 0.901328 0.131466 0.790335 0.122927 0.790336 0.122930 0.901329 0.069621 0.925603 0.081756 0.925600 0.110852 0.901330 0.110849 0.790337 0.102310 0.790338 0.102314 0.901331 0.048983 0.790343 0.048982 0.901336 0.069597 0.901334 0.069603 0.790341 0.061063 0.790342 0.061060 0.901335 0.068140 0.905950 0.083175 0.905929 0.081699 0.901332 0.063541 0.907417 0.063540 0.919558 0.068154 0.921006 0.090236 0.901332 0.090230 0.790339 0.081689 0.790340 0.083204 0.920985 0.087799 0.919517 0.087792 0.907378 0.131469 0.901328 0.131466 0.790335 0.122927 0.790336 0.122930 0.901329 0.069621 0.925603 0.081756 0.925600 0.110852 0.901330 0.110849 0.790337 0.102310 0.790338 0.102314 0.901331 0.048983 0.790343 0.048982 0.901336 0.069597 0.901334 0.069603 0.790341 0.061063 0.790342 0.061060 0.901335 0.068140 0.905950 0.083175 0.905929 0.081699 0.901332 0.063541 0.907417 0.063540 0.919558 0.068154 0.921006 0.090236 0.901332 0.090230 0.790339 0.081689 0.790340 0.083204 0.920985 0.087799 0.919517 0.087792 0.907378 0.131469 0.901328 0.131466 0.790335 0.122927 0.790336 
						0.122930 0.901329 0.069621 0.925603 0.081756 0.925600 0.110852 0.901330 0.110849 0.790337 0.102310 0.790338 0.102314 0.901331 0.048983 0.790343 0.048982 0.901336 0.483603 0.776680 0.486687 0.775536 0.483899 0.821055 0.480390 0.818699 0.483591 0.822760 0.496996 0.825038 0.495853 0.826330 0.479833 0.821219 0.463970 0.820131 0.464019 0.818692 0.502512 0.772503 0.506120 0.772539 0.501323 0.826200 0.477866 0.828460 0.477016 0.830302 0.462200 0.829147 0.462501 0.827769 0.436555 0.818965 0.436465 0.817593 0.436445 0.828498 0.436508 0.827158 0.357043 0.772743 0.360717 0.773402 0.366072 0.826052 0.362030 0.827916 0.367310 0.827836 0.381826 0.820323 0.381986 0.821993 0.362174 0.829638 0.348194 0.833025 0.347243 0.831601 0.334746 0.772469 0.338724 0.772090 0.342406 0.832955 0.369628 0.834130 0.369355 0.831854 0.383825 0.829164 0.384213 0.830645 0.409772 0.827273 0.409941 0.828740 0.409007 0.818379 0.408932 0.816900 0.477127 0.858093 0.370173 0.863015 0.851566 0.933342 0.867470 0.933274 0.867698 0.927413 0.851285 0.927474 0.845518 0.933128 0.845575 0.949517 0.851630 0.949254 0.867541 0.949187 0.873588 0.949398 0.873525 0.933008 0.851417 0.955302 
						0.867804 0.955242 0.838314 0.843438 0.838199 0.842817 0.829095 0.841846 0.830174 0.846987 0.839416 0.854410 0.844886 0.854152 0.845006 0.843027 0.811147 0.852146 0.813498 0.860965 0.830991 0.856542 0.810047 0.847053 0.802628 0.851728 0.802794 0.852288 0.796789 0.854577 0.799794 0.863886 0.805024 0.862331 0.853571 0.845787 0.853999 0.840268 0.844991 0.842436 0.853685 0.855786 0.873290 0.860115 0.877078 0.850078 0.885399 0.850421 0.885739 0.849894 0.878657 0.844128 0.832183 0.834443 0.822751 0.794430 0.814769 0.797362 0.825364 0.834860 0.849780 0.832982 0.810243 0.839420 0.799912 0.806878 0.793960 0.811181 0.804385 0.842493 0.789196 0.850073 0.796480 0.854070 0.886009 0.835830 0.883077 0.786700 0.874643 0.787435 0.878262 0.834622 0.857239 0.832339 0.855553 0.789143 0.847019 0.790578 0.846665 0.783829 0.821907 0.786894 0.821498 0.766479 0.812442 0.764154 0.812981 0.788689 0.844800 0.765002 0.843120 0.759304 0.822607 0.760698 0.856360 0.783564 0.853462 0.761239 0.774875 0.822192 0.881693 0.862534 0.827011 0.920844 0.827032 0.927755 0.843316 0.927640 0.843263 0.920727 0.819044 0.920925 0.819016 0.927804 0.802585 0.921097 0.802732 0.927972 
						0.794620 0.921168 0.794718 0.928080 0.778765 0.928224 0.778699 0.921461 0.875352 0.927378 0.875376 0.920769 0.867722 0.920645 0.851233 0.920708 0.851360 0.887122 0.863563 0.891543 0.870986 0.894169 0.812877 0.891658 0.807816 0.892515 0.820756 0.891013 0.834011 0.887438 0.840431 0.884983 0.845139 0.884793 0.288522 0.841403 0.285214 0.876835 0.280405 0.860984 0.276436 0.850487 0.272607 0.842433 0.169960 0.840859 0.185818 0.842084 0.181871 0.850082 0.177729 0.860464 0.172666 0.876110 0.200424 0.828769 0.199272 0.829203 0.191854 0.776311 0.193210 0.776164 0.198119 0.829976 0.190196 0.776538 0.260465 0.830025 0.259317 0.829250 0.267146 0.776423 0.268808 0.776659 0.258161 0.828828 0.265788 0.776269 0.201212 0.946760 0.199988 0.946586 0.199312 0.932486 0.200570 0.932953 0.184138 0.934713 0.182899 0.933080 0.198306 0.930393 0.200499 0.931637 0.255954 0.932195 0.255854 0.933515 0.200347 0.929725 0.256154 0.930280 0.257128 0.933071 0.256098 0.947185 0.254871 0.947330 0.258179 0.930997 0.273561 0.934053 0.272266 0.935648 0.263883 0.869806 0.264925 0.869342 0.265629 0.880203 0.264376 0.880272 0.265912 0.868918 0.266765 0.880074 0.195961 0.860650 
						0.195110 0.860018 0.197518 0.852598 0.198377 0.853156 0.194252 0.859435 0.196730 0.851945 0.157282 0.783999 0.301833 0.784355 0.256794 0.835086 0.201679 0.834895 0.256833 0.841828 0.201640 0.841772 0.258298 0.848854 0.200030 0.848739 0.192060 0.868607 0.190982 0.879686 0.259876 0.853319 0.193362 0.879921 0.258997 0.842151 0.259480 0.835583 0.261519 0.852104 0.259968 0.847737 0.199462 0.842030 0.198368 0.847596 0.199024 0.835401 0.263882 0.859672 0.262155 0.860864 0.194071 0.869531 0.200493 0.834753 0.257976 0.834964 0.257639 0.842548 0.200801 0.842455 0.258948 0.848095 0.199379 0.847980 0.263013 0.860241 0.260736 0.852762 0.257219 0.930510 0.199276 0.929928 0.192103 0.879833 0.193039 0.869051 0.199671 0.931660 0.256786 0.932236 0.916941 0.247174 0.924786 0.247170 0.924791 0.344837 0.916945 0.344841 0.916945 0.344841 0.924791 0.344837 0.924795 0.352682 0.916949 0.352687 0.916936 0.239328 0.924782 0.239324 0.924786 0.247170 0.916941 0.247174 0.932632 0.247165 0.932636 0.344832 0.909095 0.247178 0.909099 0.344845 0.889581 0.247174 0.897427 0.247170 0.897431 0.344837 0.889586 0.344841 0.889586 0.344841 0.897431 0.344837 0.897436 0.352682 
						0.889590 0.352687 0.889577 0.239328 0.897423 0.239324 0.897427 0.247170 0.889581 0.247174 0.905273 0.247165 0.905277 0.344832 0.881736 0.247178 0.881740 0.344845 0.863134 0.247174 0.870980 0.247170 0.870984 0.344837 0.863138 0.344841 0.863138 0.344841 0.870984 0.344837 0.870988 0.352682 0.863142 0.352687 0.863130 0.239328 0.870975 0.239324 0.870980 0.247170 0.863134 0.247174 0.878825 0.247165 0.878830 0.344832 0.855288 0.247178 0.855293 0.344845 0.834936 0.247174 0.842781 0.247170 0.842785 0.344837 0.834940 0.344841 0.834940 0.344841 0.842785 0.344837 0.842790 0.352682 0.834944 0.352687 0.834931 0.239328 0.842777 0.239324 0.842781 0.247170 0.834936 0.247174 0.850627 0.247165 0.850631 0.344832 0.827090 0.247178 0.827094 0.344845 0.806699 0.247174 0.814545 0.247170 0.814549 0.344837 0.806703 0.344841 0.806703 0.344841 0.814549 0.344837 0.814553 0.352682 0.806708 0.352687 0.806695 0.239328 0.814540 0.239324 0.814545 0.247170 0.806699 0.247174 0.822390 0.247165 0.822395 0.344832 0.798853 0.247178 0.798858 0.344845 0.780124 0.247174 0.787969 0.247170 0.787974 0.344837 0.780128 0.344841 0.780128 0.344841 0.787974 0.344837 0.787978 0.352682 
						0.780132 0.352687 0.780119 0.239328 0.787965 0.239324 0.787969 0.247170 0.780124 0.247174 0.795815 0.247165 0.795819 0.344832 0.772278 0.247178 0.772282 0.344845 0.562765 0.247174 0.570611 0.247170 0.570615 0.344837 0.562769 0.344841 0.562769 0.344841 0.570615 0.344837 0.570619 0.352682 0.562774 0.352687 0.562761 0.239328 0.570607 0.239324 0.570611 0.247170 0.562765 0.247174 0.578457 0.247165 0.578461 0.344832 0.554919 0.247178 0.554924 0.344845 0.591569 0.247174 0.599414 0.247170 0.599419 0.344837 0.591573 0.344841 0.591573 0.344841 0.599419 0.344837 0.599423 0.352682 0.591577 0.352687 0.591565 0.239328 0.599410 0.239324 0.599414 0.247170 0.591569 0.247174 0.607260 0.247165 0.607264 0.344832 0.583723 0.247178 0.583727 0.344845 0.618606 0.247174 0.626452 0.247170 0.626456 0.344837 0.618611 0.344841 0.618611 0.344841 0.626456 0.344837 0.626461 0.352682 0.618615 0.352687 0.618602 0.239328 0.626448 0.239324 0.626452 0.247170 0.618606 0.247174 0.634298 0.247165 0.634302 0.344832 0.610761 0.247178 0.610765 0.344845 0.645075 0.247174 0.652921 0.247170 0.652925 0.344837 0.645079 0.344841 0.645079 0.344841 0.652925 0.344837 0.652929 0.352682 
						0.645084 0.352687 0.645071 0.239328 0.652916 0.239324 0.652921 0.247170 0.645075 0.247174 0.660766 0.247165 0.660771 0.344832 0.637229 0.247178 0.637234 0.344845 0.671789 0.247174 0.679635 0.247170 0.679639 0.344837 0.671794 0.344841 0.671794 0.344841 0.679639 0.344837 0.679644 0.352682 0.671798 0.352687 0.671785 0.239328 0.679631 0.239324 0.679635 0.247170 0.671789 0.247174 0.687481 0.247165 0.687485 0.344832 0.663944 0.247178 0.663948 0.344845 0.698511 0.247174 0.706357 0.247170 0.706361 0.344837 0.698516 0.344841 0.698516 0.344841 0.706361 0.344837 0.706365 0.352682 0.698520 0.352687 0.698507 0.239328 0.706353 0.239324 0.706357 0.247170 0.698511 0.247174 0.714203 0.247165 0.714207 0.344832 0.690666 0.247178 0.690670 0.344845 0.725233 0.247174 0.733079 0.247170 0.733083 0.344837 0.725237 0.344841 0.725237 0.344841 0.733083 0.344837 0.733087 0.352682 0.725242 0.352687 0.725229 0.239328 0.733075 0.239324 0.733079 0.247170 0.725233 0.247174 0.740924 0.247165 0.740929 0.344832 0.717387 0.247178 0.717392 0.344845 0.752441 0.247174 0.760286 0.247170 0.760291 0.344837 0.752445 0.344841 0.752445 0.344841 0.760291 0.344837 0.760295 0.352682 
						0.752449 0.352687 0.752436 0.239328 0.760282 0.239324 0.760286 0.247170 0.752441 0.247174 0.768132 0.247166 0.768136 0.344832 0.744595 0.247178 0.744599 0.344845 0.121365 0.972519 0.125616 0.972484 0.125606 0.976919 0.121398 0.976931 0.125587 0.981351 0.120973 0.981310 0.125560 0.985785 0.120981 0.985745 0.120851 0.968154 0.125590 0.968048 0.036918 0.973034 0.036194 0.968659 0.036947 0.977478 0.036278 0.981860 0.036306 0.986295 0.875315 0.969276 0.875013 0.973696 0.875730 0.982522 0.875289 0.986920 0.875436 0.978096 0.121365 0.972519 0.125616 0.972484 0.125606 0.976919 0.121398 0.976931 0.125587 0.981351 0.120973 0.981310 0.125560 0.985785 0.120981 0.985745 0.120851 0.968154 0.125590 0.968048 0.036918 0.973034 0.036194 0.968659 0.036947 0.977478 0.036278 0.981860 0.036306 0.986295 0.875315 0.969276 0.875013 0.973696 0.875730 0.982522 0.875289 0.986920 0.875436 0.978096 0.965199 0.969605 0.964371 0.973959 0.966488 0.982521 0.965171 0.986733 0.965679 0.978182 0.121365 0.972519 0.125616 0.972484 0.125606 0.976919 0.121398 0.976931 0.125587 0.981351 0.120973 0.981310 0.125560 0.985785 0.120981 0.985745 0.120851 0.968154 0.125590 0.968048 
						0.036918 0.973034 0.036194 0.968659 0.036947 0.977478 0.036278 0.981860 0.036306 0.986295 0.875315 0.969276 0.875013 0.973696 0.875730 0.982522 0.875289 0.986920 0.875436 0.978096 0.965199 0.969605 0.964371 0.973959 0.966488 0.982521 0.965171 0.986733 0.965679 0.978182 0.121365 0.972519 0.125616 0.972484 0.125606 0.976919 0.121398 0.976931 0.125587 0.981351 0.120973 0.981310 0.125560 0.985785 0.120981 0.985745 0.120851 0.968154 0.125590 0.968048 0.036918 0.973034 0.036194 0.968659 0.036947 0.977478 0.036278 0.981860 0.036306 0.986295 0.875315 0.969276 0.875013 0.973696 0.875730 0.982522 0.875289 0.986920 0.875436 0.978096 0.965199 0.969605 0.964371 0.973959 0.966488 0.982521 0.965171 0.986733 0.965679 0.978182 0.121365 0.972519 0.125616 0.972484 0.125606 0.976919 0.121398 0.976931 0.125587 0.981351 0.120973 0.981310 0.125560 0.985785 0.120981 0.985745 0.120851 0.968154 0.125590 0.968048 0.036918 0.973034 0.036194 0.968659 0.036947 0.977478 0.036278 0.981860 0.036306 0.986295 0.875315 0.969276 0.875013 0.973696 0.875730 0.982522 0.875289 0.986920 0.875436 0.978096 0.965199 0.969605 0.964371 0.973959 0.966488 0.982521 0.965171 0.986733 
						0.965679 0.978182 0.535613 0.399593 0.535622 0.400668 0.526265 0.400712 0.526258 0.399637 0.536927 0.399592 0.535577 0.391073 0.536892 0.391064 0.536934 0.401278 0.615038 0.399549 0.615045 0.401235 0.535577 0.389998 0.526229 0.391103 0.526227 0.390027 0.536885 0.389377 0.614996 0.389335 0.615003 0.391022 0.616352 0.400615 0.616352 0.399540 0.625708 0.399504 0.625710 0.400580 0.616317 0.391020 0.616308 0.389944 0.625657 0.389895 0.625664 0.390970 0.536846 0.380026 0.614957 0.379984 0.536972 0.410629 0.615083 0.410587 
					</float_array>
					<technique_common>
						<accessor count="2589" offset="0" source="#meshId0-tex0-array" stride="2">
							<param name="S" type="float" />
							<param name="T" type="float" />
						</accessor>
					</technique_common>
				</source>
				<vertices id="meshId0-vertices">
					<input semantic="POSITION" source="#meshId0-positions" />
				</vertices>
				<polylist count="3468" material="defaultMaterial">
					<input offset="0" semantic="VERTEX" source="#meshId0-vertices" />
					<input offset="0" semantic="NORMAL" source="#meshId0-normals" />
					<input offset="0" semantic="TANGENT" source="#meshId0-tangents" />
					<input offset="0" semantic="BINORMAL" source="#meshId0-bitangents" />
					<input offset="0" semantic="TEXCOORD" source="#meshId0-tex0" set="0" />
					<vcount>
						3 3 3 3 3 3 3 3 3 3 3 3 3 3 3 3 3 3 3 3 3 3 3 3 3 3 3 3 3 3 3 3 3 3 3 3 3 3 3 3 3 3 3 3 3 3 3 3 3 3 3 3 3 3 3 3 3 3 3 3 3 3 3 3 
						3 3 3 3 3 3 3 3 3 3 3 3 3 3 3 3 3 3 3 3 3 3 3 3 3 3 3 3 3 3 3 3 3 3 3 3 3 3 3 3 3 3 3 3 3 3 3 3 3 3 3 3 3 3 3 3 3 3 3 3 3 3 3 3 
						3 3 3 3 3 3 3 3 3 3 3 3 3 3 3 3 3 3 3 3 3 3 3 3 3 3 3 3 3 3 3 3 3 3 3 3 3 3 3 3 3 3 3 3 3 3 3 3 3 3 3 3 3 3 3 3 3 3 3 3 3 3 3 3 
						3 3 3 3 3 3 3 3 3 3 3 3 3 3 3 3 3 3 3 3 3 3 3 3 3 3 3 3 3 3 3 3 3 3 3 3 3 3 3 3 3 3 3 3 3 3 3 3 3 3 3 3 3 3 3 3 3 3 3 3 3 3 3 3 
						3 3 3 3 3 3 3 3 3 3 3 3 3 3 3 3 3 3 3 3 3 3 3 3 3 3 3 3 3 3 3 3 3 3 3 3 3 3 3 3 3 3 3 3 3 3 3 3 3 3 3 3 3 3 3 3 3 3 3 3 3 3 3 3 
						3 3 3 3 3 3 3 3 3 3 3 3 3 3 3 3 3 3 3 3 3 3 3 3 3 3 3 3 3 3 3 3 3 3 3 3 3 3 3 3 3 3 3 3 3 3 3 3 3 3 3 3 3 3 3 3 3 3 3 3 3 3 3 3 
						3 3 3 3 3 3 3 3 3 3 3 3 3 3 3 3 3 3 3 3 3 3 3 3 3 3 3 3 3 3 3 3 3 3 3 3 3 3 3 3 3 3 3 3 3 3 3 3 3 3 3 3 3 3 3 3 3 3 3 3 3 3 3 3 
						3 3 3 3 3 3 3 3 3 3 3 3 3 3 3 3 3 3 3 3 3 3 3 3 3 3 3 3 3 3 3 3 3 3 3 3 3 3 3 3 3 3 3 3 3 3 3 3 3 3 3 3 3 3 3 3 3 3 3 3 3 3 3 3 
						3 3 3 3 3 3 3 3 3 3 3 3 3 3 3 3 3 3 3 3 3 3 3 3 3 3 3 3 3 3 3 3 3 3 3 3 3 3 3 3 3 3 3 3 3 3 3 3 3 3 3 3 3 3 3 3 3 3 3 3 3 3 3 3 
						3 3 3 3 3 3 3 3 3 3 3 3 3 3 3 3 3 3 3 3 3 3 3 3 3 3 3 3 3 3 3 3 3 3 3 3 3 3 3 3 3 3 3 3 3 3 3 3 3 3 3 3 3 3 3 3 3 3 3 3 3 3 3 3 
						3 3 3 3 3 3 3 3 3 3 3 3 3 3 3 3 3 3 3 3 3 3 3 3 3 3 3 3 3 3 3 3 3 3 3 3 3 3 3 3 3 3 3 3 3 3 3 3 3 3 3 3 3 3 3 3 3 3 3 3 3 3 3 3 
						3 3 3 3 3 3 3 3 3 3 3 3 3 3 3 3 3 3 3 3 3 3 3 3 3 3 3 3 3 3 3 3 3 3 3 3 3 3 3 3 3 3 3 3 3 3 3 3 3 3 3 3 3 3 3 3 3 3 3 3 3 3 3 3 
						3 3 3 3 3 3 3 3 3 3 3 3 3 3 3 3 3 3 3 3 3 3 3 3 3 3 3 3 3 3 3 3 3 3 3 3 3 3 3 3 3 3 3 3 3 3 3 3 3 3 3 3 3 3 3 3 3 3 3 3 3 3 3 3 
						3 3 3 3 3 3 3 3 3 3 3 3 3 3 3 3 3 3 3 3 3 3 3 3 3 3 3 3 3 3 3 3 3 3 3 3 3 3 3 3 3 3 3 3 3 3 3 3 3 3 3 3 3 3 3 3 3 3 3 3 3 3 3 3 
						3 3 3 3 3 3 3 3 3 3 3 3 3 3 3 3 3 3 3 3 3 3 3 3 3 3 3 3 3 3 3 3 3 3 3 3 3 3 3 3 3 3 3 3 3 3 3 3 3 3 3 3 3 3 3 3 3 3 3 3 3 3 3 3 
						3 3 3 3 3 3 3 3 3 3 3 3 3 3 3 3 3 3 3 3 3 3 3 3 3 3 3 3 3 3 3 3 3 3 3 3 3 3 3 3 3 3 3 3 3 3 3 3 3 3 3 3 3 3 3 3 3 3 3 3 3 3 3 3 
						3 3 3 3 3 3 3 3 3 3 3 3 3 3 3 3 3 3 3 3 3 3 3 3 3 3 3 3 3 3 3 3 3 3 3 3 3 3 3 3 3 3 3 3 3 3 3 3 3 3 3 3 3 3 3 3 3 3 3 3 3 3 3 3 
						3 3 3 3 3 3 3 3 3 3 3 3 3 3 3 3 3 3 3 3 3 3 3 3 3 3 3 3 3 3 3 3 3 3 3 3 3 3 3 3 3 3 3 3 3 3 3 3 3 3 3 3 3 3 3 3 3 3 3 3 3 3 3 3 
						3 3 3 3 3 3 3 3 3 3 3 3 3 3 3 3 3 3 3 3 3 3 3 3 3 3 3 3 3 3 3 3 3 3 3 3 3 3 3 3 3 3 3 3 3 3 3 3 3 3 3 3 3 3 3 3 3 3 3 3 3 3 3 3 
						3 3 3 3 3 3 3 3 3 3 3 3 3 3 3 3 3 3 3 3 3 3 3 3 3 3 3 3 3 3 3 3 3 3 3 3 3 3 3 3 3 3 3 3 3 3 3 3 3 3 3 3 3 3 3 3 3 3 3 3 3 3 3 3 
						3 3 3 3 3 3 3 3 3 3 3 3 3 3 3 3 3 3 3 3 3 3 3 3 3 3 3 3 3 3 3 3 3 3 3 3 3 3 3 3 3 3 3 3 3 3 3 3 3 3 3 3 3 3 3 3 3 3 3 3 3 3 3 3 
						3 3 3 3 3 3 3 3 3 3 3 3 3 3 3 3 3 3 3 3 3 3 3 3 3 3 3 3 3 3 3 3 3 3 3 3 3 3 3 3 3 3 3 3 3 3 3 3 3 3 3 3 3 3 3 3 3 3 3 3 3 3 3 3 
						3 3 3 3 3 3 3 3 3 3 3 3 3 3 3 3 3 3 3 3 3 3 3 3 3 3 3 3 3 3 3 3 3 3 3 3 3 3 3 3 3 3 3 3 3 3 3 3 3 3 3 3 3 3 3 3 3 3 3 3 3 3 3 3 
						3 3 3 3 3 3 3 3 3 3 3 3 3 3 3 3 3 3 3 3 3 3 3 3 3 3 3 3 3 3 3 3 3 3 3 3 3 3 3 3 3 3 3 3 3 3 3 3 3 3 3 3 3 3 3 3 3 3 3 3 3 3 3 3 
						3 3 3 3 3 3 3 3 3 3 3 3 3 3 3 3 3 3 3 3 3 3 3 3 3 3 3 3 3 3 3 3 3 3 3 3 3 3 3 3 3 3 3 3 3 3 3 3 3 3 3 3 3 3 3 3 3 3 3 3 3 3 3 3 
						3 3 3 3 3 3 3 3 3 3 3 3 3 3 3 3 3 3 3 3 3 3 3 3 3 3 3 3 3 3 3 3 3 3 3 3 3 3 3 3 3 3 3 3 3 3 3 3 3 3 3 3 3 3 3 3 3 3 3 3 3 3 3 3 
						3 3 3 3 3 3 3 3 3 3 3 3 3 3 3 3 3 3 3 3 3 3 3 3 3 3 3 3 3 3 3 3 3 3 3 3 3 3 3 3 3 3 3 3 3 3 3 3 3 3 3 3 3 3 3 3 3 3 3 3 3 3 3 3 
						3 3 3 3 3 3 3 3 3 3 3 3 3 3 3 3 3 3 3 3 3 3 3 3 3 3 3 3 3 3 3 3 3 3 3 3 3 3 3 3 3 3 3 3 3 3 3 3 3 3 3 3 3 3 3 3 3 3 3 3 3 3 3 3 
						3 3 3 3 3 3 3 3 3 3 3 3 3 3 3 3 3 3 3 3 3 3 3 3 3 3 3 3 3 3 3 3 3 3 3 3 3 3 3 3 3 3 3 3 3 3 3 3 3 3 3 3 3 3 3 3 3 3 3 3 3 3 3 3 
						3 3 3 3 3 3 3 3 3 3 3 3 3 3 3 3 3 3 3 3 3 3 3 3 3 3 3 3 3 3 3 3 3 3 3 3 3 3 3 3 3 3 3 3 3 3 3 3 3 3 3 3 3 3 3 3 3 3 3 3 3 3 3 3 
						3 3 3 3 3 3 3 3 3 3 3 3 3 3 3 3 3 3 3 3 3 3 3 3 3 3 3 3 3 3 3 3 3 3 3 3 3 3 3 3 3 3 3 3 3 3 3 3 3 3 3 3 3 3 3 3 3 3 3 3 3 3 3 3 
						3 3 3 3 3 3 3 3 3 3 3 3 3 3 3 3 3 3 3 3 3 3 3 3 3 3 3 3 3 3 3 3 3 3 3 3 3 3 3 3 3 3 3 3 3 3 3 3 3 3 3 3 3 3 3 3 3 3 3 3 3 3 3 3 
						3 3 3 3 3 3 3 3 3 3 3 3 3 3 3 3 3 3 3 3 3 3 3 3 3 3 3 3 3 3 3 3 3 3 3 3 3 3 3 3 3 3 3 3 3 3 3 3 3 3 3 3 3 3 3 3 3 3 3 3 3 3 3 3 
						3 3 3 3 3 3 3 3 3 3 3 3 3 3 3 3 3 3 3 3 3 3 3 3 3 3 3 3 3 3 3 3 3 3 3 3 3 3 3 3 3 3 3 3 3 3 3 3 3 3 3 3 3 3 3 3 3 3 3 3 3 3 3 3 
						3 3 3 3 3 3 3 3 3 3 3 3 3 3 3 3 3 3 3 3 3 3 3 3 3 3 3 3 3 3 3 3 3 3 3 3 3 3 3 3 3 3 3 3 3 3 3 3 3 3 3 3 3 3 3 3 3 3 3 3 3 3 3 3 
						3 3 3 3 3 3 3 3 3 3 3 3 3 3 3 3 3 3 3 3 3 3 3 3 3 3 3 3 3 3 3 3 3 3 3 3 3 3 3 3 3 3 3 3 3 3 3 3 3 3 3 3 3 3 3 3 3 3 3 3 3 3 3 3 
						3 3 3 3 3 3 3 3 3 3 3 3 3 3 3 3 3 3 3 3 3 3 3 3 3 3 3 3 3 3 3 3 3 3 3 3 3 3 3 3 3 3 3 3 3 3 3 3 3 3 3 3 3 3 3 3 3 3 3 3 3 3 3 3 
						3 3 3 3 3 3 3 3 3 3 3 3 3 3 3 3 3 3 3 3 3 3 3 3 3 3 3 3 3 3 3 3 3 3 3 3 3 3 3 3 3 3 3 3 3 3 3 3 3 3 3 3 3 3 3 3 3 3 3 3 3 3 3 3 
						3 3 3 3 3 3 3 3 3 3 3 3 3 3 3 3 3 3 3 3 3 3 3 3 3 3 3 3 3 3 3 3 3 3 3 3 3 3 3 3 3 3 3 3 3 3 3 3 3 3 3 3 3 3 3 3 3 3 3 3 3 3 3 3 
						3 3 3 3 3 3 3 3 3 3 3 3 3 3 3 3 3 3 3 3 3 3 3 3 3 3 3 3 3 3 3 3 3 3 3 3 3 3 3 3 3 3 3 3 3 3 3 3 3 3 3 3 3 3 3 3 3 3 3 3 3 3 3 3 
						3 3 3 3 3 3 3 3 3 3 3 3 3 3 3 3 3 3 3 3 3 3 3 3 3 3 3 3 3 3 3 3 3 3 3 3 3 3 3 3 3 3 3 3 3 3 3 3 3 3 3 3 3 3 3 3 3 3 3 3 3 3 3 3 
						3 3 3 3 3 3 3 3 3 3 3 3 3 3 3 3 3 3 3 3 3 3 3 3 3 3 3 3 3 3 3 3 3 3 3 3 3 3 3 3 3 3 3 3 3 3 3 3 3 3 3 3 3 3 3 3 3 3 3 3 3 3 3 3 
						3 3 3 3 3 3 3 3 3 3 3 3 3 3 3 3 3 3 3 3 3 3 3 3 3 3 3 3 3 3 3 3 3 3 3 3 3 3 3 3 3 3 3 3 3 3 3 3 3 3 3 3 3 3 3 3 3 3 3 3 3 3 3 3 
						3 3 3 3 3 3 3 3 3 3 3 3 3 3 3 3 3 3 3 3 3 3 3 3 3 3 3 3 3 3 3 3 3 3 3 3 3 3 3 3 3 3 3 3 3 3 3 3 3 3 3 3 3 3 3 3 3 3 3 3 3 3 3 3 
						3 3 3 3 3 3 3 3 3 3 3 3 3 3 3 3 3 3 3 3 3 3 3 3 3 3 3 3 3 3 3 3 3 3 3 3 3 3 3 3 3 3 3 3 3 3 3 3 3 3 3 3 3 3 3 3 3 3 3 3 3 3 3 3 
						3 3 3 3 3 3 3 3 3 3 3 3 3 3 3 3 3 3 3 3 3 3 3 3 3 3 3 3 3 3 3 3 3 3 3 3 3 3 3 3 3 3 3 3 3 3 3 3 3 3 3 3 3 3 3 3 3 3 3 3 3 3 3 3 
						3 3 3 3 3 3 3 3 3 3 3 3 3 3 3 3 3 3 3 3 3 3 3 3 3 3 3 3 3 3 3 3 3 3 3 3 3 3 3 3 3 3 3 3 3 3 3 3 3 3 3 3 3 3 3 3 3 3 3 3 3 3 3 3 
						3 3 3 3 3 3 3 3 3 3 3 3 3 3 3 3 3 3 3 3 3 3 3 3 3 3 3 3 3 3 3 3 3 3 3 3 3 3 3 3 3 3 3 3 3 3 3 3 3 3 3 3 3 3 3 3 3 3 3 3 3 3 3 3 
						3 3 3 3 3 3 3 3 3 3 3 3 3 3 3 3 3 3 3 3 3 3 3 3 3 3 3 3 3 3 3 3 3 3 3 3 3 3 3 3 3 3 3 3 3 3 3 3 3 3 3 3 3 3 3 3 3 3 3 3 3 3 3 3 
						3 3 3 3 3 3 3 3 3 3 3 3 3 3 3 3 3 3 3 3 3 3 3 3 3 3 3 3 3 3 3 3 3 3 3 3 3 3 3 3 3 3 3 3 3 3 3 3 3 3 3 3 3 3 3 3 3 3 3 3 3 3 3 3 
						3 3 3 3 3 3 3 3 3 3 3 3 3 3 3 3 3 3 3 3 3 3 3 3 3 3 3 3 3 3 3 3 3 3 3 3 3 3 3 3 3 3 3 3 3 3 3 3 3 3 3 3 3 3 3 3 3 3 3 3 3 3 3 3 
						3 3 3 3 3 3 3 3 3 3 3 3 3 3 3 3 3 3 3 3 3 3 3 3 3 3 3 3 3 3 3 3 3 3 3 3 3 3 3 3 3 3 3 3 3 3 3 3 3 3 3 3 3 3 3 3 3 3 3 3 3 3 3 3 
						3 3 3 3 3 3 3 3 3 3 3 3 3 3 3 3 3 3 3 3 3 3 3 3 3 3 3 3 3 3 3 3 3 3 3 3 3 3 3 3 3 3 3 3 3 3 3 3 3 3 3 3 3 3 3 3 3 3 3 3 3 3 3 3 
						3 3 3 3 3 3 3 3 3 3 3 3 3 3 3 3 3 3 3 3 3 3 3 3 3 3 3 3 3 3 3 3 3 3 3 3 3 3 3 3 3 3 3 3 3 3 3 3 3 3 3 3 3 3 3 3 3 3 3 3 3 3 3 3 
						3 3 3 3 3 3 3 3 3 3 3 3 
					</vcount>
					<p>
						3 0 1 1 2 3 7 4 5 5 6 7 11 8 9 9 10 11 2 1 12 12 13 2 15 14 0 0 3 15 19 16 17 17 18 19 22 20 16 16 21 22 25 19 23 23 24 25 27 26 21 21 25 27 31 28 29 29 30 31 34 32 28 28 33 34 37 29 35 35 36 37 40 37 38 38 39 40 43 38 41 41 42 43 46 44 33 33 45 46 49 47 44 44 48 49 52 50 48 48 51 52 56 53 54 54 55 56 45 31 53 53 57 45 58 54 30 30 40 58 61 58 59 59 60 61 63 59 39 39 62 63 67 64 65 65 66 67 68 65 51 51 46 68 70 68 57 57 69 70 69 56 71 71 72 69 75 71 73 73 74 75 78 75 76 76 77 78 72 78 79 79 80 72 21 16 19 19 25 21 72 71 75 75 78 72 30 29 37 37 40 30 
						39 38 43 43 62 39 51 48 44 44 46 51 45 33 28 28 31 45 55 54 58 58 61 55 60 59 63 63 81 60 66 65 68 68 70 66 69 57 53 53 56 69 17 16 20 23 19 18 22 21 26 27 25 24 29 28 32 32 35 29 38 37 36 36 41 38 33 44 47 47 34 33 48 50 82 82 49 48 54 53 31 31 30 54 59 58 40 40 39 59 65 64 52 52 51 65 57 68 46 46 45 57 56 73 71 75 74 76 78 77 79 72 80 69 86 83 84 84 85 86 83 86 87 87 88 83 88 87 89 89 90 88 90 89 91 91 92 90 91 93 94 94 92 91 97 95 18 18 96 97 17 98 96 96 18 17 98 17 85 85 84 98 100 47 49 49 99 100 82 101 99 99 49 82 41 102 103 103 42 41 36 104 102 102 41 36 35 105 104 104 36 35 
						32 106 105 105 35 32 32 34 107 107 106 32 47 100 107 107 34 47 111 108 109 109 110 111 114 112 108 108 113 114 117 111 115 115 116 117 119 118 113 113 117 119 123 120 121 121 122 123 126 124 120 120 125 126 129 121 127 127 128 129 132 129 130 130 131 132 135 130 133 133 134 135 138 136 125 125 137 138 141 139 136 136 140 141 144 142 140 140 143 144 148 145 146 146 147 148 137 123 145 145 149 137 150 146 122 122 132 150 153 150 151 151 152 153 155 151 131 131 154 155 159 156 157 157 158 159 160 157 143 143 138 160 162 160 149 149 161 162 161 148 163 163 164 161 167 163 165 165 166 167 170 167 168 168 169 170 164 170 171 171 172 164 113 108 111 111 117 113 164 163 167 167 170 164 122 121 129 129 132 122 131 130 135 135 154 131 143 140 136 136 138 143 
						137 125 120 120 123 137 147 146 150 150 153 147 152 151 155 155 173 152 158 157 160 160 162 158 161 149 145 145 148 161 109 108 112 115 111 110 114 113 118 119 117 116 121 120 124 124 127 121 130 129 128 128 133 130 125 136 139 139 126 125 140 142 174 174 141 140 146 145 123 123 122 146 151 150 132 132 131 151 157 156 144 144 143 157 149 160 138 138 137 149 148 165 163 167 166 168 170 169 171 164 172 161 178 175 176 176 177 178 175 178 179 179 180 175 180 179 181 181 182 180 182 181 183 183 184 182 183 185 186 186 184 183 189 187 110 110 188 189 109 190 188 188 110 109 190 109 177 177 176 190 192 139 141 141 191 192 174 193 191 191 141 174 133 194 195 195 134 133 128 196 194 194 133 128 127 197 196 196 128 127 124 198 197 197 127 124 124 126 199 199 198 124 
						139 192 199 199 126 139 203 200 201 201 202 203 206 204 200 200 205 206 209 207 204 204 208 209 212 210 205 205 211 212 215 206 213 213 214 215 219 216 217 217 218 219 221 220 208 208 215 221 225 222 223 223 224 225 208 204 206 206 215 208 218 217 222 222 225 218 205 200 203 203 211 205 223 210 212 212 224 223 227 202 201 201 226 227 200 204 207 213 206 205 209 208 220 221 215 214 231 228 229 229 230 231 234 232 228 228 233 234 237 235 232 232 236 237 240 238 233 233 239 240 243 234 241 241 242 243 247 244 245 245 246 247 249 248 236 236 243 249 253 250 251 251 252 253 236 232 234 234 243 236 246 245 250 250 253 246 233 228 231 231 239 233 251 238 240 240 252 251 255 230 229 229 254 255 228 232 235 241 234 233 237 236 248 249 243 242 259 256 257 257 258 259 
						262 260 256 256 261 262 265 263 260 260 264 265 268 266 261 261 267 268 271 262 269 269 270 271 275 272 273 273 274 275 277 276 264 264 271 277 281 278 279 279 280 281 264 260 262 262 271 264 274 273 278 278 281 274 261 256 259 259 267 261 279 266 268 268 280 279 283 258 257 257 282 283 256 260 263 269 262 261 265 264 276 277 271 270 287 284 285 285 286 287 290 288 284 284 289 290 293 291 288 288 292 293 296 294 289 289 295 296 299 290 297 297 298 299 303 300 301 301 302 303 305 304 292 292 299 305 309 306 307 307 308 309 292 288 290 290 299 292 302 301 306 306 309 302 289 284 287 287 295 289 307 294 296 296 308 307 311 286 285 285 310 311 284 288 291 297 290 289 293 292 304 305 299 298 315 312 313 313 314 315 318 316 312 312 317 318 321 319 316 316 320 321 
						324 322 317 317 323 324 327 318 325 325 326 327 331 328 329 329 330 331 333 332 320 320 327 333 337 334 335 335 336 337 320 316 318 318 327 320 330 329 334 334 337 330 317 312 315 315 323 317 335 322 324 324 336 335 339 314 313 313 338 339 312 316 319 325 318 317 321 320 332 333 327 326 343 340 341 341 342 343 346 344 340 340 345 346 349 347 344 344 348 349 352 350 345 345 351 352 355 346 353 353 354 355 359 356 357 357 358 359 361 360 348 348 355 361 365 362 363 363 364 365 348 344 346 346 355 348 358 357 362 362 365 358 345 340 343 343 351 345 363 350 352 352 364 363 367 342 341 341 366 367 340 344 347 353 346 345 349 348 360 361 355 354 371 368 369 369 370 371 374 372 368 368 373 374 377 375 372 372 376 377 380 378 373 373 379 380 383 374 381 381 382 383 
						387 384 385 385 386 387 389 388 376 376 383 389 393 390 391 391 392 393 376 372 374 374 383 376 386 385 390 390 393 386 373 368 371 371 379 373 391 378 380 380 392 391 395 370 369 369 394 395 368 372 375 381 374 373 377 376 388 389 383 382 399 396 397 397 398 399 402 400 396 396 401 402 405 403 400 400 404 405 408 406 401 401 407 408 411 402 409 409 410 411 415 412 413 413 414 415 417 416 404 404 411 417 421 418 419 419 420 421 404 400 402 402 411 404 414 413 418 418 421 414 401 396 399 399 407 401 419 406 408 408 420 419 423 398 397 397 422 423 396 400 403 409 402 401 405 404 416 417 411 410 427 424 425 425 426 427 424 428 429 429 430 424 433 425 431 431 432 433 430 434 435 435 431 430 439 436 437 437 438 439 436 440 441 441 442 436 445 439 443 443 444 445 
						448 443 446 446 447 448 451 448 449 449 450 451 442 452 453 453 454 442 452 455 456 456 457 452 457 458 459 459 460 457 464 461 462 462 463 464 461 437 454 454 465 461 438 464 466 466 446 438 469 466 467 467 468 469 447 469 470 470 471 447 475 472 473 473 474 475 460 475 476 476 453 460 465 476 477 477 478 465 480 462 478 478 479 480 483 480 481 481 482 483 486 481 484 484 485 486 488 484 479 479 487 488 425 424 430 430 431 425 481 480 479 479 484 481 443 439 438 438 446 443 449 448 447 447 471 449 452 457 460 460 453 452 436 442 454 454 437 436 466 464 463 463 467 466 470 469 468 468 489 470 476 475 474 474 477 476 461 465 478 478 462 461 427 428 424 433 426 425 429 434 430 435 432 431 440 436 439 439 445 440 444 443 448 448 451 444 455 452 442 442 441 455 
						490 458 457 457 456 490 437 461 464 464 438 437 446 466 469 469 447 446 459 472 475 475 460 459 453 476 465 465 454 453 462 480 483 481 486 482 484 488 485 479 478 487 494 491 492 492 493 494 496 492 491 491 495 496 498 496 495 495 497 498 500 498 497 497 499 500 502 501 500 500 499 502 426 503 504 504 505 426 505 506 427 427 426 505 493 427 506 506 494 493 456 455 507 507 508 456 508 509 490 490 456 508 511 510 451 451 450 511 510 512 444 444 451 510 512 513 445 445 444 512 513 514 440 440 445 513 515 441 440 440 514 515 515 507 455 455 441 515 516 517 518 519 516 518 520 519 518 521 520 518 522 521 518 523 522 518 524 523 518 525 524 518 526 525 518 527 526 518 528 527 518 529 528 518 530 529 518 531 530 518 532 531 518 533 532 518 534 533 518 535 534 518 
						536 535 518 537 536 518 538 537 518 539 538 518 540 539 518 541 540 518 542 541 518 543 542 518 544 543 518 545 544 518 546 545 518 547 546 518 548 547 518 549 548 518 550 549 518 551 550 518 552 551 518 553 552 518 554 553 518 555 554 518 517 555 518 556 557 558 557 559 558 559 560 558 560 561 558 561 562 558 562 563 558 563 564 558 564 565 558 565 566 558 566 567 558 567 568 558 568 569 558 569 570 558 570 571 558 571 572 558 572 573 558 573 574 558 574 575 558 575 576 558 576 577 558 577 578 558 578 579 558 579 580 558 580 581 558 581 582 558 582 583 558 583 584 558 584 585 558 585 586 558 586 587 558 587 588 558 588 589 558 589 590 558 590 591 558 591 592 558 592 593 558 593 594 558 594 595 558 595 556 558 599 596 597 597 598 599 601 597 596 596 600 601 
						603 601 600 600 602 603 607 604 605 605 606 607 609 605 604 604 608 609 611 609 608 608 610 611 613 603 602 602 612 613 615 607 606 606 614 615 617 613 612 612 616 617 619 615 614 614 618 619 621 617 616 616 620 621 623 619 618 618 622 623 625 621 620 620 624 625 627 623 622 622 626 627 629 625 624 624 628 629 631 627 626 626 630 631 633 629 628 628 632 633 635 631 630 630 634 635 637 633 632 632 636 637 639 635 634 634 638 639 641 637 636 636 640 641 643 639 638 638 642 643 645 641 640 640 644 645 647 643 642 642 646 647 649 645 644 644 648 649 651 647 646 646 650 651 653 649 648 648 652 653 655 651 650 650 654 655 657 653 652 652 656 657 659 655 654 654 658 659 661 657 656 656 660 661 663 659 658 658 662 663 665 661 660 660 664 665 667 663 662 662 666 667 
						669 665 664 664 668 669 671 667 666 666 670 671 673 669 668 668 672 673 675 671 670 670 674 675 677 673 672 672 676 677 679 675 674 674 678 679 683 680 681 681 682 683 687 684 685 685 686 687 689 683 682 682 688 689 691 687 686 686 690 691 693 689 688 688 692 693 695 691 690 690 694 695 697 693 692 692 696 697 699 695 694 694 698 699 701 697 696 696 700 701 703 699 698 698 702 703 705 701 700 700 704 705 707 703 702 702 706 707 709 705 704 704 708 709 711 707 706 706 710 711 713 709 708 708 712 713 715 711 710 710 714 715 717 713 712 712 716 717 719 715 714 714 718 719 721 717 716 716 720 721 723 719 718 718 722 723 725 721 720 720 724 725 727 723 722 722 726 727 729 725 724 724 728 729 731 727 726 726 730 731 733 729 728 728 732 733 735 731 730 730 734 735 
						737 733 732 732 736 737 739 735 734 734 738 739 741 737 736 736 740 741 743 739 738 738 742 743 745 741 740 740 744 745 747 743 742 742 746 747 749 745 744 744 748 749 751 747 746 746 750 751 753 749 748 748 752 753 755 751 750 750 754 755 598 753 752 752 599 598 610 755 754 754 611 610 759 756 757 757 758 759 761 757 756 756 760 761 763 761 760 760 762 763 767 764 765 765 766 767 769 765 764 764 768 769 771 769 768 768 770 771 773 763 762 762 772 773 775 767 766 766 774 775 777 773 772 772 776 777 779 775 774 774 778 779 781 777 776 776 780 781 783 779 778 778 782 783 785 781 780 780 784 785 787 783 782 782 786 787 789 785 784 784 788 789 791 787 786 786 790 791 793 789 788 788 792 793 795 791 790 790 794 795 797 793 792 792 796 797 799 795 794 794 798 799 
						801 797 796 796 800 801 803 799 798 798 802 803 805 801 800 800 804 805 807 803 802 802 806 807 809 805 804 804 808 809 811 807 806 806 810 811 813 809 808 808 812 813 815 811 810 810 814 815 817 813 812 812 816 817 819 815 814 814 818 819 821 817 816 816 820 821 823 819 818 818 822 823 825 821 820 820 824 825 827 823 822 822 826 827 829 825 824 824 828 829 831 827 826 826 830 831 833 829 828 828 832 833 835 831 830 830 834 835 837 833 832 832 836 837 839 835 834 834 838 839 843 840 841 841 842 843 847 844 845 845 846 847 849 843 842 842 848 849 851 847 846 846 850 851 853 849 848 848 852 853 855 851 850 850 854 855 857 853 852 852 856 857 859 855 854 854 858 859 861 857 856 856 860 861 863 859 858 858 862 863 865 861 860 860 864 865 867 863 862 862 866 867 
						869 865 864 864 868 869 871 867 866 866 870 871 873 869 868 868 872 873 875 871 870 870 874 875 877 873 872 872 876 877 879 875 874 874 878 879 881 877 876 876 880 881 883 879 878 878 882 883 885 881 880 880 884 885 887 883 882 882 886 887 889 885 884 884 888 889 891 887 886 886 890 891 893 889 888 888 892 893 895 891 890 890 894 895 897 893 892 892 896 897 899 895 894 894 898 899 901 897 896 896 900 901 903 899 898 898 902 903 905 901 900 900 904 905 907 903 902 902 906 907 909 905 904 904 908 909 911 907 906 906 910 911 913 909 908 908 912 913 915 911 910 910 914 915 758 913 912 912 759 758 770 915 914 914 771 770 769 757 761 761 765 769 765 761 763 763 766 765 766 763 773 773 774 766 774 773 777 777 778 774 778 777 781 781 782 778 782 781 785 785 786 782 
						786 785 789 789 790 786 790 789 793 793 794 790 794 793 797 797 798 794 798 797 801 801 802 798 802 801 805 805 806 802 806 805 809 809 810 806 810 809 813 813 814 810 814 813 817 817 818 814 818 817 821 821 822 818 822 821 825 825 826 822 826 825 829 829 830 826 830 829 833 833 834 830 834 833 837 837 838 834 845 840 843 843 846 845 846 843 849 849 850 846 850 849 853 853 854 850 854 853 857 857 858 854 858 857 861 861 862 858 862 861 865 865 866 862 866 865 869 869 870 866 870 869 873 873 874 870 874 873 877 877 878 874 878 877 881 881 882 878 882 881 885 885 886 882 886 885 889 889 890 886 890 889 893 893 894 890 894 893 897 897 898 894 898 897 901 901 902 898 902 901 905 905 906 902 906 905 909 909 910 906 910 909 913 913 914 910 914 913 758 758 771 914 
						771 758 757 757 769 771 609 597 601 601 605 609 605 601 603 603 606 605 606 603 613 613 614 606 614 613 617 617 618 614 618 617 621 621 622 618 622 621 625 625 626 622 626 625 629 629 630 626 630 629 633 633 634 630 634 633 637 637 638 634 638 637 641 641 642 638 642 641 645 645 646 642 646 645 649 649 650 646 650 649 653 653 654 650 654 653 657 657 658 654 658 657 661 661 662 658 662 661 665 665 666 662 666 665 669 669 670 666 670 669 673 673 674 670 674 673 677 677 678 674 685 680 683 683 686 685 686 683 689 689 690 686 690 689 693 693 694 690 694 693 697 697 698 694 698 697 701 701 702 698 702 701 705 705 706 702 706 705 709 709 710 706 710 709 713 713 714 710 714 713 717 717 718 714 718 717 721 721 722 718 722 721 725 725 726 722 726 725 729 729 730 726 
						730 729 733 733 734 730 734 733 737 737 738 734 738 737 741 741 742 738 742 741 745 745 746 742 746 745 749 749 750 746 750 749 753 753 754 750 754 753 598 598 611 754 611 598 597 597 609 611 596 916 917 917 600 596 600 917 918 918 602 600 602 918 919 919 612 602 612 919 920 920 616 612 616 920 921 921 620 616 620 921 922 922 624 620 624 922 923 923 628 624 628 923 924 924 632 628 632 924 925 925 636 632 636 925 926 926 640 636 640 926 927 927 644 640 644 927 928 928 648 644 648 928 929 929 652 648 652 929 930 930 656 652 656 930 931 931 660 656 660 931 932 932 664 660 664 932 933 933 668 664 668 933 934 934 672 668 672 934 935 935 676 672 681 936 937 937 682 681 682 937 938 938 688 682 688 938 939 939 692 688 692 939 940 940 696 692 696 940 941 941 700 696 
						700 941 942 942 704 700 704 942 943 943 708 704 708 943 944 944 712 708 712 944 945 945 716 712 716 945 946 946 720 716 720 946 947 947 724 720 724 947 948 948 728 724 728 948 949 949 732 728 732 949 950 950 736 732 736 950 951 951 740 736 740 951 952 952 744 740 744 952 953 953 748 744 748 953 954 954 752 748 752 954 955 955 599 752 599 955 916 916 596 599 756 956 957 957 760 756 764 958 959 959 768 764 760 957 960 960 762 760 767 961 958 958 764 767 762 960 962 962 772 762 775 963 961 961 767 775 772 962 964 964 776 772 779 965 963 963 775 779 776 964 966 966 780 776 783 967 965 965 779 783 780 966 968 968 784 780 787 969 967 967 783 787 784 968 970 970 788 784 791 971 969 969 787 791 788 970 972 972 792 788 795 973 971 971 791 795 792 972 974 974 796 792 
						799 975 973 973 795 799 796 974 976 976 800 796 803 977 975 975 799 803 800 976 978 978 804 800 807 979 977 977 803 807 804 978 980 980 808 804 811 981 979 979 807 811 808 980 982 982 812 808 815 983 981 981 811 815 812 982 984 984 816 812 819 985 983 983 815 819 816 984 986 986 820 816 823 987 985 985 819 823 820 986 988 988 824 820 827 989 987 987 823 827 824 988 990 990 828 824 831 991 989 989 827 831 828 990 992 992 832 828 835 993 991 991 831 835 832 992 994 994 836 832 839 995 993 993 835 839 841 996 997 997 842 841 847 998 999 999 844 847 842 997 1000 1000 848 842 851 1001 998 998 847 851 848 1000 1002 1002 852 848 855 1003 1001 1001 851 855 852 1002 1004 1004 856 852 859 1005 1003 1003 855 859 856 1004 1006 1006 860 856 863 1007 1005 1005 859 863 860 1006 1008 1008 864 860 
						867 1009 1007 1007 863 867 864 1008 1010 1010 868 864 871 1011 1009 1009 867 871 868 1010 1012 1012 872 868 875 1013 1011 1011 871 875 872 1012 1014 1014 876 872 879 1015 1013 1013 875 879 876 1014 1016 1016 880 876 883 1017 1015 1015 879 883 880 1016 1018 1018 884 880 887 1019 1017 1017 883 887 884 1018 1020 1020 888 884 891 1021 1019 1019 887 891 888 1020 1022 1022 892 888 895 1023 1021 1021 891 895 892 1022 1024 1024 896 892 899 1025 1023 1023 895 899 896 1024 1026 1026 900 896 903 1027 1025 1025 899 903 900 1026 1028 1028 904 900 907 1029 1027 1027 903 907 904 1028 1030 1030 908 904 911 1031 1029 1029 907 911 908 1030 1032 1032 912 908 915 1033 1031 1031 911 915 912 1032 1034 1034 759 912 770 1035 1033 1033 915 770 759 1034 956 956 756 759 768 959 1035 1035 770 768 1039 1036 1037 1037 1038 1039 1041 1037 1036 1036 1040 1041 1043 1039 1038 1038 1042 1043 
						1045 1043 1042 1042 1044 1045 1048 1045 1046 1046 1047 1048 1051 1048 1049 1049 1050 1051 1053 1051 1050 1050 1052 1053 1055 1053 1052 1052 1054 1055 1057 1055 1054 1054 1056 1057 1059 1057 1056 1056 1058 1059 1061 1059 1058 1058 1060 1061 1063 1061 1060 1060 1062 1063 1065 1063 1062 1062 1064 1065 1067 1065 1064 1064 1066 1067 1069 1067 1066 1066 1068 1069 1071 1069 1068 1068 1070 1071 1073 1071 1070 1070 1072 1073 1076 1073 1074 1074 1075 1076 1078 1076 1075 1075 1077 1078 1080 1078 1077 1077 1079 1080 1084 1081 1082 1082 1083 1084 1087 1084 1085 1085 1086 1087 1090 1087 1088 1088 1089 1090 1093 1090 1091 1091 1092 1093 1095 1093 1092 1092 1094 1095 1097 1095 1094 1094 1096 1097 1099 1097 1096 1096 1098 1099 1101 1099 1098 1098 1100 1101 1103 1101 1100 1100 1102 1103 1105 1103 1102 1102 1104 1105 1107 1105 1104 1104 1106 1107 1109 1107 1106 1106 1108 1109 1111 1109 1108 1108 1110 1111 1113 1111 1110 1110 1112 1113 1115 1113 1112 1112 1114 1115 
						1117 1115 1114 1114 1116 1117 1119 1117 1116 1116 1118 1119 1121 1119 1118 1118 1120 1121 1040 1121 1120 1120 1041 1040 1125 1122 1123 1123 1124 1125 1124 1123 1126 1126 1127 1124 1127 1126 1128 1128 1129 1127 1129 1128 1130 1130 1131 1129 1131 1130 1132 1132 1133 1131 1133 1132 1134 1134 1135 1133 1135 1134 1136 1136 1137 1135 1137 1136 1138 1138 1139 1137 1139 1138 1140 1140 1141 1139 1141 1140 1142 1142 1143 1141 1143 1142 1144 1144 1145 1143 1145 1144 1146 1146 1147 1145 1147 1146 1148 1148 1149 1147 1149 1148 1150 1150 1151 1149 1151 1150 1152 1152 1153 1151 1153 1152 1154 1154 1155 1153 1155 1154 1156 1156 1157 1155 1157 1156 1158 1158 1159 1157 1163 1160 1161 1161 1162 1163 1162 1161 1164 1164 1165 1162 1165 1164 1166 1166 1167 1165 1167 1166 1168 1168 1169 1167 1169 1168 1170 1170 1171 1169 1171 1170 1172 1172 1173 1171 1173 1172 1174 1174 1175 1173 1175 1174 1176 1176 1177 1175 1177 1176 1178 1178 1179 1177 1179 1178 1180 1180 1181 1179 
						1181 1180 1182 1182 1183 1181 1183 1182 1184 1184 1185 1183 1185 1184 1186 1186 1187 1185 1187 1186 1188 1188 1189 1187 1189 1188 1190 1190 1191 1189 1191 1190 1192 1192 1193 1191 1193 1192 1194 1194 1195 1193 1195 1194 1196 1196 1197 1195 1197 1196 1198 1198 1199 1197 1199 1198 1200 1200 1201 1199 1201 1200 1122 1122 1125 1201 604 1202 1203 1203 608 604 607 1204 1202 1202 604 607 615 1205 1204 1204 607 615 619 1206 1205 1205 615 619 623 1207 1206 1206 619 623 627 1208 1207 1207 623 627 631 1209 1208 1208 627 631 635 1210 1209 1209 631 635 639 1211 1210 1210 635 639 643 1212 1211 1211 639 643 647 1213 1212 1212 643 647 651 1214 1213 1213 647 651 655 1215 1214 1214 651 655 659 1216 1215 1215 655 659 663 1217 1216 1216 659 663 667 1218 1217 1217 663 667 671 1219 1218 1218 667 671 675 1220 1219 1219 671 675 679 1221 1220 1220 675 679 687 1222 1223 1223 684 687 691 1224 1222 1222 687 691 
						695 1225 1224 1224 691 695 699 1226 1225 1225 695 699 703 1227 1226 1226 699 703 707 1228 1227 1227 703 707 711 1229 1228 1228 707 711 715 1230 1229 1229 711 715 719 1231 1230 1230 715 719 723 1232 1231 1231 719 723 727 1233 1232 1232 723 727 731 1234 1233 1233 727 731 735 1235 1234 1234 731 735 739 1236 1235 1235 735 739 743 1237 1236 1236 739 743 747 1238 1237 1237 743 747 751 1239 1238 1238 747 751 755 1240 1239 1239 751 755 610 1241 1240 1240 755 610 608 1203 1241 1241 610 608 1243 1203 1202 1202 1242 1243 1245 1122 1200 1200 1244 1245 1244 1200 1198 1198 1246 1244 1247 1241 1203 1203 1243 1247 1242 1202 1204 1204 1248 1242 1249 1123 1122 1122 1245 1249 1248 1204 1205 1205 1046 1248 1250 1126 1123 1123 1249 1250 1046 1205 1206 1206 1047 1046 1048 1128 1126 1126 1250 1048 1047 1206 1207 1207 1251 1047 1252 1130 1128 1128 1048 1252 1251 1207 1208 1208 1253 1251 1254 1132 1130 1130 1252 1254 
						1253 1208 1209 1209 1255 1253 1256 1134 1132 1132 1254 1256 1255 1209 1210 1210 1257 1255 1258 1136 1134 1134 1256 1258 1257 1210 1211 1211 1259 1257 1260 1138 1136 1136 1258 1260 1259 1211 1212 1212 1261 1259 1262 1140 1138 1138 1260 1262 1261 1212 1213 1213 1263 1261 1264 1142 1140 1140 1262 1264 1263 1213 1214 1214 1265 1263 1266 1144 1142 1142 1264 1266 1265 1214 1215 1215 1267 1265 1268 1146 1144 1144 1266 1268 1267 1215 1216 1216 1269 1267 1270 1148 1146 1146 1268 1270 1269 1216 1217 1217 1271 1269 1272 1150 1148 1148 1270 1272 1271 1217 1218 1218 1074 1271 1273 1152 1150 1150 1272 1273 1074 1218 1219 1219 1075 1074 1076 1154 1152 1152 1273 1076 1075 1219 1220 1220 1077 1075 1078 1156 1154 1154 1076 1078 1077 1220 1221 1221 1079 1077 1080 1158 1156 1156 1078 1080 1082 1223 1222 1222 1083 1082 1084 1161 1160 1160 1081 1084 1083 1222 1224 1224 1088 1083 1274 1164 1161 1161 1084 1274 1088 1224 1225 1225 1089 1088 1090 1166 1164 1164 1274 1090 
						1089 1225 1226 1226 1275 1089 1276 1168 1166 1166 1090 1276 1275 1226 1227 1227 1277 1275 1278 1170 1168 1168 1276 1278 1277 1227 1228 1228 1279 1277 1280 1172 1170 1170 1278 1280 1279 1228 1229 1229 1281 1279 1282 1174 1172 1172 1280 1282 1281 1229 1230 1230 1283 1281 1284 1176 1174 1174 1282 1284 1283 1230 1231 1231 1285 1283 1286 1178 1176 1176 1284 1286 1285 1231 1232 1232 1287 1285 1288 1180 1178 1178 1286 1288 1287 1232 1233 1233 1289 1287 1290 1182 1180 1180 1288 1290 1289 1233 1234 1234 1291 1289 1292 1184 1182 1182 1290 1292 1291 1234 1235 1235 1293 1291 1294 1186 1184 1184 1292 1294 1293 1235 1236 1236 1295 1293 1296 1188 1186 1186 1294 1296 1295 1236 1237 1237 1297 1295 1298 1190 1188 1188 1296 1298 1297 1237 1238 1238 1299 1297 1300 1192 1190 1190 1298 1300 1299 1238 1239 1239 1301 1299 1302 1194 1192 1192 1300 1302 1301 1239 1240 1240 1303 1301 1304 1196 1194 1194 1302 1304 1303 1240 1241 1241 1247 1303 1246 1198 1196 1196 1304 1246 
						958 1305 1306 1306 959 958 961 1307 1305 1305 958 961 963 1308 1307 1307 961 963 965 1309 1308 1308 963 965 967 1310 1309 1309 965 967 969 1311 1310 1310 967 969 971 1312 1311 1311 969 971 973 1313 1312 1312 971 973 975 1314 1313 1313 973 975 977 1315 1314 1314 975 977 979 1316 1315 1315 977 979 981 1317 1316 1316 979 981 983 1318 1317 1317 981 983 985 1319 1318 1318 983 985 987 1320 1319 1319 985 987 989 1321 1320 1320 987 989 991 1322 1321 1321 989 991 993 1323 1322 1322 991 993 995 1324 1323 1323 993 995 998 1325 1326 1326 999 998 1001 1327 1325 1325 998 1001 1003 1328 1327 1327 1001 1003 1005 1329 1328 1328 1003 1005 1007 1330 1329 1329 1005 1007 1009 1331 1330 1330 1007 1009 1011 1332 1331 1331 1009 1011 1013 1333 1332 1332 1011 1013 1015 1334 1333 1333 1013 1015 1017 1335 1334 1334 1015 1017 1019 1336 1335 1335 1017 1019 1021 1337 1336 1336 1019 1021 1023 1338 1337 1337 1021 1023 
						1025 1339 1338 1338 1023 1025 1027 1340 1339 1339 1025 1027 1029 1341 1340 1340 1027 1029 1031 1342 1341 1341 1029 1031 1033 1343 1342 1342 1031 1033 1035 1344 1343 1343 1033 1035 959 1306 1344 1344 1035 959 1348 1345 1346 1346 1347 1348 1347 1346 1349 1349 1350 1347 1350 1349 1351 1351 1352 1350 1352 1351 1353 1353 1354 1352 1354 1353 1355 1355 1356 1354 1356 1355 1357 1357 1358 1356 1358 1357 1359 1359 1360 1358 1360 1359 1361 1361 1362 1360 1362 1361 1363 1363 1364 1362 1364 1363 1365 1365 1366 1364 1366 1365 1367 1367 1368 1366 1368 1367 1369 1369 1370 1368 1370 1369 1371 1371 1372 1370 1372 1371 1373 1373 1374 1372 1374 1373 1375 1375 1376 1374 1376 1375 1377 1377 1378 1376 1378 1377 1379 1379 1380 1378 1380 1379 1381 1381 1382 1380 1382 1381 1383 1383 1384 1382 1388 1385 1386 1386 1387 1388 1387 1386 1389 1389 1390 1387 1390 1389 1391 1391 1392 1390 1392 1391 1393 1393 1394 1392 1394 1393 1395 1395 1396 1394 1396 1395 1397 1397 1398 1396 
						1398 1397 1399 1399 1400 1398 1400 1399 1401 1401 1402 1400 1402 1401 1403 1403 1404 1402 1404 1403 1405 1405 1406 1404 1406 1405 1407 1407 1408 1406 1408 1407 1409 1409 1410 1408 1410 1409 1411 1411 1412 1410 1412 1411 1413 1413 1414 1412 1414 1413 1415 1415 1416 1414 1416 1415 1417 1417 1418 1416 1418 1417 1419 1419 1420 1418 1420 1419 1421 1421 1422 1420 1422 1421 1423 1423 1424 1422 1424 1423 1345 1345 1348 1424 1344 1306 1425 1425 1426 1344 1426 1425 1345 1345 1423 1426 1346 1345 1425 1425 1427 1346 1427 1425 1306 1306 1305 1427 1349 1346 1427 1427 1428 1349 1428 1427 1305 1305 1307 1428 1351 1349 1428 1428 1429 1351 1429 1428 1307 1307 1308 1429 1353 1351 1429 1429 1430 1353 1430 1429 1308 1308 1309 1430 1355 1353 1430 1430 1431 1355 1431 1430 1309 1309 1310 1431 1357 1355 1431 1431 1432 1357 1432 1431 1310 1310 1311 1432 1359 1357 1432 1432 1433 1359 1433 1432 1311 1311 1312 1433 1361 1359 1433 1433 1434 1361 1434 1433 1312 1312 1313 1434 
						1363 1361 1434 1434 1435 1363 1435 1434 1313 1313 1314 1435 1365 1363 1435 1435 1436 1365 1436 1435 1314 1314 1315 1436 1367 1365 1436 1436 1437 1367 1437 1436 1315 1315 1316 1437 1369 1367 1437 1437 1438 1369 1438 1437 1316 1316 1317 1438 1371 1369 1438 1438 1439 1371 1439 1438 1317 1317 1318 1439 1373 1371 1439 1439 1440 1373 1440 1439 1318 1318 1319 1440 1375 1373 1440 1440 1441 1375 1441 1440 1319 1319 1320 1441 1377 1375 1441 1441 1442 1377 1442 1441 1320 1320 1321 1442 1379 1377 1442 1442 1443 1379 1443 1442 1321 1321 1322 1443 1381 1379 1443 1443 1444 1381 1444 1443 1322 1322 1323 1444 1383 1381 1444 1444 1445 1383 1445 1444 1323 1323 1324 1445 1386 1385 1446 1446 1447 1386 1447 1446 1326 1326 1325 1447 1389 1386 1447 1447 1448 1389 1448 1447 1325 1325 1327 1448 1391 1389 1448 1448 1449 1391 1449 1448 1327 1327 1328 1449 1393 1391 1449 1449 1450 1393 1450 1449 1328 1328 1329 1450 1395 1393 1450 1450 1451 1395 1451 1450 1329 1329 1330 1451 
						1397 1395 1451 1451 1452 1397 1452 1451 1330 1330 1331 1452 1399 1397 1452 1452 1453 1399 1453 1452 1331 1331 1332 1453 1401 1399 1453 1453 1454 1401 1454 1453 1332 1332 1333 1454 1403 1401 1454 1454 1455 1403 1455 1454 1333 1333 1334 1455 1405 1403 1455 1455 1456 1405 1456 1455 1334 1334 1335 1456 1407 1405 1456 1456 1457 1407 1457 1456 1335 1335 1336 1457 1409 1407 1457 1457 1458 1409 1458 1457 1336 1336 1337 1458 1411 1409 1458 1458 1459 1411 1459 1458 1337 1337 1338 1459 1413 1411 1459 1459 1460 1413 1460 1459 1338 1338 1339 1460 1415 1413 1460 1460 1461 1415 1461 1460 1339 1339 1340 1461 1417 1415 1461 1461 1462 1417 1462 1461 1340 1340 1341 1462 1419 1417 1462 1462 1463 1419 1463 1462 1341 1341 1342 1463 1421 1419 1463 1463 1464 1421 1464 1463 1342 1342 1343 1464 1423 1421 1464 1464 1426 1423 1426 1464 1343 1343 1344 1426 1468 1465 1466 1466 1467 1468 1467 1466 1469 1469 1470 1467 1474 1471 1472 1472 1473 1474 1473 1472 1475 1475 1476 1473 
						1480 1477 1478 1478 1479 1480 1479 1478 1481 1481 1482 1479 1486 1483 1484 1484 1485 1486 1485 1484 1487 1487 1488 1485 1492 1489 1490 1490 1491 1492 1491 1490 1493 1493 1494 1491 1498 1495 1496 1496 1497 1498 1486 1482 1474 1474 1494 1486 1497 1496 1471 1471 1481 1497 1481 1471 1474 1474 1482 1481 1500 1499 1483 1483 1493 1500 1493 1483 1486 1486 1494 1493 1504 1501 1502 1502 1503 1504 1503 1502 1496 1496 1495 1503 1471 1496 1502 1502 1472 1471 1472 1502 1501 1501 1475 1472 1498 1497 1505 1505 1506 1498 1506 1505 1507 1507 1508 1506 1477 1507 1505 1505 1478 1477 1478 1505 1497 1497 1481 1478 1510 1487 1484 1484 1509 1510 1509 1484 1483 1483 1499 1509 1488 1480 1479 1479 1485 1488 1485 1479 1482 1482 1486 1485 1500 1493 1490 1490 1511 1500 1511 1490 1489 1489 1512 1511 1494 1474 1473 1473 1491 1494 1491 1473 1476 1476 1492 1491 1514 1513 1469 1469 1466 1514 1514 1466 1465 1465 1515 1514 1514 1515 1516 1516 1513 1514 1520 1517 1518 1518 1519 1520 
						1520 1519 1468 1468 1467 1520 1520 1467 1470 1470 1517 1520 1524 1521 1522 1522 1523 1524 1528 1525 1526 1526 1527 1528 1531 1529 1525 1525 1530 1531 1534 1532 1529 1529 1533 1534 1538 1535 1536 1536 1537 1538 1541 1531 1539 1539 1540 1541 1544 1542 1530 1530 1543 1544 1548 1545 1546 1546 1547 1548 1552 1549 1550 1550 1551 1552 1543 1528 1549 1549 1553 1543 1557 1554 1555 1555 1556 1557 1560 1558 1553 1553 1559 1560 1564 1561 1562 1562 1563 1564 1568 1565 1566 1566 1567 1568 1559 1552 1565 1565 1569 1559 1573 1570 1571 1571 1572 1573 1576 1574 1569 1569 1575 1576 1580 1577 1578 1578 1579 1580 1584 1581 1582 1582 1583 1584 1575 1568 1581 1581 1585 1575 1589 1586 1587 1587 1588 1589 1592 1590 1585 1585 1591 1592 1594 1584 1583 1583 1593 1594 1596 1592 1591 1591 1595 1596 1600 1597 1598 1598 1599 1600 1602 1598 1597 1597 1601 1602 1604 1602 1601 1601 1603 1604 1606 1604 1603 1603 1605 1606 1610 1607 1608 1608 1609 1610 1612 1608 1607 1607 1611 1612 
						1614 1610 1609 1609 1613 1614 1616 1612 1611 1611 1615 1616 1618 1614 1613 1613 1617 1618 1533 1618 1617 1617 1534 1533 1620 1606 1605 1605 1619 1620 1540 1620 1619 1619 1541 1540 1593 1621 1622 1622 1594 1593 1624 1622 1621 1621 1623 1624 1595 1624 1623 1623 1596 1595 1628 1625 1626 1626 1627 1628 1523 1626 1625 1625 1524 1523 1630 1548 1547 1547 1629 1630 1632 1630 1629 1629 1631 1632 1634 1628 1627 1627 1633 1634 1636 1632 1631 1631 1635 1636 1638 1564 1563 1563 1637 1638 1640 1638 1637 1637 1639 1640 1642 1640 1639 1639 1641 1642 1537 1643 1644 1644 1538 1537 1633 1644 1643 1643 1634 1633 1646 1636 1635 1635 1645 1646 1556 1646 1645 1645 1557 1556 1648 1642 1641 1641 1647 1648 1572 1648 1647 1647 1573 1572 1650 1580 1579 1579 1649 1650 1652 1650 1649 1649 1651 1652 1654 1652 1651 1651 1653 1654 1656 1654 1653 1653 1655 1656 1588 1656 1655 1655 1589 1588 1543 1530 1525 1525 1528 1543 1559 1553 1549 1549 1552 1559 1575 1569 1565 1565 1568 1575 
						1600 1615 1611 1611 1597 1600 1605 1603 1610 1610 1614 1605 1531 1541 1533 1533 1529 1531 1597 1611 1607 1607 1601 1597 1601 1607 1610 1610 1603 1601 1605 1614 1618 1618 1619 1605 1619 1618 1533 1533 1541 1619 1547 1524 1625 1625 1629 1547 1629 1625 1628 1628 1631 1629 1635 1634 1643 1643 1645 1635 1645 1643 1537 1537 1557 1645 1658 1516 1515 1515 1657 1658 1657 1515 1465 1465 1659 1657 1661 1468 1519 1519 1660 1661 1660 1519 1518 1518 1662 1660 1661 1659 1465 1465 1468 1661 1546 1521 1524 1524 1547 1546 1631 1628 1634 1634 1635 1631 1557 1537 1536 1536 1554 1557 1562 1545 1548 1548 1563 1562 1639 1632 1636 1636 1641 1639 1573 1556 1555 1555 1570 1573 1578 1561 1564 1564 1579 1578 1651 1640 1642 1642 1653 1651 1589 1572 1571 1571 1586 1589 1658 1577 1580 1580 1516 1658 1469 1652 1654 1654 1470 1469 1518 1588 1587 1587 1662 1518 1504 1663 1664 1664 1501 1504 1666 1508 1507 1507 1665 1666 1668 1667 1480 1480 1488 1668 1492 1476 1669 1669 1670 1492 
						1522 1671 1510 1510 1523 1522 1627 1499 1500 1500 1633 1627 1538 1512 1672 1672 1535 1538 1501 1664 1673 1673 1475 1501 1475 1673 1669 1669 1476 1475 1480 1667 1674 1674 1477 1480 1477 1674 1665 1665 1507 1477 1668 1488 1487 1487 1675 1668 1675 1487 1510 1510 1671 1675 1672 1512 1489 1489 1676 1672 1676 1489 1492 1492 1670 1676 1591 1585 1581 1591 1581 1584 1591 1584 1594 1591 1594 1622 1591 1622 1624 1624 1595 1591 1563 1548 1630 1630 1637 1563 1637 1630 1632 1632 1639 1637 1641 1636 1646 1646 1647 1641 1647 1646 1556 1556 1573 1647 1579 1564 1638 1638 1649 1579 1649 1638 1640 1640 1651 1649 1653 1642 1648 1648 1655 1653 1655 1648 1572 1572 1589 1655 1516 1580 1650 1650 1513 1516 1513 1650 1652 1652 1469 1513 1470 1654 1656 1656 1517 1470 1517 1656 1588 1588 1518 1517 1499 1627 1626 1626 1509 1499 1509 1626 1523 1523 1510 1509 1512 1538 1644 1644 1511 1512 1511 1644 1633 1633 1500 1511 1532 1526 1525 1525 1529 1532 1542 1539 1531 1531 1530 1542 
						1527 1550 1549 1549 1528 1527 1558 1544 1543 1543 1553 1558 1551 1566 1565 1565 1552 1551 1574 1560 1559 1559 1569 1574 1567 1582 1581 1581 1568 1567 1590 1576 1575 1575 1585 1590 1680 1677 1678 1678 1679 1680 1683 1681 1677 1677 1682 1683 1686 1680 1684 1684 1685 1686 1688 1687 1682 1682 1686 1688 1692 1689 1690 1690 1691 1692 1695 1693 1689 1689 1694 1695 1698 1690 1696 1696 1697 1698 1701 1698 1699 1699 1700 1701 1704 1699 1702 1702 1703 1704 1707 1705 1694 1694 1706 1707 1710 1708 1705 1705 1709 1710 1713 1711 1709 1709 1712 1713 1717 1714 1715 1715 1716 1717 1706 1692 1714 1714 1718 1706 1719 1715 1691 1691 1701 1719 1722 1719 1720 1720 1721 1722 1724 1720 1700 1700 1723 1724 1728 1725 1726 1726 1727 1728 1729 1726 1712 1712 1707 1729 1731 1729 1718 1718 1730 1731 1730 1717 1732 1732 1733 1730 1736 1732 1734 1734 1735 1736 1739 1736 1737 1737 1738 1739 1733 1739 1740 1740 1741 1733 1682 1677 1680 1680 1686 1682 1733 1732 1736 1736 1739 1733 
						1691 1690 1698 1698 1701 1691 1700 1699 1704 1704 1723 1700 1712 1709 1705 1705 1707 1712 1706 1694 1689 1689 1692 1706 1716 1715 1719 1719 1722 1716 1721 1720 1724 1724 1742 1721 1727 1726 1729 1729 1731 1727 1730 1718 1714 1714 1717 1730 1678 1677 1681 1684 1680 1679 1683 1682 1687 1688 1686 1685 1690 1689 1693 1693 1696 1690 1699 1698 1697 1697 1702 1699 1694 1705 1708 1708 1695 1694 1709 1711 1743 1743 1710 1709 1715 1714 1692 1692 1691 1715 1720 1719 1701 1701 1700 1720 1726 1725 1713 1713 1712 1726 1718 1729 1707 1707 1706 1718 1717 1734 1732 1736 1735 1737 1739 1738 1740 1733 1741 1730 1747 1744 1745 1745 1746 1747 1744 1747 1748 1748 1749 1744 1749 1748 1750 1750 1751 1749 1751 1750 1752 1752 1753 1751 1752 1754 1755 1755 1753 1752 1758 1756 1679 1679 1757 1758 1678 1759 1757 1757 1679 1678 1759 1678 1746 1746 1745 1759 1761 1708 1710 1710 1760 1761 1743 1762 1760 1760 1710 1743 1702 1763 1764 1764 1703 1702 1697 1765 1763 1763 1702 1697 
						1696 1766 1765 1765 1697 1696 1693 1767 1766 1766 1696 1693 1693 1695 1768 1768 1767 1693 1708 1761 1768 1768 1695 1708 1772 1769 1770 1770 1771 1772 1769 1773 1774 1774 1775 1769 1773 1776 1777 1777 1778 1773 1775 1779 1780 1780 1781 1775 1784 1774 1782 1782 1783 1784 1788 1785 1786 1786 1787 1788 1778 1789 1790 1790 1782 1778 1794 1791 1792 1792 1793 1794 1774 1773 1778 1778 1782 1774 1791 1788 1787 1787 1792 1791 1770 1769 1775 1775 1781 1770 1780 1779 1794 1794 1793 1780 1772 1771 1795 1795 1796 1772 1769 1776 1773 1784 1775 1774 1777 1789 1778 1790 1783 1782 1800 1797 1798 1798 1799 1800 1797 1801 1802 1802 1803 1797 1801 1804 1805 1805 1806 1801 1803 1807 1808 1808 1809 1803 1812 1802 1810 1810 1811 1812 1816 1813 1814 1814 1815 1816 1806 1817 1818 1818 1810 1806 1822 1819 1820 1820 1821 1822 1802 1801 1806 1806 1810 1802 1819 1816 1815 1815 1820 1819 1798 1797 1803 1803 1809 1798 1808 1807 1822 1822 1821 1808 1800 1799 1823 1823 1824 1800 
						1797 1804 1801 1812 1803 1802 1805 1817 1806 1818 1811 1810 1828 1825 1826 1826 1827 1828 1825 1829 1830 1830 1831 1825 1829 1832 1833 1833 1834 1829 1831 1835 1836 1836 1837 1831 1840 1830 1838 1838 1839 1840 1844 1841 1842 1842 1843 1844 1834 1845 1846 1846 1838 1834 1850 1847 1848 1848 1849 1850 1830 1829 1834 1834 1838 1830 1847 1844 1843 1843 1848 1847 1826 1825 1831 1831 1837 1826 1836 1835 1850 1850 1849 1836 1828 1827 1851 1851 1852 1828 1825 1832 1829 1840 1831 1830 1833 1845 1834 1846 1839 1838 1856 1853 1854 1854 1855 1856 1853 1857 1858 1858 1859 1853 1857 1860 1861 1861 1862 1857 1859 1863 1864 1864 1865 1859 1868 1858 1866 1866 1867 1868 1872 1869 1870 1870 1871 1872 1862 1873 1874 1874 1866 1862 1878 1875 1876 1876 1877 1878 1858 1857 1862 1862 1866 1858 1875 1872 1871 1871 1876 1875 1854 1853 1859 1859 1865 1854 1864 1863 1878 1878 1877 1864 1856 1855 1879 1879 1880 1856 1853 1860 1857 1868 1859 1858 1861 1873 1862 1874 1867 1866 
						1884 1881 1882 1882 1883 1884 1881 1885 1886 1886 1887 1881 1885 1888 1889 1889 1890 1885 1887 1891 1892 1892 1893 1887 1896 1886 1894 1894 1895 1896 1900 1897 1898 1898 1899 1900 1890 1901 1902 1902 1894 1890 1906 1903 1904 1904 1905 1906 1886 1885 1890 1890 1894 1886 1903 1900 1899 1899 1904 1903 1882 1881 1887 1887 1893 1882 1892 1891 1906 1906 1905 1892 1884 1883 1907 1907 1908 1884 1881 1888 1885 1896 1887 1886 1889 1901 1890 1902 1895 1894 1912 1909 1910 1910 1911 1912 1909 1913 1914 1914 1915 1909 1913 1916 1917 1917 1918 1913 1915 1919 1920 1920 1921 1915 1924 1914 1922 1922 1923 1924 1928 1925 1926 1926 1927 1928 1918 1929 1930 1930 1922 1918 1934 1931 1932 1932 1933 1934 1914 1913 1918 1918 1922 1914 1931 1928 1927 1927 1932 1931 1910 1909 1915 1915 1921 1910 1920 1919 1934 1934 1933 1920 1912 1911 1935 1935 1936 1912 1909 1916 1913 1924 1915 1914 1917 1929 1918 1930 1923 1922 1940 1937 1938 1938 1939 1940 1937 1941 1942 1942 1943 1937 
						1941 1944 1945 1945 1946 1941 1943 1947 1948 1948 1949 1943 1952 1942 1950 1950 1951 1952 1956 1953 1954 1954 1955 1956 1946 1957 1958 1958 1950 1946 1962 1959 1960 1960 1961 1962 1942 1941 1946 1946 1950 1942 1959 1956 1955 1955 1960 1959 1938 1937 1943 1943 1949 1938 1948 1947 1962 1962 1961 1948 1940 1939 1963 1963 1964 1940 1937 1944 1941 1952 1943 1942 1945 1957 1946 1958 1951 1950 1968 1965 1966 1966 1967 1968 1965 1969 1970 1970 1971 1965 1969 1972 1973 1973 1974 1969 1971 1975 1976 1976 1977 1971 1980 1970 1978 1978 1979 1980 1984 1981 1982 1982 1983 1984 1974 1985 1986 1986 1978 1974 1990 1987 1988 1988 1989 1990 1970 1969 1974 1974 1978 1970 1987 1984 1983 1983 1988 1987 1966 1965 1971 1971 1977 1966 1976 1975 1990 1990 1989 1976 1968 1967 1991 1991 1992 1968 1965 1972 1969 1980 1971 1970 1973 1985 1974 1986 1979 1978 1996 1993 1994 1994 1995 1996 1999 1997 1995 1995 1998 1999 2002 1996 2000 2000 2001 2002 1998 2003 2004 2004 2005 1998 
						2009 2006 2007 2007 2008 2009 2011 2002 2001 2001 2010 2011 2013 2009 2008 2008 2012 2013 2017 2014 2015 2015 2016 2017 2020 2018 2016 2016 2019 2020 2023 2017 2021 2021 2022 2023 2026 2024 2025 2025 2023 2026 2030 2027 2028 2028 2029 2030 2032 2030 2029 2029 2031 2032 2034 2011 2010 2010 2033 2034 2019 2034 2033 2033 2020 2019 2031 2013 2012 2012 2032 2031 2033 2010 2013 2013 2031 2033 2014 2017 2023 2023 2025 2014 1998 1995 1994 1994 2003 1998 2015 1993 1996 2015 1996 2002 2015 2002 2011 2015 2011 2034 2015 2034 2019 2019 2016 2015 2006 2009 2001 2001 2000 2006 2028 2018 2020 2020 2029 2028 2032 2012 2008 2032 2008 2007 2032 2007 2035 2032 2035 2036 2032 2036 2027 2027 2030 2032 2013 2010 2001 2001 2009 2013 2029 2020 2033 2033 2031 2029 1997 1996 1995 1998 2005 1999 2021 2017 2016 2022 2026 2023 2040 2037 2038 2038 2039 2040 2037 2041 2042 2042 2043 2037 2046 2038 2044 2044 2045 2046 2043 2047 2048 2048 2044 2043 2052 2049 2050 2050 2051 2052 
						2049 2053 2054 2054 2055 2049 2058 2052 2056 2056 2057 2058 2061 2056 2059 2059 2060 2061 2064 2061 2062 2062 2063 2064 2055 2065 2066 2066 2067 2055 2065 2068 2069 2069 2070 2065 2070 2071 2072 2072 2073 2070 2077 2074 2075 2075 2076 2077 2074 2050 2067 2067 2078 2074 2051 2077 2079 2079 2059 2051 2082 2079 2080 2080 2081 2082 2060 2082 2083 2083 2084 2060 2088 2085 2086 2086 2087 2088 2073 2088 2089 2089 2066 2073 2078 2089 2090 2090 2091 2078 2093 2075 2091 2091 2092 2093 2096 2093 2094 2094 2095 2096 2099 2094 2097 2097 2098 2099 2101 2097 2092 2092 2100 2101 2038 2037 2043 2043 2044 2038 2094 2093 2092 2092 2097 2094 2056 2052 2051 2051 2059 2056 2062 2061 2060 2060 2084 2062 2065 2070 2073 2073 2066 2065 2049 2055 2067 2067 2050 2049 2079 2077 2076 2076 2080 2079 2083 2082 2081 2081 2102 2083 2089 2088 2087 2087 2090 2089 2074 2078 2091 2091 2075 2074 2040 2041 2037 2046 2039 2038 2042 2047 2043 2048 2045 2044 2053 2049 2052 2052 2058 2053 
						2057 2056 2061 2061 2064 2057 2068 2065 2055 2055 2054 2068 2103 2071 2070 2070 2069 2103 2050 2074 2077 2077 2051 2050 2059 2079 2082 2082 2060 2059 2072 2085 2088 2088 2073 2072 2066 2089 2078 2078 2067 2066 2075 2093 2096 2094 2099 2095 2097 2101 2098 2092 2091 2100 2107 2104 2105 2105 2106 2107 2109 2105 2104 2104 2108 2109 2111 2109 2108 2108 2110 2111 2113 2111 2110 2110 2112 2113 2115 2114 2113 2113 2112 2115 2039 2116 2117 2117 2118 2039 2118 2119 2040 2040 2039 2118 2106 2040 2119 2119 2107 2106 2069 2068 2120 2120 2121 2069 2121 2122 2103 2103 2069 2121 2124 2123 2064 2064 2063 2124 2123 2125 2057 2057 2064 2123 2125 2126 2058 2058 2057 2125 2126 2127 2053 2053 2058 2126 2128 2054 2053 2053 2127 2128 2128 2120 2068 2068 2054 2128 2129 2130 2131 2129 2131 2132 2129 2132 2133 2134 2135 2136 2134 2136 2137 2134 2137 2138 2142 2139 2140 2140 2141 2142 2141 2140 2143 2143 2144 2141 2148 2145 2146 2146 2147 2148 2147 2146 2149 2149 2150 2147 
						2154 2151 2152 2152 2153 2154 2153 2155 2156 2156 2157 2153 2160 2154 2158 2158 2159 2160 2159 2158 2161 2161 2162 2159 2165 2160 2163 2163 2164 2165 2168 2163 2166 2166 2167 2168 2172 2169 2170 2170 2171 2172 2171 2170 2173 2173 2174 2171 2178 2175 2176 2176 2177 2178 2177 2176 2179 2179 2180 2177 2144 2143 2135 2144 2135 2134 2134 2181 2144 2133 2145 2148 2133 2148 2182 2182 2129 2133 2142 2150 2149 2149 2139 2142 2154 2160 2165 2165 2151 2154 2184 2139 2149 2149 2183 2184 2184 2183 2185 2185 2186 2184 2186 2185 2187 2187 2188 2186 2190 2138 2137 2137 2189 2190 2189 2137 2136 2136 2179 2189 2179 2136 2135 2135 2180 2179 2178 2188 2187 2187 2191 2178 2156 2138 2190 2190 2157 2156 2161 2192 2172 2172 2162 2161 2166 2174 2130 2130 2167 2166 2196 2193 2194 2196 2194 2145 2196 2145 2133 2133 2195 2196 2199 2197 2198 2199 2198 2180 2199 2180 2135 2135 2143 2199 2195 2133 2132 2132 2200 2195 2200 2132 2131 2131 2173 2200 2173 2131 2130 2130 2174 2173 
						2178 2191 2201 2201 2175 2178 2175 2201 2169 2169 2202 2175 2202 2169 2172 2172 2192 2202 2199 2143 2140 2140 2203 2199 2203 2140 2139 2139 2184 2203 2183 2149 2146 2146 2204 2183 2204 2146 2145 2145 2194 2204 2185 2183 2204 2204 2205 2185 2205 2204 2194 2194 2193 2205 2197 2199 2203 2203 2206 2197 2206 2203 2184 2184 2186 2206 2187 2185 2205 2205 2207 2187 2207 2205 2193 2193 2196 2207 2198 2197 2206 2206 2208 2198 2208 2206 2186 2186 2188 2208 2195 2200 2209 2209 2210 2195 2210 2209 2201 2201 2191 2210 2191 2187 2207 2207 2210 2191 2210 2207 2196 2196 2195 2210 2169 2201 2209 2209 2170 2169 2170 2209 2200 2200 2173 2170 2174 2166 2211 2211 2171 2174 2171 2211 2162 2162 2172 2171 2192 2161 2212 2212 2213 2192 2213 2212 2157 2157 2190 2213 2202 2192 2213 2213 2214 2202 2214 2213 2190 2190 2189 2214 2175 2202 2214 2214 2176 2175 2176 2214 2189 2189 2179 2176 2180 2198 2208 2208 2177 2180 2177 2208 2188 2188 2178 2177 2215 2153 2157 2157 2212 2215 
						2215 2212 2161 2161 2158 2215 2215 2158 2154 2154 2153 2215 2216 2159 2162 2162 2211 2216 2216 2211 2166 2166 2163 2216 2216 2163 2160 2160 2159 2216 2220 2217 2218 2218 2219 2220 2224 2221 2222 2222 2223 2224 2228 2225 2226 2226 2227 2228 2219 2218 2229 2229 2230 2219 2232 2231 2217 2217 2220 2232 2236 2233 2234 2234 2235 2236 2240 2237 2238 2238 2239 2240 2244 2241 2242 2242 2243 2244 2235 2234 2245 2245 2246 2235 2248 2247 2233 2233 2236 2248 2252 2249 2250 2250 2251 2252 2256 2253 2254 2254 2255 2256 2260 2257 2258 2258 2259 2260 2251 2250 2261 2261 2262 2251 2264 2263 2249 2249 2252 2264 2268 2265 2266 2266 2267 2268 2272 2269 2270 2270 2271 2272 2276 2273 2274 2274 2275 2276 2267 2266 2277 2277 2278 2267 2280 2279 2265 2265 2268 2280 2284 2281 2282 2282 2283 2284 2288 2285 2286 2286 2287 2288 2292 2289 2290 2290 2291 2292 2283 2282 2293 2293 2294 2283 2296 2295 2281 2281 2284 2296 2300 2297 2298 2298 2299 2300 2304 2301 2302 2302 2303 2304 
						2308 2305 2306 2306 2307 2308 2299 2298 2309 2309 2310 2299 2312 2311 2297 2297 2300 2312 2316 2313 2314 2314 2315 2316 2320 2317 2318 2318 2319 2320 2324 2321 2322 2322 2323 2324 2315 2314 2325 2325 2326 2315 2328 2327 2313 2313 2316 2328 2332 2329 2330 2330 2331 2332 2336 2333 2334 2334 2335 2336 2340 2337 2338 2338 2339 2340 2331 2330 2341 2341 2342 2331 2344 2343 2329 2329 2332 2344 2348 2345 2346 2346 2347 2348 2352 2349 2350 2350 2351 2352 2356 2353 2354 2354 2355 2356 2347 2346 2357 2357 2358 2347 2360 2359 2345 2345 2348 2360 2364 2361 2362 2362 2363 2364 2368 2365 2366 2366 2367 2368 2372 2369 2370 2370 2371 2372 2363 2362 2373 2373 2374 2363 2376 2375 2361 2361 2364 2376 2380 2377 2378 2378 2379 2380 2384 2381 2382 2382 2383 2384 2388 2385 2386 2386 2387 2388 2379 2378 2389 2389 2390 2379 2392 2391 2377 2377 2380 2392 2396 2393 2394 2394 2395 2396 2400 2397 2398 2398 2399 2400 2404 2401 2402 2402 2403 2404 2395 2394 2405 2405 2406 2395 
						2408 2407 2393 2393 2396 2408 2412 2409 2410 2410 2411 2412 2416 2413 2414 2414 2415 2416 2420 2417 2418 2418 2419 2420 2411 2410 2421 2421 2422 2411 2424 2423 2409 2409 2412 2424 2428 2425 2426 2426 2427 2428 2432 2429 2430 2430 2431 2432 2436 2433 2434 2434 2435 2436 2427 2426 2437 2437 2438 2427 2440 2439 2425 2425 2428 2440 2444 2441 2442 2442 2443 2444 2446 2444 2443 2443 2445 2446 2448 2446 2445 2445 2447 2448 2441 2449 2450 2450 2442 2441 2452 2449 2441 2441 2451 2452 2451 2441 2444 2444 2453 2451 2453 2444 2446 2446 2454 2453 2454 2446 2448 2448 2455 2454 2457 2442 2450 2450 2456 2457 2459 2447 2445 2445 2458 2459 2458 2445 2443 2443 2460 2458 2460 2443 2442 2442 2457 2460 2464 2461 2462 2462 2463 2464 2466 2464 2463 2463 2465 2466 2468 2466 2465 2465 2467 2468 2461 2469 2470 2470 2462 2461 2472 2469 2461 2461 2471 2472 2471 2461 2464 2464 2473 2471 2473 2464 2466 2466 2474 2473 2474 2466 2468 2468 2475 2474 2477 2462 2470 2470 2476 2477 
						2479 2467 2465 2465 2478 2479 2478 2465 2463 2463 2480 2478 2480 2463 2462 2462 2477 2480 2482 2477 2476 2476 2481 2482 2484 2479 2478 2478 2483 2484 2483 2478 2480 2480 2485 2483 2485 2480 2477 2477 2482 2485 2489 2486 2487 2487 2488 2489 2491 2489 2488 2488 2490 2491 2493 2491 2490 2490 2492 2493 2486 2494 2495 2495 2487 2486 2497 2494 2486 2486 2496 2497 2496 2486 2489 2489 2498 2496 2498 2489 2491 2491 2499 2498 2499 2491 2493 2493 2500 2499 2502 2487 2495 2495 2501 2502 2504 2492 2490 2490 2503 2504 2503 2490 2488 2488 2505 2503 2505 2488 2487 2487 2502 2505 2507 2502 2501 2501 2506 2507 2509 2504 2503 2503 2508 2509 2508 2503 2505 2505 2510 2508 2510 2505 2502 2502 2507 2510 2514 2511 2512 2512 2513 2514 2516 2514 2513 2513 2515 2516 2518 2516 2515 2515 2517 2518 2511 2519 2520 2520 2512 2511 2522 2519 2511 2511 2521 2522 2521 2511 2514 2514 2523 2521 2523 2514 2516 2516 2524 2523 2524 2516 2518 2518 2525 2524 2527 2512 2520 2520 2526 2527 
						2529 2517 2515 2515 2528 2529 2528 2515 2513 2513 2530 2528 2530 2513 2512 2512 2527 2530 2532 2527 2526 2526 2531 2532 2534 2529 2528 2528 2533 2534 2533 2528 2530 2530 2535 2533 2535 2530 2527 2527 2532 2535 2539 2536 2537 2537 2538 2539 2541 2539 2538 2538 2540 2541 2543 2541 2540 2540 2542 2543 2536 2544 2545 2545 2537 2536 2547 2544 2536 2536 2546 2547 2546 2536 2539 2539 2548 2546 2548 2539 2541 2541 2549 2548 2549 2541 2543 2543 2550 2549 2552 2537 2545 2545 2551 2552 2554 2542 2540 2540 2553 2554 2553 2540 2538 2538 2555 2553 2555 2538 2537 2537 2552 2555 2557 2552 2551 2551 2556 2557 2559 2554 2553 2553 2558 2559 2558 2553 2555 2555 2560 2558 2560 2555 2552 2552 2557 2560 2564 2561 2562 2562 2563 2564 2567 2565 2561 2561 2566 2567 2570 2568 2565 2565 2569 2570 2573 2571 2566 2566 2572 2573 2576 2567 2574 2574 2575 2576 2580 2577 2578 2578 2579 2580 2581 2578 2569 2569 2576 2581 2584 2581 2582 2582 2583 2584 2569 2565 2567 2567 2576 2569 
						2579 2578 2581 2581 2584 2579 2566 2561 2564 2564 2572 2566 2575 2574 2585 2585 2586 2575 2588 2587 2568 2568 2570 2588 2561 2565 2562 2571 2567 2566 2577 2569 2578 2581 2576 2582 
					</p>
				</polylist>
			</mesh>
		</geometry>
	</library_geometries>
	<library_visual_scenes>
		<visual_scene id="RootNode" name="RootNode">
			<node id="Banjo" name="Banjo">
				<matrix>1.000000 0.000000 0.000000 0.000000 0.000000 0.000000 1.000000 0.000000 0.000000 -1.000000 0.000000 -0.000000 0.000000 0.000000 0.000000 1.000000</matrix>
				<instance_geometry url="#meshId0">
					<bind_material>
						<technique_common>
							<instance_material symbol="defaultMaterial" target="#Banjo_Mat1" />
						</technique_common>
					</bind_material>
				</instance_geometry>
			</node>
		</visual_scene>
	</library_visual_scenes>
	<scene>
		<instance_visual_scene url="#RootNode" />
	</scene>
</COLLADA>
